gender,SeniorCitizen,Partner,Dependents,tenure,PhoneService,PaperlessBilling,MonthlyCharges,TotalCharges,Churn,MultipleLines_No phone service,MultipleLines_Yes,InternetService_Fiber optic,InternetService_No,OnlineSecurity_No internet service,OnlineSecurity_Yes,OnlineBackup_No internet service,OnlineBackup_Yes,DeviceProtection_No internet service,DeviceProtection_Yes,TechSupport_No internet service,TechSupport_Yes,StreamingTV_No internet service,StreamingTV_Yes,StreamingMovies_No internet service,StreamingMovies_Yes,Contract_One year,Contract_Two year,PaymentMethod_Credit card (automatic),PaymentMethod_Electronic check,PaymentMethod_Mailed check,Churn_Probability
0,0,1,0,1,0,1,29.85,29.85,0,1,0,0,0,0,0,0,1,0,0,0,0,0,0,0,0,0,0,0,1,0,0.6396724018169256
1,0,0,0,34,1,0,56.95,1889.5,0,0,0,0,0,0,1,0,0,0,1,0,0,0,0,0,0,1,0,0,0,1,0.03865229126794768
1,0,0,0,2,1,1,53.85,108.15,1,0,0,0,0,0,1,0,1,0,0,0,0,0,0,0,0,0,0,0,0,1,0.2860288136604793
1,0,0,0,45,0,0,42.3,1840.75,0,1,0,0,0,0,1,0,0,0,1,0,1,0,0,0,0,1,0,0,0,0,0.02554218260936749
0,0,0,0,2,1,1,70.7,151.65,1,0,0,1,0,0,0,0,0,0,0,0,0,0,0,0,0,0,0,0,1,0,0.6874446035932896
0,0,0,0,8,1,1,99.65,820.5,1,0,1,1,0,0,0,0,0,0,1,0,0,0,1,0,1,0,0,0,1,0,0.7885585398331135
1,0,0,1,22,1,1,89.1,1949.4,0,0,1,1,0,0,0,0,1,0,0,0,0,0,1,0,0,0,0,1,0,0,0.46183802380695455
0,0,0,0,10,0,0,29.75,301.9,0,1,0,0,0,0,1,0,0,0,0,0,0,0,0,0,0,0,0,0,0,1,0.2997229076795176
0,0,1,0,28,1,1,104.8,3046.05,1,0,1,1,0,0,0,0,0,0,1,0,1,0,1,0,1,0,0,0,1,0,0.6087794562597669
1,0,0,1,62,1,0,56.15,3487.95,0,0,0,0,0,0,1,0,1,0,0,0,0,0,0,0,0,1,0,0,0,0,0.009660293235047426
1,0,1,1,13,1,1,49.95,587.45,0,0,0,0,0,0,1,0,0,0,0,0,0,0,0,0,0,0,0,0,0,1,0.18630152156403545
1,0,0,0,16,1,0,18.95,326.8,0,0,0,0,1,1,0,1,0,1,0,1,0,1,0,1,0,0,1,1,0,0,0.029791929578585823
1,0,1,0,58,1,0,100.35,5681.1,0,0,1,1,0,0,0,0,0,0,1,0,0,0,1,0,1,1,0,1,0,0,0.17354722330599667
1,0,0,0,49,1,1,103.7,5036.3,1,0,1,1,0,0,0,0,1,0,1,0,0,0,1,0,1,0,0,0,0,0,0.44314509446825057
1,0,0,0,25,1,1,105.5,2686.05,0,0,0,1,0,0,1,0,0,0,1,0,1,0,1,0,1,0,0,0,1,0,0.43859332436097764
0,0,1,1,69,1,0,113.25,7895.15,0,0,1,1,0,0,1,0,1,0,1,0,1,0,1,0,1,0,1,1,0,0,0.0381293845880678
0,0,0,0,52,1,0,20.65,1022.95,0,0,0,0,1,1,0,1,0,1,0,1,0,1,0,1,0,1,0,0,0,1,0.008402631575975122
1,0,0,1,71,1,0,106.7,7382.25,0,0,1,1,0,0,1,0,0,0,1,0,0,0,1,0,1,0,1,0,0,0,0.05002379807332081
0,0,1,1,10,1,0,55.2,528.35,1,0,0,0,0,0,0,0,0,0,1,0,1,0,0,0,0,0,0,1,0,0,0.16423148580510405
0,0,0,0,21,1,1,90.05,1862.9,0,0,0,1,0,0,0,0,1,0,1,0,0,0,0,0,1,0,0,0,1,0,0.5734657552935056
1,1,0,0,1,0,1,39.65,39.65,1,1,0,0,0,0,0,0,0,0,1,0,0,0,0,0,1,0,0,0,1,0,0.7504545417074198
1,0,1,0,12,1,0,19.8,202.25,0,0,0,0,1,1,0,1,0,1,0,1,0,1,0,1,0,1,0,0,0,0,0.07052258124915375
1,0,0,0,1,1,0,20.15,20.15,1,0,0,0,1,1,0,1,0,1,0,1,0,1,0,1,0,0,0,0,0,1,0.2070237911027144
0,0,1,0,58,1,1,59.9,3505.1,0,0,1,0,0,0,0,0,1,0,0,0,1,0,0,0,0,0,1,1,0,0,0.0144199104247778
1,0,1,1,49,1,0,59.6,2970.3,0,0,0,0,0,0,1,0,1,0,0,0,1,0,0,0,0,0,0,1,0,0,0.022830340909592697
0,0,0,0,30,1,1,55.3,1530.6,0,0,0,0,0,0,1,0,1,0,0,0,0,0,0,0,0,0,0,0,0,0,0.11346058504062906
1,0,1,1,47,1,1,99.35,4749.15,1,0,1,1,0,0,0,0,1,0,0,0,0,0,1,0,1,0,0,0,1,0,0.4797297672879213
1,0,1,1,1,0,0,30.2,30.2,1,1,0,0,0,0,0,0,1,0,0,0,0,0,0,0,0,0,0,0,1,0,0.5115956157805744
1,0,1,0,72,1,1,90.25,6369.45,0,0,1,0,0,0,1,0,1,0,1,0,1,0,1,0,1,0,1,1,0,0,0.014635678230278627
0,0,0,1,17,1,1,64.7,1093.1,1,0,0,0,0,0,0,0,0,0,0,0,0,0,1,0,1,0,0,0,0,1,0.3430391992408992
0,1,1,0,71,1,1,96.35,6766.95,0,0,1,1,0,0,1,0,1,0,1,0,1,0,0,0,0,0,1,1,0,0,0.031018972798109994
1,1,1,0,2,1,1,95.5,181.65,0,0,0,1,0,0,0,0,0,0,1,0,0,0,1,0,1,0,0,1,0,0,0.755051195765217
0,0,1,1,27,1,0,66.15,1874.45,0,0,0,0,0,0,1,0,1,0,1,0,1,0,0,0,0,1,0,0,0,1,0.029901903747259696
1,0,0,0,1,1,0,20.2,20.2,0,0,0,0,1,1,0,1,0,1,0,1,0,1,0,1,0,0,0,0,0,0,0.2165232141530584
1,1,0,0,1,1,0,45.25,45.25,0,0,0,0,0,0,0,0,0,0,0,0,0,0,0,0,0,0,0,0,0,0,0.4320944811041287
0,0,1,1,72,1,0,99.9,7251.7,0,0,1,1,0,0,1,0,1,0,0,0,1,0,1,0,0,0,1,0,0,0,0.023874833325236502
1,0,0,0,5,1,1,69.7,316.9,1,0,0,1,0,0,0,0,0,0,0,0,0,0,0,0,0,0,0,0,1,0,0.6544799295725667
0,0,0,0,46,1,1,74.8,3548.3,0,0,0,1,0,0,0,0,0,0,1,0,0,0,0,0,0,0,0,1,0,0,0.23483598542963274
1,0,0,0,34,1,1,106.35,3549.25,1,0,1,1,0,0,0,0,1,0,1,0,0,0,1,0,1,0,0,0,1,0,0.6095577397367984
0,0,0,0,11,1,1,97.85,1105.4,1,0,1,1,0,0,0,0,0,0,1,0,0,0,1,0,1,0,0,0,0,0,0.7259511145249808
1,0,1,1,10,1,0,49.55,475.7,0,0,0,0,0,0,0,0,1,0,0,0,0,0,0,0,0,1,0,0,0,1,0.11637559978918707
0,0,1,1,70,1,1,69.2,4872.35,0,0,1,0,0,0,1,0,1,0,0,0,0,0,1,0,0,0,1,1,0,0,0.010730770263713987
0,0,1,1,17,1,0,20.75,418.25,0,0,0,0,1,1,0,1,0,1,0,1,0,1,0,1,0,1,0,0,0,1,0.04479127348363321
0,0,0,0,63,1,1,79.85,4861.45,0,0,1,0,0,0,1,0,1,0,1,0,1,0,1,0,0,0,1,1,0,0,0.012162379652566271
0,0,1,0,13,1,1,76.2,981.45,0,0,1,0,0,0,1,0,1,0,0,0,1,0,1,0,0,0,0,0,1,0,0.29156702907137266
0,0,0,0,49,1,1,84.5,3906.7,0,0,1,1,0,0,0,0,0,0,0,0,0,0,0,0,1,0,0,0,1,0,0.41060542838412206
1,0,0,0,2,1,0,49.25,97.0,0,0,0,0,0,0,0,0,1,0,0,0,0,0,0,0,0,0,0,0,0,1,0.32152350625495907
0,0,0,0,2,1,1,80.65,144.15,1,0,0,1,0,0,0,0,0,0,0,0,0,0,1,0,0,0,0,0,1,0,0.733705415603735
1,0,0,0,52,1,1,79.75,4217.8,0,0,1,0,0,0,1,0,0,0,0,0,1,0,1,0,1,0,1,1,0,0,0.026931161285845544
0,0,1,1,69,1,1,64.15,4254.1,0,0,1,0,0,0,1,0,0,0,1,0,1,0,0,0,0,0,1,1,0,0,0.005464734153642254
0,1,0,0,43,1,1,90.25,3838.75,0,0,1,1,0,0,0,0,1,0,0,0,0,0,1,0,0,0,0,0,1,0,0.521170239838934
0,0,0,0,15,1,1,99.1,1426.4,1,0,0,1,0,0,1,0,1,0,0,0,0,0,1,0,1,0,0,1,0,0,0.4820575849726611
0,1,1,0,25,1,1,69.5,1752.65,0,0,1,0,0,0,1,0,0,0,0,0,1,0,1,0,0,0,0,1,0,0,0.2043345444143727
0,1,1,0,8,1,1,80.65,633.3,1,0,1,1,0,0,0,0,1,0,0,0,0,0,0,0,0,0,0,1,0,0,0.6429721396604137
0,1,1,1,60,1,1,74.85,4456.35,0,0,0,0,0,0,1,0,1,0,1,0,1,0,0,0,1,1,0,1,0,0,0.019493470490949592
1,1,0,0,18,1,1,95.45,1752.55,1,0,1,1,0,0,0,0,0,0,0,0,0,0,1,0,1,0,0,0,1,0,0.7779240404289551
0,0,1,1,63,1,1,99.65,6311.2,0,0,1,1,0,0,1,0,0,0,0,0,0,0,1,0,1,1,0,1,0,0,0.11981486448615221
1,1,1,1,66,1,1,108.45,7076.35,0,0,1,1,0,0,0,0,1,0,1,0,1,0,1,0,1,1,0,0,1,0,0.19479417495595355
0,0,1,1,34,1,0,24.95,894.3,0,0,1,0,1,1,0,1,0,1,0,1,0,1,0,1,0,0,1,1,0,0,0.013393296040957337
0,0,0,0,72,1,1,107.5,7853.7,0,0,1,1,0,0,0,0,0,0,1,0,1,0,1,0,1,0,1,1,0,0,0.07975745091813506
0,0,1,0,47,1,1,100.5,4707.1,0,0,1,1,0,0,0,0,0,0,1,0,0,0,1,0,1,0,0,0,1,0,0.5611462169773342
1,0,0,0,60,1,1,89.9,5450.7,0,0,1,1,0,0,0,0,1,0,0,0,0,0,1,0,0,0,0,0,0,0,0.2721003990762714
1,0,1,0,72,0,0,42.1,2962.0,0,1,0,0,0,0,1,0,1,0,1,0,0,0,0,0,0,0,1,0,0,0,0.0062011036773607035
0,0,1,1,18,1,1,54.4,957.1,0,0,0,0,0,0,0,0,0,0,1,0,1,0,0,0,0,1,0,1,0,0,0.0802307988279312
0,0,0,0,9,1,0,94.4,857.25,1,0,1,1,0,0,0,0,0,0,0,0,0,0,1,0,1,0,0,0,1,0,0.7350406715190654
0,0,0,0,3,1,1,75.3,244.1,0,0,0,0,0,0,0,0,1,0,0,0,1,0,1,0,1,0,0,0,1,0,0.4775973657195314
1,0,1,0,47,1,1,78.9,3650.35,0,0,1,1,0,0,0,0,1,0,0,0,0,0,0,0,0,1,0,0,1,0,0.19486933909907628
0,0,0,0,31,1,0,79.2,2497.2,0,0,0,0,0,0,0,0,1,0,1,0,1,0,1,0,1,0,1,0,0,1,0.049565531988734424
0,0,1,1,50,1,0,20.15,930.9,0,0,0,0,1,1,0,1,0,1,0,1,0,1,0,1,0,0,1,0,0,0,0.00484830753283204
1,0,0,0,10,1,1,79.85,887.35,0,0,0,1,0,0,1,0,0,0,1,0,0,0,0,0,0,0,0,0,0,1,0.4300868959375229
1,0,0,0,1,1,0,49.05,49.05,0,0,0,0,0,0,0,0,0,0,0,0,1,0,0,0,0,0,0,0,0,1,0.2687616890559868
0,0,1,1,52,1,1,20.4,1090.65,0,0,0,0,1,1,0,1,0,1,0,1,0,1,0,1,0,1,0,0,1,0,0.013175995106689164
1,1,1,1,64,1,1,111.6,7099.0,0,0,1,1,0,0,1,0,0,0,1,0,1,0,1,0,1,0,1,0,0,0,0.07891567283943964
1,0,1,1,62,1,1,24.25,1424.6,0,0,1,0,1,1,0,1,0,1,0,1,0,1,0,1,0,0,1,0,0,0,0.004435915969277663
0,0,0,1,3,1,1,64.5,177.4,0,0,0,0,0,0,1,0,0,0,0,0,1,0,0,0,1,0,0,0,0,0,0.2417042369854324
0,1,0,0,56,1,0,110.5,6139.5,0,0,1,1,0,0,1,0,1,0,1,0,0,0,1,0,1,1,0,0,1,0,0.2256859472579745
0,0,0,0,46,1,0,55.65,2688.85,0,0,0,0,0,0,0,0,0,0,0,0,0,0,0,0,1,1,0,1,0,0,0.04797161466118068
0,0,1,1,8,1,0,54.65,482.25,0,0,0,0,0,0,1,0,1,0,0,0,0,0,0,0,0,0,0,0,0,1,0.1719809021775872
1,1,0,0,30,1,1,74.75,2111.3,0,0,0,0,0,0,1,0,1,0,0,0,0,0,1,0,1,0,0,0,1,0,0.2881800603013264
0,0,1,1,45,1,1,25.9,1216.6,0,0,1,0,1,1,0,1,0,1,0,1,0,1,0,1,0,1,0,1,0,0,0.017132791441409532
0,0,0,1,1,1,1,79.35,79.35,1,0,0,1,0,0,0,0,0,0,0,0,0,0,1,0,0,0,0,0,1,0,0.6999518716873828
0,0,1,1,11,0,0,50.55,565.35,0,1,0,0,0,0,1,0,0,0,0,0,0,0,1,0,1,0,0,0,1,0,0.44887920601340575
0,0,1,0,7,1,1,75.15,496.9,1,0,0,1,0,0,0,0,0,0,1,0,0,0,0,0,0,0,0,0,0,0,0.5892815885142424
0,0,0,0,42,1,1,103.8,4327.5,0,0,0,1,0,0,0,0,1,0,1,0,1,0,1,0,1,0,0,0,0,0,0.34473968249343373
0,0,1,0,49,1,1,20.15,973.35,0,0,0,0,1,1,0,1,0,1,0,1,0,1,0,1,0,0,1,0,0,0,0.008487108552209055
1,0,0,0,9,1,1,99.3,918.75,0,0,1,1,0,0,0,0,1,0,0,0,0,0,1,0,1,0,0,1,0,0,0.6811840104128034
0,0,1,0,35,1,1,62.15,2215.45,0,0,0,0,0,0,1,0,0,0,0,0,0,0,1,0,0,1,0,0,0,0,0.07499336046561496
0,0,1,1,48,1,0,20.65,1057.0,0,0,0,0,1,1,0,1,0,1,0,1,0,1,0,1,0,0,1,0,0,0,0.005638687722282685
0,0,1,1,46,1,1,19.95,927.1,0,0,0,0,1,1,0,1,0,1,0,1,0,1,0,1,0,0,1,0,0,1,0.00760365826031845
1,0,1,0,29,0,0,33.75,1009.25,0,1,0,0,0,0,0,0,0,0,0,0,0,0,1,0,0,0,0,0,0,1,0.2589452693678758
1,0,1,1,30,1,0,82.05,2570.2,0,0,0,1,0,0,0,0,1,0,1,0,0,0,0,0,0,0,0,0,0,0,0.2636621230440225
1,1,0,0,1,1,0,74.7,74.7,0,0,0,1,0,0,0,0,0,0,0,0,1,0,0,0,0,0,0,0,1,0,0.5900667740404874
1,0,1,1,66,1,1,84.0,5714.25,0,0,1,0,0,0,1,0,0,0,1,0,1,0,1,0,1,0,1,0,0,1,0.016825094280905166
0,0,0,0,65,1,1,111.05,7107.0,0,0,1,1,0,0,1,0,1,0,1,0,0,0,1,0,1,0,0,1,0,0,0.24857687938142214
1,0,0,0,72,1,1,100.9,7459.05,0,0,1,1,0,0,0,0,1,0,1,0,0,0,1,0,1,0,1,0,0,0,0.10856303390724946
0,0,0,0,12,1,1,78.95,927.35,1,0,1,1,0,0,1,0,0,0,0,0,0,0,0,0,0,0,0,0,1,0,0.555406789687499
1,0,1,1,71,1,1,66.85,4748.7,0,0,1,0,0,0,1,0,1,0,0,0,1,0,0,0,0,1,0,1,0,0,0.008220000449651191
1,0,0,0,5,1,0,21.05,113.85,1,0,0,0,1,1,0,1,0,1,0,1,0,1,0,1,0,0,0,0,0,1,0.17376817821537638
1,0,0,0,52,1,0,21.0,1107.2,0,0,0,0,1,1,0,1,0,1,0,1,0,1,0,1,0,0,1,0,0,0,0.005166757553730265
0,1,1,0,25,1,1,98.5,2514.5,1,0,0,1,0,0,0,0,1,0,1,0,0,0,1,0,1,0,0,0,1,0,0.6923220740484223
1,0,0,0,1,1,0,20.2,20.2,0,0,0,0,1,1,0,1,0,1,0,1,0,1,0,1,0,0,0,0,0,1,0.20694625383013235
0,0,1,1,1,1,0,19.45,19.45,0,0,0,0,1,1,0,1,0,1,0,1,0,1,0,1,0,0,0,0,1,0,0.2413298971583681
1,0,0,0,38,1,0,95.0,3605.6,0,0,1,1,0,0,0,0,0,0,1,0,1,0,1,0,0,1,0,0,0,0,0.1679491474834495
0,1,1,0,66,0,0,45.55,3027.25,0,1,0,0,0,0,0,0,1,0,1,0,0,0,1,0,0,1,0,0,0,0,0.039826414793329795
1,0,1,0,68,1,1,110.0,7611.85,1,0,1,1,0,0,0,0,1,0,1,0,1,0,1,0,1,0,1,0,0,0,0.09652977502671674
1,0,0,0,5,0,0,24.3,100.2,0,1,0,0,0,0,0,0,0,0,0,0,0,0,0,0,0,0,0,0,0,1,0.4513969899509504
0,0,1,1,72,1,1,104.15,7303.05,0,0,1,1,0,0,1,0,1,0,0,0,0,0,1,0,1,1,0,0,1,0,0.12557526151338866
0,0,0,0,32,0,0,30.15,927.65,0,1,0,0,0,0,1,0,0,0,0,0,0,0,0,0,0,1,0,0,0,1,0.062281395528286515
1,0,0,0,43,1,0,94.35,3921.3,0,0,1,1,0,0,0,0,0,0,0,0,0,0,1,0,1,1,0,0,0,1,0.23872050147760088
1,0,1,1,72,1,0,19.4,1363.25,0,0,0,0,1,1,0,1,0,1,0,1,0,1,0,1,0,0,1,1,0,0,0.001299069589410288
1,0,1,0,55,1,1,96.75,5238.9,1,0,1,1,0,0,1,0,1,0,0,0,0,0,1,0,0,0,0,0,1,0,0.28881163625221873
0,0,0,0,52,1,0,57.95,3042.25,0,0,0,0,0,0,1,0,0,0,1,0,1,0,0,0,0,1,0,1,0,0,0.012791374746810039
0,0,0,0,43,1,1,91.65,3954.1,0,0,0,1,0,0,0,0,1,0,1,0,0,0,1,0,0,0,0,0,1,0,0.40259457764082757
0,1,1,0,37,1,1,76.5,2868.15,1,0,1,1,0,0,0,0,0,0,0,0,0,0,0,0,0,0,0,0,1,0,0.5185649641884481
0,0,1,1,64,0,1,54.6,3423.5,0,1,0,0,0,0,0,0,1,0,0,0,1,0,1,0,1,0,1,0,1,0,0.02760022638013128
1,0,1,1,3,1,0,89.85,248.4,0,0,0,1,0,0,1,0,1,0,0,0,0,0,1,0,0,0,0,0,1,0,0.4870092173759714
0,0,0,0,36,0,0,31.05,1126.35,0,1,0,0,0,0,1,0,0,0,0,0,0,0,0,0,0,0,1,0,0,0,0.03308377433622642
0,0,1,1,10,1,1,100.25,1064.65,1,0,1,1,0,0,1,0,0,0,0,0,0,0,1,0,1,0,0,0,1,0,0.6620192171601668
0,0,0,0,41,1,0,20.65,835.15,0,0,0,0,1,1,0,1,0,1,0,1,0,1,0,1,0,0,1,0,0,1,0.008874866818578894
1,0,1,1,27,1,1,85.2,2151.6,0,0,1,1,0,0,0,0,1,0,0,0,1,0,0,0,0,0,0,1,0,0,0.26936918545352784
0,0,1,1,56,1,1,99.8,5515.45,0,0,1,1,0,0,0,0,0,0,1,0,0,0,1,0,1,1,0,1,0,0,0.1977590854393996
0,0,0,0,6,1,0,20.7,112.75,0,0,0,0,1,1,0,1,0,1,0,1,0,1,0,1,0,0,0,0,0,1,0.17045471101119378
1,0,0,0,3,1,1,74.4,229.55,1,0,1,1,0,0,0,0,0,0,0,0,0,0,0,0,0,0,0,0,1,0,0.7214141096129181
0,0,1,1,7,1,0,50.7,350.35,0,0,0,0,0,0,1,0,0,0,0,0,0,0,0,0,0,0,0,0,0,1,0.191460314933996
0,0,1,1,4,1,0,20.85,62.9,0,0,0,0,1,1,0,1,0,1,0,1,0,1,0,1,0,0,0,0,0,1,0.16110127966702853
1,0,0,0,33,1,1,88.95,3027.65,0,0,0,1,0,0,1,0,0,0,0,0,1,0,1,0,0,0,1,0,1,0,0.10814822556937988
0,1,0,0,27,1,1,78.05,2135.5,1,0,1,1,0,0,0,0,0,0,1,0,0,0,0,0,0,0,0,0,1,0,0.59911891592635
1,0,1,0,72,1,1,23.55,1723.95,0,0,1,0,1,1,0,1,0,1,0,1,0,1,0,1,0,0,1,0,0,0,0.0033781352667916166
1,0,0,0,1,1,0,19.75,19.75,0,0,0,0,1,1,0,1,0,1,0,1,0,1,0,1,0,0,0,0,0,1,0.2076448620306938
1,1,0,0,71,0,1,56.45,3985.35,0,1,0,0,0,0,1,0,1,0,0,0,0,0,1,0,1,1,0,0,1,0,0.051485003261678125
0,0,0,0,13,1,1,85.95,1215.65,0,0,1,1,0,0,0,0,0,0,0,0,0,0,0,0,1,0,0,0,1,0,0.7160694795034633
0,0,1,1,25,0,1,58.6,1502.65,1,1,0,0,0,0,1,0,1,0,1,0,0,0,1,0,1,0,0,1,0,0,0.26965444523110743
1,0,0,0,67,1,0,50.55,3260.1,0,0,0,0,0,0,0,0,0,0,0,0,1,0,0,0,0,0,1,0,0,0,0.005712530923527593
1,0,0,0,1,0,1,35.45,35.45,1,1,0,0,0,0,0,0,0,0,0,0,0,0,0,0,1,0,0,0,1,0,0.7015502214523123
1,0,0,0,2,1,0,44.35,81.25,1,0,0,0,0,0,0,0,0,0,0,0,0,0,0,0,0,0,0,0,1,0,0.4249131729420183
0,0,0,0,43,1,1,25.7,1188.2,0,0,1,0,1,1,0,1,0,1,0,1,0,1,0,1,0,0,1,1,0,0,0.013310014560609632
0,0,0,0,23,1,1,75.0,1778.5,0,0,0,1,0,0,1,0,0,0,0,0,0,0,0,0,0,0,0,0,0,0,0.33971259477010096
0,0,1,1,64,1,0,20.2,1277.75,0,0,0,0,1,1,0,1,0,1,0,1,0,1,0,1,0,0,1,0,0,1,0.002232708842253902
1,0,0,1,57,1,1,19.6,1170.55,0,0,0,0,1,1,0,1,0,1,0,1,0,1,0,1,0,0,1,0,0,1,0.003970647103461216
0,1,1,0,1,1,1,70.45,70.45,1,0,0,1,0,0,0,0,0,0,0,0,0,0,0,0,0,0,0,0,0,1,0.691432704947628
0,1,1,1,72,1,1,88.05,6425.65,0,0,1,0,0,0,1,0,1,0,1,0,1,0,1,0,1,0,1,1,0,0,0.016358172613945687
0,0,0,0,8,1,0,71.15,563.65,1,0,1,0,0,0,1,0,0,0,0,0,1,0,0,0,1,0,0,0,1,0,0.28844908402970193
0,0,1,0,61,1,1,101.05,5971.25,0,0,1,1,0,0,0,0,1,0,0,0,0,0,1,0,1,0,1,0,0,0,0.13499296254939114
1,0,0,0,64,1,1,84.3,5289.05,0,0,1,1,0,0,1,0,1,0,0,0,0,0,0,0,0,1,0,1,0,0,0.056216126530146716
1,1,1,0,71,1,0,23.95,1756.2,0,0,1,0,1,1,0,1,0,1,0,1,0,1,0,1,0,0,1,0,0,0,0.0035567067520386794
0,0,1,1,65,1,1,99.05,6416.7,0,0,1,1,0,0,1,0,1,0,0,0,1,0,1,0,0,0,1,1,0,0,0.03227141709160712
1,0,0,0,3,1,0,19.6,61.35,0,0,0,0,1,1,0,1,0,1,0,1,0,1,0,1,0,1,0,0,0,1,0.10016974175688995
1,0,0,0,1,1,1,45.65,45.65,1,0,0,0,0,0,0,0,0,0,0,0,0,0,0,0,0,0,0,0,1,0,0.5015150071245693
1,0,0,1,30,1,0,64.5,1929.95,0,0,0,0,0,0,0,0,1,0,1,0,0,0,1,0,0,1,0,1,0,0,0.06426968128829134
1,0,1,1,15,1,1,69.5,1071.4,0,0,0,0,0,0,0,0,1,0,1,0,1,0,0,0,1,0,0,0,0,1,0.2115744227999002
0,0,1,1,8,1,1,68.55,564.35,0,0,0,0,0,0,0,0,0,0,0,0,1,0,1,0,1,0,0,0,1,0,0.42167768869683464
1,0,0,0,7,1,0,95.0,655.5,1,0,1,1,0,0,0,0,0,0,0,0,0,0,1,0,1,0,0,0,0,1,0.6705847306028493
0,0,1,1,70,1,1,108.15,7930.55,0,0,1,1,0,0,1,0,1,0,1,0,0,0,1,0,1,1,0,1,0,0,0.11485742054183785
1,0,1,1,62,1,0,86.1,5215.25,0,0,0,0,0,0,1,0,1,0,1,0,1,0,1,0,1,0,1,0,1,0,0.013487926402374048
0,0,1,1,6,1,0,19.7,113.5,0,0,0,0,1,1,0,1,0,1,0,1,0,1,0,1,0,0,0,0,0,1,0.1491353880698709
0,0,1,1,14,1,1,80.9,1152.8,0,0,0,1,0,0,0,0,0,0,0,0,0,0,0,0,1,0,0,0,0,0,0.5473511813280468
0,0,0,0,22,1,1,84.15,1821.95,0,0,1,1,0,0,0,0,0,0,0,0,0,0,1,0,0,0,0,0,0,0,0.5769301673148524
1,0,1,1,22,1,0,20.15,419.9,0,0,0,0,1,1,0,1,0,1,0,1,0,1,0,1,0,1,0,0,0,1,0.032881549318406166
1,0,1,1,16,1,0,64.25,1024.0,0,0,0,0,0,0,1,0,0,0,1,0,0,0,1,0,0,0,1,0,0,1,0.05373241982600413
1,0,0,0,10,1,0,25.7,251.6,0,0,1,0,1,1,0,1,0,1,0,1,0,1,0,1,0,0,1,0,0,0,0.05615841680638569
0,0,0,1,13,1,1,56.0,764.55,0,0,0,0,0,0,1,0,1,0,0,0,0,0,0,0,0,0,0,0,1,0,0.22403000081430136
0,0,1,0,20,1,0,82.4,1592.35,1,0,1,1,0,0,1,0,0,0,0,0,0,0,0,0,0,0,0,0,1,0,0.42468890673835463
0,0,0,0,2,1,1,69.7,135.2,0,0,0,1,0,0,0,0,0,0,0,0,0,0,0,0,0,0,0,0,1,0,0.6884566336237415
1,0,0,0,53,1,1,73.9,3958.25,0,0,1,0,0,0,0,0,1,0,1,0,1,0,0,0,1,0,1,0,0,0,0.028959903769296098
0,0,1,1,11,1,0,20.6,233.9,0,0,0,0,1,1,0,1,0,1,0,1,0,1,0,1,0,1,0,0,0,1,0.05948243253277617
1,0,1,0,69,1,0,19.9,1363.45,0,0,0,0,1,1,0,1,0,1,0,1,0,1,0,1,0,0,1,0,0,1,0.002060632245211668
0,0,0,0,4,1,1,70.9,273.0,1,0,0,1,0,0,0,0,0,0,0,0,0,0,0,0,0,0,0,0,0,0,0.6071943545762711
1,0,1,0,72,1,1,89.05,6254.45,0,0,1,0,0,0,1,0,1,0,1,0,1,0,1,0,1,0,1,0,0,0,0.016236399807863997
1,1,1,0,58,0,1,45.3,2651.2,1,1,0,0,0,0,0,0,1,0,1,0,0,0,0,0,1,0,0,0,1,0,0.17604818870523295
0,0,1,1,16,1,0,20.4,321.4,0,0,0,0,1,1,0,1,0,1,0,1,0,1,0,1,0,0,0,0,1,0,0.1248133671142291
1,0,1,0,43,1,1,84.25,3539.25,0,0,0,1,0,0,1,0,0,0,1,0,1,0,0,0,0,1,0,0,0,0,0.07727575293569675
0,0,1,0,2,1,1,104.4,242.8,1,0,1,1,0,0,0,0,0,0,1,0,1,0,1,0,1,0,0,0,1,0,0.7543710700962124
1,0,1,0,14,1,0,81.95,1181.75,0,0,0,0,0,0,0,0,1,0,1,0,1,0,1,0,1,0,1,0,0,1,0.08601320341171535
0,0,1,0,53,1,1,94.85,5000.2,1,0,0,1,0,0,0,0,0,0,1,0,0,0,1,0,1,1,0,0,0,0,0.22220886242711838
0,0,0,0,32,1,0,20.55,654.55,0,0,0,0,1,1,0,1,0,1,0,1,0,1,0,1,0,1,0,0,0,0,0.025464754170408978
0,0,1,0,34,1,0,24.7,780.2,0,0,1,0,1,1,0,1,0,1,0,1,0,1,0,1,0,0,0,0,1,0,0.08121049924067485
0,1,0,0,15,1,1,74.45,1145.7,1,0,1,1,0,0,0,0,0,0,0,0,0,0,0,0,0,0,0,0,0,1,0.6198055085737936
0,1,0,0,7,1,0,76.45,503.6,1,0,0,1,0,0,1,0,0,0,0,0,0,0,0,0,0,0,0,0,0,0,0.4655213197860452
0,0,1,1,15,1,1,105.35,1559.25,0,0,1,1,0,0,0,0,1,0,1,0,0,0,1,0,1,0,0,0,0,0,0.6366872697095756
1,0,1,0,61,1,1,20.55,1252.0,0,0,0,0,1,1,0,1,0,1,0,1,0,1,0,1,0,1,0,1,0,0,0.0066097213132437806
0,0,0,0,1,0,0,29.95,29.95,1,1,0,0,0,0,0,0,1,0,0,0,0,0,0,0,0,0,0,0,0,0,0.49514872609814675
0,0,0,0,1,1,0,45.3,45.3,0,0,0,0,0,0,0,0,0,0,0,0,0,0,0,0,0,0,0,0,0,1,0.3639162380942473
1,0,0,0,8,1,0,84.5,662.65,1,0,1,1,0,0,0,0,0,0,0,0,0,0,0,0,1,0,0,0,0,0,0.6199041099701716
1,0,1,1,33,1,0,74.75,2453.3,0,0,0,0,0,0,1,0,0,0,1,0,0,0,1,0,1,1,0,1,0,0,0.061240462768473745
0,0,0,0,13,1,1,79.25,1111.65,1,0,0,1,0,0,0,0,1,0,1,0,0,0,0,0,0,0,0,0,1,0,0.5748621564524422
0,0,1,0,1,0,1,24.8,24.8,1,1,0,0,0,0,0,0,0,0,0,0,0,0,0,0,0,0,0,0,1,0,0.6672131358746959
1,0,0,0,20,1,1,51.8,1023.85,0,0,0,0,0,0,0,0,1,0,0,0,0,0,0,0,0,0,0,0,0,1,0.218062524976161
1,0,0,0,3,0,0,30.4,82.15,0,1,0,0,0,0,0,0,0,0,0,0,1,0,0,0,0,0,0,0,1,0,0.45285118868414037
0,0,0,0,13,1,0,19.65,244.8,0,0,0,0,1,1,0,1,0,1,0,1,0,1,0,1,0,1,0,0,1,0,0.08548828683700307
0,0,1,0,40,1,0,56.6,2379.1,0,0,1,0,0,0,0,0,1,0,0,0,0,0,0,0,0,0,0,1,0,0,0.1105857416840131
1,0,1,1,43,1,1,71.9,3173.35,0,0,1,0,0,0,1,0,0,0,0,0,1,0,0,0,1,1,0,1,0,0,0.03710136080346373
1,0,1,0,6,1,1,91.0,531.0,1,0,0,1,0,0,0,0,1,0,1,0,0,0,0,0,1,0,0,0,1,0,0.6858461386670951
0,0,1,1,69,1,0,19.75,1375.4,0,0,0,0,1,1,0,1,0,1,0,1,0,1,0,1,0,0,1,0,0,0,0.0018224261962071734
0,0,1,1,72,1,0,109.7,8129.3,0,0,1,1,0,0,1,0,1,0,1,0,0,0,1,0,1,0,1,1,0,0,0.05096804254935293
1,0,1,1,59,1,0,19.3,1192.7,0,0,0,0,1,1,0,1,0,1,0,1,0,1,0,1,0,0,1,1,0,0,0.0026549074161324403
0,0,1,0,20,1,1,96.55,1901.65,0,0,0,1,0,0,1,0,1,0,0,0,1,0,1,0,0,0,0,0,1,0,0.38592295364974877
1,0,1,1,24,1,1,24.1,587.4,0,0,1,0,1,1,0,1,0,1,0,1,0,1,0,1,0,0,1,0,0,0,0.03150962495044956
1,0,0,0,59,1,1,111.35,6519.75,0,0,1,1,0,0,0,0,1,0,1,0,1,0,1,0,1,0,0,0,1,0,0.3673962365077297
1,0,1,1,72,1,1,112.25,8041.65,0,0,1,1,0,0,0,0,1,0,1,0,1,0,1,0,1,0,1,0,0,0,0.07036615772874219
1,0,0,1,1,1,0,20.75,20.75,0,0,0,0,1,1,0,1,0,1,0,1,0,1,0,1,0,0,0,0,0,1,0.17265563606910203
0,0,1,0,27,1,1,101.9,2681.15,0,0,0,1,0,0,1,0,0,0,0,0,1,0,1,0,1,1,0,1,0,0,0.1936478316621303
0,0,0,0,14,1,1,80.05,1112.3,0,0,0,1,0,0,0,0,1,0,0,0,1,0,0,0,0,0,0,1,0,0,0.36258341852650955
1,0,1,1,71,1,0,105.55,7405.5,0,0,1,1,0,0,1,0,0,0,1,0,0,0,1,0,1,0,1,0,1,0,0.0687246464084528
1,0,0,1,13,1,1,78.3,1033.95,0,0,0,1,0,0,0,0,0,0,0,0,0,0,1,0,0,0,0,1,0,0,0.502481035460521
1,0,0,0,44,1,0,68.85,2958.95,0,0,0,1,0,0,0,0,0,0,0,0,0,0,0,0,0,0,0,1,0,0,0.17979958703293678
0,0,0,0,33,1,1,79.95,2684.85,0,0,0,1,0,0,0,0,1,0,0,0,1,0,0,0,0,1,0,0,0,0,0.13867259849742933
1,0,1,1,72,0,1,55.45,4179.2,0,1,0,0,0,0,1,0,1,0,1,0,1,0,0,0,1,0,1,1,0,0,0.007098368596192648
1,0,0,0,1,1,0,79.9,79.9,1,0,0,1,0,0,0,0,0,0,0,0,0,0,0,0,1,0,0,0,1,0,0.6837976174405698
0,0,0,0,19,1,1,106.6,1934.45,1,0,0,1,0,0,1,0,0,0,1,0,1,0,1,0,1,0,0,0,1,0,0.4747754019945177
1,0,1,0,64,1,1,102.45,6654.1,0,0,0,1,0,0,0,0,1,0,1,0,1,0,1,0,1,1,0,1,0,0,0.11109646427631387
1,0,0,0,2,1,1,46.0,84.5,1,0,0,0,0,0,0,0,0,0,0,0,0,0,0,0,0,0,0,1,0,0,0.3909645774669374
0,0,0,0,1,0,0,25.25,25.25,0,1,0,0,0,0,0,0,0,0,0,0,0,0,0,0,0,0,0,0,1,0,0.5911650225176673
1,0,0,1,61,1,0,19.75,1124.2,0,0,0,0,1,1,0,1,0,1,0,1,0,1,0,1,0,0,1,0,0,1,0.002352586146469417
0,0,1,1,29,1,0,20.0,540.05,0,0,0,0,1,1,0,1,0,1,0,1,0,1,0,1,0,1,0,0,1,0,0.03240718766632895
1,1,1,0,23,1,0,86.8,1975.85,0,0,1,1,0,0,0,0,0,0,0,0,0,0,0,0,1,0,0,0,1,0,0.6370661684935154
0,0,1,0,57,0,1,58.75,3437.45,0,1,0,0,0,0,1,0,1,0,1,0,0,0,1,0,1,0,0,0,0,0,0.12490059503117575
1,0,1,1,72,0,0,45.25,3139.8,0,1,0,0,0,0,1,0,1,0,1,0,1,0,0,0,0,0,1,1,0,0,0.0030955729372877687
1,0,1,0,66,0,1,56.6,3789.2,0,1,0,0,0,0,1,0,1,0,1,0,1,0,1,0,0,0,1,0,0,0,0.012283881928451416
1,0,1,1,65,1,1,84.2,5324.5,0,0,1,0,0,0,0,0,1,0,1,0,1,0,1,0,1,0,1,0,0,0,0.023043999419548794
0,0,0,0,8,1,1,80.0,624.6,0,0,0,1,0,0,0,0,0,0,0,0,0,0,1,0,0,0,0,0,0,0,0.6325154536865201
0,0,0,0,4,1,1,70.15,268.35,1,0,0,1,0,0,0,0,0,0,0,0,0,0,0,0,0,0,0,0,1,0,0.6706786443091565
0,0,1,0,71,1,0,24.75,1836.9,0,0,1,0,1,1,0,1,0,1,0,1,0,1,0,1,0,0,1,0,0,0,0.0028840487520246246
1,0,1,1,1,1,1,20.2,20.2,0,0,0,0,1,1,0,1,0,1,0,1,0,1,0,1,0,1,0,0,1,0,0.15919356476346794
1,0,1,0,4,1,0,50.05,179.35,1,0,0,0,0,0,0,0,0,0,0,0,1,0,0,0,0,0,0,0,0,1,0.250017217420387
0,0,0,0,12,1,1,19.35,219.35,0,0,0,0,1,1,0,1,0,1,0,1,0,1,0,1,0,1,0,0,0,0,0.09009873169767925
1,0,0,0,24,0,1,50.6,1288.75,0,1,0,0,0,0,1,0,0,0,0,0,0,0,1,0,1,1,0,0,0,1,0.19443319664019074
0,0,1,1,31,1,1,81.15,2545.75,0,0,0,0,0,0,1,0,0,0,1,0,1,0,1,0,1,1,0,0,0,1,0.066442616128618
0,0,1,0,1,1,0,55.2,55.2,1,0,0,0,0,0,0,0,0,0,0,0,0,0,1,0,0,0,0,0,0,1,0.43095314387330164
1,0,0,0,30,1,1,89.9,2723.15,0,0,1,1,0,0,0,0,0,0,0,0,1,0,0,0,1,0,0,1,0,0,0.38674608834698415
0,0,1,1,47,1,1,85.3,4107.25,0,0,1,0,0,0,1,0,1,0,0,0,1,0,1,0,1,0,1,1,0,0,0.026850542437930492
1,0,0,0,54,1,1,108.0,5760.65,0,0,1,1,0,0,1,0,1,0,0,0,1,0,1,0,1,0,1,1,0,0,0.07164245775777366
1,0,0,0,50,1,1,93.5,4747.5,0,0,0,1,0,0,1,0,1,0,0,0,1,0,0,0,1,0,0,1,0,0,0.1421542670994912
1,0,0,0,1,1,1,84.6,84.6,1,0,0,1,0,0,1,0,0,0,0,0,0,0,0,0,1,0,0,0,0,1,0.5678630640828107
0,0,0,0,72,1,0,20.25,1566.9,0,0,0,0,1,1,0,1,0,1,0,1,0,1,0,1,0,0,1,1,0,0,0.0016770607141504152
0,0,0,0,29,1,0,25.15,702.0,0,0,1,0,1,1,0,1,0,1,0,1,0,1,0,1,0,0,0,0,1,0,0.09898734484512263
1,0,0,0,2,1,1,54.4,114.1,1,0,1,0,0,0,0,0,1,0,0,0,0,0,0,0,0,0,0,0,0,1,0.4375083995790527
0,0,0,0,10,0,1,29.6,299.05,0,1,0,0,0,0,0,0,0,0,0,0,1,0,0,0,0,0,1,0,0,1,0.137248257569373
1,0,1,0,18,1,1,73.15,1305.95,0,0,1,1,0,0,0,0,0,0,0,0,0,0,0,0,0,0,0,0,1,0,0.6123765897356639
0,1,0,0,11,1,1,95.0,1120.3,1,0,0,1,0,0,0,0,1,0,0,0,0,0,1,0,1,0,0,0,1,0,0.762967262610371
1,0,0,0,16,1,0,19.75,284.35,0,0,0,0,1,1,0,1,0,1,0,1,0,1,0,1,0,0,1,0,0,1,0.031294349478447614
0,0,0,0,72,1,0,86.6,6350.5,0,0,1,0,0,0,0,0,1,0,1,0,1,0,1,0,1,0,1,0,0,0,0.01906019492417426
1,0,0,0,72,1,0,109.2,7878.3,0,0,1,1,0,0,0,0,1,0,1,0,1,0,1,0,1,0,1,0,0,0,0.0626406831952057
0,0,1,1,41,1,1,74.7,3187.65,0,0,0,0,0,0,1,0,0,0,0,0,1,0,1,0,1,1,0,1,0,0,0.04431729029205847
0,1,1,0,65,1,0,94.4,6126.15,0,0,0,1,0,0,1,0,1,0,1,0,0,0,0,0,1,0,0,0,1,0,0.19758986042119167
0,1,0,0,13,1,1,54.8,731.3,0,0,0,0,0,0,0,0,1,0,1,0,0,0,0,0,0,0,0,0,1,0,0.41660556175071717
1,1,0,0,4,1,0,75.35,273.4,0,0,0,1,0,0,1,0,0,0,0,0,0,0,0,0,0,0,0,0,1,0,0.5538637032037821
1,0,0,0,41,1,0,65.0,2531.8,0,0,1,0,0,0,0,0,0,0,1,0,0,0,0,0,1,1,0,0,0,1,0.07586137540042358
1,1,0,0,15,1,1,74.4,1074.3,1,0,0,1,0,0,0,0,1,0,0,0,0,0,0,0,0,0,0,0,1,0,0.603641655177254
1,0,0,0,1,1,1,48.55,48.55,1,0,0,0,0,0,1,0,0,0,0,0,0,0,0,0,0,0,0,0,0,1,0.32118560339008934
1,0,0,0,42,1,1,99.0,4298.45,0,0,1,1,0,0,1,0,1,0,1,0,0,0,0,0,1,1,0,0,1,0,0.23106585736499521
0,0,1,0,51,1,1,93.5,4619.55,0,0,0,1,0,0,1,0,1,0,1,0,0,0,1,0,0,1,0,0,1,0,0.14382935481841053
0,0,1,1,2,1,0,70.4,147.15,1,0,0,1,0,0,0,0,0,0,0,0,0,0,0,0,0,0,0,0,1,0,0.586016162464755
1,1,1,0,1,0,0,40.2,40.2,1,1,0,0,0,0,0,0,1,0,0,0,0,0,1,0,0,0,0,0,1,0,0.6802230703141176
1,0,0,1,32,1,0,83.7,2633.3,0,0,1,0,0,0,0,0,1,0,1,0,1,0,1,0,1,1,0,1,0,0,0.07354169218024595
1,0,0,0,10,1,1,19.85,193.05,0,0,0,0,1,1,0,1,0,1,0,1,0,1,0,1,0,0,0,0,0,1,0.1757974331954478
0,0,1,1,67,0,1,59.55,4103.9,0,1,0,0,0,0,0,0,1,0,1,0,1,0,1,0,1,0,1,0,1,0,0.027847397149483626
0,0,1,1,61,1,0,115.1,7008.15,0,0,1,1,0,0,1,0,1,0,1,0,1,0,1,0,1,0,1,1,0,0,0.04541470994801868
1,0,0,0,50,1,0,114.35,5791.1,0,0,1,1,0,0,1,0,1,0,1,0,1,0,1,0,1,1,0,1,0,0,0.11019690997704304
0,0,1,0,2,1,1,44.6,80.55,1,0,0,0,0,0,0,0,0,0,0,0,0,0,0,0,0,0,0,1,0,0,0.41367451476298506
0,1,1,0,29,0,1,45.0,1228.65,0,1,0,0,0,0,1,0,0,0,1,0,0,0,0,0,1,0,0,0,1,0,0.3641301295932916
1,1,0,0,3,0,1,41.15,132.2,1,1,0,0,0,0,0,0,0,0,1,0,0,0,0,0,1,0,0,0,1,0,0.7304093178999035
1,1,0,0,13,1,1,106.9,1364.3,1,0,1,1,0,0,0,0,1,0,1,0,0,0,1,0,1,0,0,0,1,0,0.7807892523986111
1,1,1,0,57,1,1,89.85,4925.35,0,0,1,1,0,0,0,0,1,0,0,0,0,0,0,0,1,0,0,0,1,0,0.40824817474085656
0,0,0,0,31,0,1,49.85,1520.1,0,1,0,0,0,0,1,0,1,0,0,0,1,0,0,0,1,0,1,0,0,0,0.04852083981856431
0,0,1,0,45,1,0,113.3,5032.25,0,0,1,1,0,0,1,0,1,0,1,0,1,0,1,0,1,1,0,0,0,1,0.13444156509316837
0,0,1,1,61,1,0,88.1,5526.75,0,0,1,0,0,0,1,0,1,0,1,0,1,0,1,0,1,0,1,0,0,1,0.014998303581357446
1,0,0,0,50,1,0,24.9,1195.25,0,0,1,0,1,1,0,1,0,1,0,1,0,1,0,1,0,0,1,0,0,0,0.007494272186297829
0,1,0,0,19,1,1,105.0,2007.25,0,0,0,1,0,0,1,0,1,0,0,0,1,0,1,0,1,0,0,0,0,1,0.4426515492334615
1,0,0,0,59,1,0,19.35,1099.6,1,0,0,0,1,1,0,1,0,1,0,1,0,1,0,1,0,0,1,0,0,1,0.0032782397877179088
0,0,1,0,71,1,1,24.25,1732.95,0,0,1,0,1,1,0,1,0,1,0,1,0,1,0,1,0,0,1,1,0,0,0.0032419430437020916
0,1,0,0,16,1,1,94.45,1511.2,1,0,0,1,0,0,0,0,0,0,0,0,1,0,1,0,1,0,0,0,1,0,0.6678686393414289
1,0,1,0,57,1,1,59.75,3450.15,0,0,0,0,0,0,1,0,1,0,0,0,1,0,0,0,0,0,1,0,1,0,0.011185433444951886
1,0,0,0,1,0,0,24.8,24.8,1,1,0,0,0,0,0,0,0,0,0,0,0,0,0,0,0,0,0,0,0,0,0.5176189706536785
1,1,1,0,20,1,0,107.05,2172.05,0,0,1,1,0,0,0,0,1,0,0,0,1,0,1,0,1,0,0,0,1,0,0.6174301192429008
1,0,0,0,1,1,0,70.6,70.6,1,0,0,1,0,0,0,0,0,0,0,0,0,0,0,0,0,0,0,0,0,1,0.5474081276163769
1,0,1,0,5,1,1,85.4,401.1,1,0,1,1,0,0,0,0,1,0,0,0,1,0,0,0,0,0,0,0,1,0,0.5937944989919186
0,0,1,0,52,1,1,105.05,5624.85,1,0,1,1,0,0,0,0,1,0,1,0,0,0,1,0,1,0,0,0,1,0,0.5283429738155108
1,1,1,0,21,1,1,64.95,1339.8,0,0,0,0,0,0,1,0,1,0,0,0,0,0,0,0,1,0,0,0,0,0,0.25751919574989524
1,0,0,0,14,0,1,55.0,771.95,0,1,0,0,0,0,0,0,0,0,1,0,1,0,1,0,1,0,0,0,1,0,0.5246325264577564
0,0,0,0,5,1,0,50.55,244.75,0,0,0,0,0,0,0,0,1,0,0,0,0,0,0,0,0,0,0,0,0,0,0.30976925299247854
0,0,0,0,6,1,0,55.15,322.9,0,0,0,0,0,0,1,0,1,0,0,0,0,0,0,0,0,0,0,0,0,1,0.20778747355911062
0,0,0,0,10,1,0,51.2,498.25,0,0,0,0,0,0,0,0,1,0,0,0,0,0,0,0,0,0,0,0,1,0,0.31969020700189515
0,0,0,1,1,1,0,25.4,25.4,0,0,1,0,1,1,0,1,0,1,0,1,0,1,0,1,0,0,0,0,0,1,0.21233392050522032
0,0,0,0,68,1,0,54.45,3687.75,0,0,1,0,0,0,1,0,0,0,0,0,0,0,0,0,0,0,0,0,0,1,0.026101676475000078
1,0,1,1,18,1,0,95.15,1779.95,1,0,0,1,0,0,0,0,0,0,1,0,0,0,1,0,1,0,0,0,0,1,0.4986007021809718
0,0,0,0,22,1,1,76.0,1783.6,0,0,1,1,0,0,0,0,0,0,0,0,0,0,0,0,0,1,0,1,0,0,0.3040728597758194
0,0,0,0,20,1,1,44.35,927.15,0,0,0,0,0,0,0,0,0,0,0,0,0,0,0,0,0,0,0,0,1,0,0.31000865710344855
1,0,1,0,1,1,0,70.0,70.0,1,0,0,1,0,0,0,0,0,0,0,0,0,0,0,0,0,0,0,0,1,0,0.6393194576446634
1,1,0,0,8,1,1,74.5,606.55,1,0,0,1,0,0,0,0,1,0,0,0,0,0,0,0,0,0,0,0,1,0,0.6658774326214164
1,0,0,0,10,1,1,44.85,435.4,1,0,0,0,0,0,0,0,0,0,0,0,0,0,0,0,0,0,0,1,0,0,0.310714194301014
1,1,0,0,24,1,1,76.1,1712.7,1,0,1,1,0,0,0,0,0,0,0,0,0,0,0,0,0,0,0,0,1,0,0.6009881842135861
1,0,0,0,35,1,0,61.2,2021.2,0,0,0,0,0,0,1,0,1,0,1,0,0,0,0,0,0,1,0,0,0,1,0.03396658639473927
1,0,1,1,23,1,0,86.8,1940.8,0,0,0,1,0,0,0,0,1,0,1,0,1,0,0,0,0,1,0,0,0,1,0.11536849402872154
0,1,0,0,6,1,1,89.35,567.8,0,0,0,1,0,0,0,0,0,0,0,0,0,0,1,0,1,0,0,0,1,0,0.8059595838281088
0,0,0,0,12,1,0,19.7,220.35,0,0,0,0,1,1,0,1,0,1,0,1,0,1,0,1,0,0,0,0,0,1,0.13080365271297234
1,0,0,0,1,1,0,20.25,20.25,0,0,0,0,1,1,0,1,0,1,0,1,0,1,0,1,0,0,0,0,0,1,0.2068687380219073
0,0,1,1,71,1,0,76.05,5436.45,0,0,0,1,0,0,0,0,0,0,1,0,0,0,0,0,0,0,1,0,1,0,0.031581449810459766
1,1,1,0,35,1,1,100.8,3437.5,0,0,1,1,0,0,0,0,0,0,1,0,0,0,1,0,1,0,0,0,1,0,0.6877303089010636
1,0,1,1,40,1,1,74.55,3015.75,0,0,1,0,0,0,0,0,0,0,1,0,0,0,1,0,1,0,0,0,1,0,0.29372706001168064
0,0,0,1,1,1,1,73.6,73.6,1,0,0,1,0,0,1,0,0,0,0,0,0,0,0,0,0,0,0,0,0,1,0.4625073215237432
1,0,0,0,23,1,1,64.9,1509.8,0,0,0,0,0,0,0,0,0,0,0,0,0,0,1,0,1,1,0,0,0,0,0.19979530971572163
0,1,0,0,4,1,1,95.45,396.1,1,0,1,1,0,0,0,0,0,0,0,0,0,0,1,0,1,0,0,0,1,0,0.8451643114307347
1,0,0,0,4,1,1,90.4,356.65,0,0,0,1,0,0,0,0,0,0,1,0,1,0,0,0,1,0,0,0,1,0,0.6228172004922626
0,0,1,1,68,0,0,60.3,4109.0,0,1,0,0,0,0,0,0,1,0,1,0,1,0,1,0,1,0,1,1,0,0,0.01352515339850481
1,0,0,1,38,1,1,81.85,3141.7,0,0,1,1,0,0,0,0,1,0,0,0,0,0,0,0,0,0,0,0,0,1,0.286072862390259
1,0,1,1,52,1,0,24.8,1229.1,0,0,1,0,1,1,0,1,0,1,0,1,0,1,0,1,0,0,1,0,0,1,0.0053826832836498355
1,1,1,0,32,1,1,74.9,2303.35,1,0,1,1,0,0,0,0,0,0,0,0,0,0,0,0,0,0,0,0,1,0,0.5447100950259822
1,0,1,1,29,1,0,75.55,2054.4,0,0,0,0,0,0,0,0,0,0,1,0,1,0,1,0,1,0,1,0,0,1,0.044645155295719594
1,1,1,1,38,1,0,101.15,3741.85,0,0,1,1,0,0,0,0,1,0,0,0,0,0,1,0,1,0,0,0,1,0,0.5276398625743921
1,0,0,1,48,1,1,78.75,3682.45,0,0,1,0,0,0,1,0,0,0,1,0,0,0,1,0,1,1,0,1,0,0,0.058059003929840224
0,0,0,0,1,1,1,19.25,19.25,0,0,0,0,1,1,0,1,0,1,0,1,0,1,0,1,0,0,0,0,0,0,0.2746578681870526
0,0,0,0,22,1,1,89.05,1886.25,0,0,0,1,0,0,1,0,0,0,0,0,1,0,0,0,1,0,0,0,1,0,0.38404650275870267
0,0,0,0,43,1,0,115.05,4895.1,0,0,1,1,0,0,1,0,1,0,1,0,1,0,1,0,1,0,1,1,0,0,0.07865279390496639
0,1,1,0,5,1,1,69.35,341.6,0,0,0,1,0,0,0,0,0,0,0,0,0,0,0,0,0,0,0,0,1,0,0.7294282313144559
1,0,0,0,5,1,1,80.6,415.55,1,0,0,1,0,0,0,0,0,0,0,0,0,0,1,0,0,0,0,0,1,0,0.7083428710820601
1,0,1,1,51,1,0,110.05,5686.4,0,0,1,1,0,0,1,0,1,0,0,0,1,0,1,0,1,1,0,1,0,0,0.08842950240223836
1,0,0,0,71,1,1,19.9,1355.1,0,0,0,0,1,1,0,1,0,1,0,1,0,1,0,1,0,0,1,1,0,0,0.002126977932287948
0,0,1,1,38,1,0,80.3,3058.65,1,0,0,0,0,0,1,0,1,0,0,0,1,0,1,0,1,1,0,1,0,0,0.03437951866950868
1,1,1,0,24,1,1,93.15,2231.05,1,0,0,1,0,0,0,0,0,0,1,0,0,0,1,0,1,0,0,0,1,0,0.7061231184253423
1,0,1,0,35,1,1,91.5,3236.35,0,0,1,1,0,0,0,0,0,0,0,0,1,0,1,0,0,0,0,1,0,0,0.358406371345115
0,1,0,0,54,1,0,82.45,4350.1,1,0,1,0,0,0,1,0,1,0,0,0,1,0,1,0,1,1,0,0,0,0,0.04393901247624171
0,0,1,1,72,0,1,60.0,4264.0,0,1,0,0,0,0,0,0,1,0,1,0,1,0,1,0,1,0,1,0,1,0,0.021811487075285546
1,0,0,0,1,1,1,44.8,44.8,0,0,0,0,0,0,0,0,0,0,0,0,0,0,0,0,0,0,0,0,1,0,0.5035225625257657
0,0,1,1,9,1,0,48.6,422.3,0,0,0,0,0,0,1,0,0,0,0,0,0,0,0,0,0,1,0,0,0,1,0.09377490784974443
1,0,0,0,69,0,1,60.05,4176.7,0,1,0,0,0,0,1,0,1,0,0,0,1,0,1,0,1,0,1,0,0,0,0.014588469367070957
0,0,1,0,52,1,1,102.7,5138.1,0,0,1,1,0,0,0,0,1,0,0,0,1,0,1,0,1,0,0,1,0,0,0.30747332292102236
0,1,1,0,11,1,1,82.9,880.05,0,0,0,1,0,0,0,0,0,0,0,0,1,0,1,0,0,0,0,0,1,0,0.6503574003555671
0,1,0,0,2,1,1,70.35,139.05,1,0,0,1,0,0,0,0,0,0,0,0,0,0,0,0,0,0,0,0,1,0,0.7403305092460081
0,1,1,1,28,0,1,35.9,973.65,0,1,0,0,0,0,0,0,0,0,0,0,0,0,1,0,0,0,0,0,1,0,0.41350506822761574
0,1,0,0,17,1,1,82.65,1470.05,0,0,1,1,0,0,0,0,0,0,1,0,0,0,0,0,0,0,0,1,0,0,0.5853035596441537
0,0,1,1,35,1,1,19.85,739.35,0,0,0,0,1,1,0,1,0,1,0,1,0,1,0,1,0,0,1,0,0,1,0.013671133171647308
0,0,0,0,8,1,1,19.2,161.95,0,0,0,0,1,1,0,1,0,1,0,1,0,1,0,1,0,1,0,0,0,1,0.1043481484559766
1,0,0,0,46,1,1,94.9,4422.95,0,0,1,1,0,0,0,0,1,0,1,0,0,0,1,0,0,1,0,1,0,0,0.20159403269324866
0,0,0,0,7,1,1,73.85,511.25,1,0,1,1,0,0,0,0,0,0,0,0,0,0,0,0,0,0,0,0,1,0,0.6984086416464288
0,0,0,0,2,1,0,80.6,155.8,1,0,1,1,0,0,0,0,0,0,1,0,0,0,0,0,0,0,0,0,0,1,0.5952636276345683
1,0,1,1,68,1,1,75.8,5293.95,1,0,1,0,0,0,0,0,1,0,1,0,1,0,0,0,1,1,0,0,0,0,0.025591667006040764
0,0,0,0,43,1,1,104.6,4759.85,1,0,1,1,0,0,0,0,1,0,1,0,0,0,1,0,1,0,1,0,1,0,0.2780572301570779
0,0,0,0,68,1,1,88.15,6148.45,0,0,1,0,0,0,1,0,1,0,1,0,1,0,1,0,1,0,1,0,1,0,0.025618346364764247
0,0,0,0,36,1,1,94.8,3565.65,0,0,0,1,0,0,0,0,1,0,0,0,0,0,1,0,1,0,0,1,0,0,0.4466199390896035
1,0,1,0,63,1,1,103.4,6603.0,1,0,1,1,0,0,0,0,1,0,1,0,0,0,1,0,1,0,0,0,1,0,0.43714039431012996
0,1,0,0,32,1,0,54.65,1830.1,0,0,0,0,0,0,0,0,1,0,0,0,1,0,0,0,0,0,0,0,0,0,0.11266907607618341
0,0,1,0,71,1,0,85.75,6223.8,0,0,1,0,0,0,1,0,1,0,1,0,1,0,1,0,1,0,1,1,0,0,0.012227055041549544
0,0,1,1,66,1,1,67.45,4508.65,0,0,1,0,0,0,1,0,1,0,1,0,0,0,0,0,0,0,0,0,0,0,0.03687147197845334
1,0,0,0,63,1,0,20.5,1328.15,0,0,0,0,1,1,0,1,0,1,0,1,0,1,0,1,0,1,0,0,0,1,0.004688981688861268
0,0,0,1,41,1,1,20.25,865.0,0,0,0,0,1,1,0,1,0,1,0,1,0,1,0,1,0,1,0,1,0,0,0.015030546876636887
0,1,0,0,1,1,1,72.1,72.1,0,0,1,1,0,0,0,0,0,0,0,0,0,0,0,0,0,0,0,0,1,0,0.7918935684711311
0,0,0,0,2,1,1,90.4,168.2,1,0,0,1,0,0,0,0,0,0,0,0,0,0,1,0,1,0,0,0,1,0,0.780312821206923
0,0,1,0,70,1,0,19.45,1303.5,0,0,0,0,1,1,0,1,0,1,0,1,0,1,0,1,0,0,1,0,0,0,0.002096054327877205
0,0,0,0,23,0,1,44.95,996.85,0,1,0,0,0,0,0,0,0,0,0,0,0,0,1,0,1,0,0,0,1,0,0.5287809144592455
0,1,1,0,64,1,0,97.0,6430.9,0,0,0,1,0,0,1,0,1,0,1,0,0,0,0,0,1,1,0,0,0,0,0.09141077319469879
1,0,1,1,37,1,1,62.8,2278.75,0,0,1,0,0,0,1,0,0,0,1,0,1,0,0,0,0,0,1,1,0,0,0.019082921937890567
1,0,0,1,17,1,0,44.6,681.4,0,0,0,0,0,0,0,0,0,0,0,0,0,0,0,0,0,1,0,0,0,1,0.09075210095818298
0,1,0,0,7,1,1,89.15,574.35,0,0,0,1,0,0,0,0,0,0,0,0,0,0,1,0,1,0,0,0,1,0,0.7972014393924322
1,0,1,1,4,1,1,84.8,371.9,1,0,1,1,0,0,0,0,1,0,1,0,0,0,0,0,0,0,0,0,0,0,0.5861227272774946
0,1,0,0,21,0,1,41.9,840.1,1,1,0,0,0,0,1,0,0,0,0,0,0,0,1,0,0,0,0,0,1,0,0.4337623188759052
0,0,0,0,10,1,1,80.25,846.0,1,0,0,1,0,0,0,0,0,0,0,0,0,0,0,0,1,0,0,0,0,0,0.6242008524606586
0,1,0,0,16,1,1,54.1,889.0,0,0,1,0,0,0,1,0,0,0,0,0,0,0,0,0,0,0,0,0,1,0,0.36741025624434237
1,0,1,0,64,1,1,105.25,6823.4,0,0,1,1,0,0,0,0,1,0,0,0,1,0,1,0,1,0,1,0,1,0,0.12436231984110424
1,1,1,0,27,0,0,30.75,805.1,1,1,0,0,0,0,1,0,0,0,0,0,0,0,0,0,0,0,0,1,0,0,0.1820188488191086
1,0,1,1,42,1,0,97.1,4016.75,0,0,1,1,0,0,1,0,0,0,0,0,0,0,1,0,1,1,0,0,1,0,0.20754564413041354
1,0,0,1,5,1,0,20.2,83.75,0,0,0,0,1,1,0,1,0,1,0,1,0,1,0,1,0,0,0,0,0,1,0.14450354812413096
0,0,0,0,41,1,1,98.8,3959.15,0,0,0,1,0,0,0,0,1,0,0,0,1,0,1,0,1,0,1,0,0,0,0.12321446472588195
1,0,1,0,58,1,0,50.3,2878.55,0,0,0,0,0,0,0,0,0,0,1,0,0,0,0,0,0,1,0,1,0,0,0.02013305747183525
0,0,0,0,47,1,1,20.55,945.7,0,0,0,0,1,1,0,1,0,1,0,1,0,1,0,1,0,0,1,0,0,1,0.008478531504602586
1,0,0,0,18,1,1,75.9,1373.05,0,0,0,1,0,0,0,0,0,0,0,0,1,0,0,0,0,0,0,0,0,0,0.3752579509464747
1,0,0,0,5,1,0,96.5,492.55,1,0,0,1,0,0,0,0,0,0,1,0,0,0,1,0,1,0,0,0,0,0,0.6412008076981043
1,0,1,0,23,1,1,59.95,1406.0,0,0,0,0,0,0,1,0,0,0,0,0,0,0,0,0,1,0,0,0,0,0,0.21519479065349922
0,0,0,0,1,1,0,19.15,19.15,0,0,0,0,1,1,0,1,0,1,0,1,0,1,0,1,0,0,0,0,0,1,0.21402818697660664
1,0,1,0,71,1,1,98.65,6962.85,0,0,1,1,0,0,0,0,0,0,1,0,0,0,1,0,1,1,0,1,0,0,0.16170826798637947
1,0,1,1,72,1,1,112.6,8126.65,0,0,1,1,0,0,1,0,1,0,1,0,1,0,1,0,1,0,1,1,0,0,0.04363964175324221
1,0,1,1,33,1,0,20.6,690.25,0,0,0,0,1,1,0,1,0,1,0,1,0,1,0,1,0,1,0,0,0,1,0.018848245084810367
1,0,0,0,2,1,1,85.65,181.5,1,0,1,1,0,0,0,0,0,0,0,0,0,0,1,0,0,0,0,0,1,0,0.7704261526894914
1,0,0,1,24,0,0,35.75,830.8,0,1,0,0,0,0,1,0,0,0,0,0,1,0,0,0,0,0,1,0,0,1,0.029717385569091304
0,0,1,1,56,1,1,99.75,5608.4,0,0,1,1,0,0,0,0,1,0,1,0,1,0,0,0,1,1,0,1,0,0,0.10485711638287118
1,0,0,0,37,1,1,96.1,3646.8,0,0,0,1,0,0,0,0,1,0,0,0,0,0,1,0,1,0,0,1,0,0,0.42705305542952776
0,0,0,0,43,1,0,85.1,3662.25,0,0,1,0,0,0,0,0,1,0,1,0,1,0,1,0,1,1,0,1,0,0,0.06721484078429547
1,0,0,0,1,0,0,25.35,25.35,0,1,0,0,0,0,0,0,0,0,0,0,0,0,0,0,0,0,0,0,0,1,0.501980163978098
0,0,1,0,25,1,1,104.95,2566.5,1,0,1,1,0,0,0,0,0,0,1,0,1,0,1,0,1,0,0,0,0,0,0.5500975374746769
0,0,0,0,61,1,0,89.65,5308.7,0,0,1,0,0,0,1,0,1,0,1,0,1,0,1,0,1,0,1,0,1,0,0.02252308536255849
1,0,0,0,17,1,0,86.75,1410.25,0,0,1,1,0,0,0,0,0,0,1,0,1,0,0,0,0,1,0,0,1,0,0.26746493970125074
0,0,1,0,41,1,1,86.2,3339.05,0,0,0,1,0,0,0,0,1,0,1,0,1,0,0,0,0,1,0,0,0,0,0.11068844776200827
1,0,0,0,1,1,0,50.65,50.65,1,0,0,0,0,0,0,0,1,0,0,0,0,0,0,0,0,0,0,0,0,1,0.3283616879893349
1,1,1,1,72,0,1,64.8,4732.35,0,1,0,0,0,0,1,0,1,0,1,0,1,0,1,0,1,0,1,0,0,0,0.015535555477150886
1,0,0,0,1,1,1,90.85,90.85,1,0,1,1,0,0,0,0,1,0,0,0,0,0,0,0,1,0,0,1,0,0,0.6760306418296863
1,0,0,0,48,1,1,108.1,5067.45,0,0,1,1,0,0,0,0,1,0,1,0,0,0,1,0,1,0,1,0,0,0,0.1836663904562624
1,1,1,0,11,1,0,19.95,214.75,1,0,0,0,1,1,0,1,0,1,0,1,0,1,0,1,0,0,0,0,0,1,0.1732967293270997
0,1,1,0,55,1,1,85.45,4874.7,1,0,1,1,0,0,0,0,1,0,1,0,0,0,0,0,0,0,0,0,1,0,0.37550345168571175
0,0,0,0,42,0,1,54.75,2348.45,0,1,0,0,0,0,1,0,1,0,1,0,1,0,0,0,1,1,0,0,1,0,0.06999228099911223
1,0,0,0,44,1,1,90.4,4063.0,0,0,1,1,0,0,0,0,0,0,1,0,0,0,0,0,1,0,0,0,0,1,0.39896010394625864
1,0,0,1,1,1,0,44.0,44.0,0,0,0,0,0,0,0,0,0,0,0,0,0,0,0,0,0,0,0,0,1,0,0.3846404168395815
0,0,0,0,27,1,1,95.6,2595.25,0,0,1,1,0,0,0,0,0,0,0,0,0,0,1,0,1,0,0,0,0,0,0.6182151025021778
1,1,1,0,27,1,1,84.8,2309.55,0,0,1,0,0,0,0,0,1,0,1,0,1,0,1,0,1,0,0,0,0,0,0.3393423453798451
0,1,0,0,2,1,1,44.3,89.3,0,0,0,0,0,0,0,0,0,0,0,0,0,0,0,0,0,0,0,0,1,0,0.5661604696245338
0,0,0,0,19,1,0,19.9,367.55,0,0,0,0,1,1,0,1,0,1,0,1,0,1,0,1,0,0,0,0,0,1,0.09415392977323198
0,1,1,0,42,1,1,95.05,3944.5,0,0,1,1,0,0,0,0,0,0,0,0,0,0,1,0,1,0,0,0,1,0,0.6443589417786421
0,0,0,0,66,1,1,90.05,5965.95,0,0,1,0,0,0,1,0,1,0,1,0,1,0,1,0,1,0,1,1,0,0,0.01809862551002009
1,1,1,0,33,1,1,109.9,3694.7,0,0,1,1,0,0,1,0,0,0,1,0,1,0,1,0,1,0,0,0,0,0,0.46347593549257937
0,0,0,0,34,1,1,73.95,2524.45,1,0,0,1,0,0,0,0,1,0,0,0,0,0,0,0,0,0,0,1,0,0,0.2935373557551502
1,1,0,0,33,0,1,54.6,1803.7,0,1,0,0,0,0,0,0,0,0,1,0,1,0,1,0,1,0,0,0,1,0,0.3910165474075276
0,0,1,1,23,1,0,20.05,415.1,0,0,0,0,1,1,0,1,0,1,0,1,0,1,0,1,0,1,0,0,0,1,0.03203905536114196
0,0,0,0,32,1,0,19.75,624.15,0,0,0,0,1,1,0,1,0,1,0,1,0,1,0,1,0,1,0,0,0,0,0.02542730088083219
0,0,0,0,11,1,0,20.05,237.7,0,0,0,0,1,1,0,1,0,1,0,1,0,1,0,1,0,1,0,1,0,0,0.06557086096990951
1,0,1,1,69,1,1,99.45,7007.6,1,0,1,1,0,0,0,0,0,0,1,0,0,0,1,0,1,0,0,1,0,0,0.27138791972766896
0,0,1,0,68,1,0,55.9,3848.8,0,0,0,0,0,0,1,0,0,0,0,0,1,0,0,0,0,1,0,0,0,0,0.007604886562032558
1,0,0,0,20,1,1,19.7,419.4,0,0,0,0,1,1,0,1,0,1,0,1,0,1,0,1,0,0,1,0,0,1,0.033779754849444205
1,0,0,0,72,1,1,19.8,1468.75,0,0,0,0,1,1,0,1,0,1,0,1,0,1,0,1,0,0,1,1,0,0,0.002078225177032981
1,0,1,1,60,1,1,95.4,5812.0,0,0,1,1,0,0,1,0,0,0,1,0,0,0,1,0,0,1,0,0,0,0,0.10452258469429501
1,1,1,1,32,1,1,93.95,2861.45,0,0,0,1,0,0,0,0,1,0,0,0,0,0,1,0,1,0,0,0,0,1,0.4860419198550877
0,0,0,0,1,1,1,19.9,19.9,1,0,0,0,1,1,0,1,0,1,0,1,0,1,0,1,0,0,0,0,0,1,0.26218429927816655
1,0,0,0,1,1,1,19.6,19.6,1,0,0,0,1,1,0,1,0,1,0,1,0,1,0,1,0,0,0,0,0,1,0.25644837449201413
1,1,0,0,3,1,1,81.35,233.7,1,0,1,1,0,0,0,0,1,0,0,0,0,0,0,0,0,0,0,0,1,0,0.7447771249016282
0,0,1,0,46,1,1,24.45,1066.15,0,0,1,0,1,1,0,1,0,1,0,1,0,1,0,1,0,1,0,0,0,0,0.022026868978271386
0,0,1,0,29,1,1,74.95,2149.05,0,0,1,1,0,0,0,0,0,0,0,0,0,0,0,0,0,0,0,0,1,0,0.5203427005541825
1,0,0,0,51,1,1,87.35,4473.0,0,0,1,1,0,0,0,0,1,0,1,0,1,0,0,0,0,0,0,0,1,0,0.2440709805797437
0,1,1,0,48,1,1,70.65,3545.05,0,0,0,1,0,0,0,0,0,0,0,0,0,0,0,0,0,0,0,0,0,0,0.2999210836611803
0,0,1,1,16,1,0,73.25,1195.75,0,0,0,1,0,0,0,0,1,0,0,0,0,0,0,0,0,0,0,0,0,0,0.37069498497223463
1,0,1,0,70,1,1,98.7,6858.9,0,0,1,1,0,0,0,0,1,0,1,0,1,0,0,0,1,0,1,0,0,0,0.05734775921389022
0,0,1,1,40,1,1,24.8,1024.7,0,0,1,0,1,1,0,1,0,1,0,1,0,1,0,1,0,0,1,0,0,1,0.013823354123680439
0,0,1,1,22,1,0,83.3,1845.9,1,0,0,1,0,0,0,0,1,0,0,0,0,0,0,0,1,0,0,0,1,0,0.4574249306509836
0,1,0,0,1,1,1,75.3,75.3,1,0,0,1,0,0,0,0,0,0,1,0,0,0,0,0,0,0,0,0,0,0,0.6889396416469161
0,0,1,1,5,1,1,24.3,132.25,0,0,1,0,1,1,0,1,0,1,0,1,0,1,0,1,0,0,0,0,0,1,0.2348726099896752
0,0,0,0,7,1,1,69.85,515.45,0,0,0,1,0,0,0,0,0,0,0,0,0,0,0,0,0,0,0,0,0,0,0.5849099260541417
1,0,0,1,29,1,0,100.55,2830.45,0,0,1,1,0,0,0,0,1,0,1,0,1,0,0,0,1,1,0,1,0,0,0.14620251394444933
1,0,1,1,44,1,0,25.7,1110.5,0,0,1,0,1,1,0,1,0,1,0,1,0,1,0,1,0,1,0,0,0,1,0.013988989655257451
0,0,0,0,10,0,0,40.7,449.3,0,1,0,0,0,0,1,0,1,0,1,0,0,0,0,0,0,0,0,0,0,0,0.2888987614884127
0,1,1,0,55,1,0,51.65,2838.55,0,0,1,0,0,0,0,0,0,0,0,0,0,0,0,0,0,0,0,0,0,0,0.08961439640736775
1,1,1,0,52,1,1,105.1,5376.4,0,0,1,1,0,0,0,0,1,0,1,0,0,0,1,0,1,1,0,0,0,0,0.3190778642513492
0,0,1,1,10,1,0,85.95,858.6,0,0,1,1,0,0,0,0,0,0,0,0,0,0,0,0,1,0,0,0,1,0,0.6342573940744982
1,0,0,0,18,1,1,75.6,1395.05,0,0,1,1,0,0,0,0,0,0,0,0,0,0,0,0,0,0,0,0,0,0,0.5353315199184155
0,0,1,0,68,1,0,58.25,3975.7,0,0,1,0,0,0,1,0,0,0,0,0,1,0,0,0,0,1,0,0,0,0,0.010069395075323206
0,0,1,1,61,1,1,19.4,1182.55,1,0,0,0,1,1,0,1,0,1,0,1,0,1,0,1,0,0,0,0,0,1,0.012317106629595228
0,0,1,1,72,0,1,65.2,4784.45,0,1,0,0,0,0,1,0,1,0,1,0,1,0,1,0,1,0,1,1,0,0,0.011062305253912656
1,0,0,0,2,1,0,53.45,119.5,0,0,0,0,0,0,1,0,0,0,1,0,0,0,0,0,0,0,0,0,1,0,0.32009032817312816
1,0,0,0,12,1,1,45.4,518.9,1,0,0,0,0,0,0,0,0,0,0,0,0,0,0,0,0,0,0,0,0,0,0.3174142847486733
1,0,1,0,41,1,1,19.75,899.45,0,0,0,0,1,1,0,1,0,1,0,1,0,1,0,1,0,0,1,0,1,0,0.01678987635867041
0,0,0,0,26,0,1,44.45,1183.8,0,1,0,0,0,0,0,0,0,0,1,0,1,0,1,0,0,0,0,1,0,0,0.25190608846025586
1,0,1,0,36,1,0,20.85,720.05,0,0,0,0,1,1,0,1,0,1,0,1,0,1,0,1,0,1,0,0,0,0,0.020897123493806385
1,0,1,1,72,1,1,114.05,8468.2,0,0,1,1,0,0,1,0,1,0,1,0,1,0,1,0,1,0,1,1,0,0,0.04757637648097518
1,0,1,0,35,1,1,89.85,3161.2,0,0,1,1,0,0,0,0,0,0,0,0,1,0,0,0,1,0,0,0,0,0,0.3909772405595816
1,0,0,0,1,1,0,55.05,55.05,0,0,0,0,0,0,0,0,0,0,1,0,1,0,0,0,0,0,0,0,0,1,0.2627921096483546
0,0,1,1,16,1,1,112.95,1882.55,0,0,1,1,0,0,1,0,0,0,1,0,1,0,1,0,1,0,0,0,1,0,0.524115137681524
0,1,0,0,49,1,0,101.55,5070.4,0,0,1,1,0,0,1,0,0,0,0,0,0,0,1,0,1,0,0,1,0,0,0.34108438976668526
0,0,1,0,54,1,1,114.65,6049.5,0,0,1,1,0,0,1,0,1,0,1,0,1,0,1,0,1,1,0,0,0,1,0.13921974950242658
0,0,0,1,18,1,0,64.8,1166.7,0,0,1,0,0,0,1,0,0,0,0,0,0,0,0,0,1,0,0,0,1,0,0.2515325440391215
0,0,1,0,36,1,0,80.4,2937.65,0,0,0,1,0,0,0,0,0,0,0,0,0,0,0,0,1,0,0,0,1,0,0.41529174473046837
0,0,0,0,60,1,1,105.9,6396.45,1,0,1,1,0,0,0,0,1,0,1,0,0,0,1,0,1,0,0,0,1,0,0.4551285550362492
0,0,0,0,1,1,0,69.55,69.55,1,0,0,1,0,0,0,0,0,0,0,0,0,0,0,0,0,0,0,0,0,1,0.5579441258560083
0,0,1,1,52,1,1,25.05,1270.25,0,0,1,0,1,1,0,1,0,1,0,1,0,1,0,1,0,0,1,0,0,0,0.007801065987046339
1,0,1,1,8,1,1,94.75,759.55,0,0,0,1,0,0,0,0,0,0,1,0,0,0,1,0,1,0,0,0,1,0,0.706089506297957
1,0,1,1,72,1,0,105.5,7611.55,0,0,0,1,0,0,1,0,1,0,0,0,1,0,1,0,1,0,1,0,0,0,0.026253199931447313
0,0,0,0,64,1,0,24.7,1642.75,0,0,1,0,1,1,0,1,0,1,0,1,0,1,0,1,0,1,0,0,0,1,0.006296057147485059
0,1,0,0,22,1,1,69.75,1545.4,0,0,0,0,0,0,1,0,0,0,1,0,1,0,0,0,1,0,0,0,0,1,0.18998524772384368
1,0,1,0,60,0,1,60.2,3582.4,0,1,0,0,0,0,0,0,1,0,1,0,1,0,1,0,1,0,0,0,0,0,0.10900409048499146
0,0,1,1,28,1,1,81.05,2227.1,1,0,0,1,0,0,0,0,0,0,0,0,0,0,0,0,1,0,0,0,1,0,0.49026203629792103
0,0,1,0,61,1,0,24.4,1417.9,0,0,1,0,1,1,0,1,0,1,0,1,0,1,0,1,0,0,1,0,0,1,0.004330601508860143
0,0,0,0,24,1,1,104.15,2494.65,0,0,1,1,0,0,0,0,1,0,1,0,0,0,1,0,1,0,0,0,1,0,0.6828334049484064
1,0,1,1,28,1,0,92.9,2768.35,0,0,0,1,0,0,0,0,1,0,1,0,1,0,1,0,0,1,0,0,0,0,0.14727731237885552
0,0,1,1,30,1,0,80.8,2369.3,0,0,0,0,0,0,0,0,1,0,1,0,1,0,1,0,1,0,1,0,0,0,0.044746254274136296
1,0,1,0,2,1,0,20.0,38.0,0,0,0,0,1,1,0,1,0,1,0,1,0,1,0,1,0,0,0,0,0,1,0.2065679607387583
1,0,0,0,1,1,1,75.1,75.1,0,0,1,1,0,0,0,0,0,0,0,0,0,0,0,0,0,0,0,0,1,0,0.7340760099204764
1,0,0,1,6,1,0,19.65,100.9,0,0,0,0,1,1,0,1,0,1,0,1,0,1,0,1,0,0,0,0,0,1,0.13862118395929596
0,0,1,0,24,1,1,69.45,1614.05,0,0,0,0,0,0,0,0,1,0,0,0,0,0,1,0,1,0,0,0,0,0,0.33210584229555756
1,0,1,1,4,1,0,101.15,385.9,1,0,1,1,0,0,0,0,0,0,1,0,0,0,1,0,1,0,0,0,1,0,0.7170099797632893
1,0,0,0,7,1,1,99.8,673.25,1,0,1,1,0,0,0,0,1,0,0,0,0,0,1,0,1,0,0,0,1,0,0.7678066293411149
1,1,1,0,72,1,1,116.05,8404.9,0,0,1,1,0,0,1,0,1,0,1,0,1,0,1,0,1,0,1,0,0,0,0.08103251623650101
1,0,0,0,70,0,1,40.05,2799.75,0,1,0,0,0,0,0,0,0,0,0,0,1,0,0,0,1,0,1,0,0,1,0.012045522207023394
1,1,1,0,64,1,0,102.1,6538.45,0,0,1,1,0,0,0,0,0,0,1,0,1,0,1,0,1,0,1,0,1,0,0.12768351976705586
1,0,1,1,72,1,1,89.7,6588.95,0,0,1,1,0,0,0,0,1,0,0,0,0,0,1,0,0,1,0,0,1,0,0.11992538612583874
0,0,0,1,44,1,0,19.9,868.1,0,0,0,0,1,1,0,1,0,1,0,1,0,1,0,1,0,0,1,0,0,1,0.006098517579366131
0,0,1,1,13,1,0,55.95,734.35,1,0,0,0,0,0,0,0,0,0,0,0,0,0,0,0,1,0,0,0,1,0,0.3408324565560398
0,1,0,0,17,1,0,20.65,330.6,0,0,0,0,1,1,0,1,0,1,0,1,0,1,0,1,0,1,0,0,0,1,0.06556586516914144
1,0,0,0,1,1,1,55.0,55.0,1,0,0,0,0,0,0,0,0,0,0,0,0,0,0,0,1,0,0,0,1,0,0.5644995848581279
1,0,1,0,9,1,1,70.05,564.4,0,0,0,0,0,0,0,0,0,0,1,0,0,0,1,0,1,0,0,0,0,1,0.4673747933997334
1,0,1,0,24,1,0,53.6,1315.35,0,0,0,0,0,0,1,0,0,0,0,0,1,0,0,0,0,0,0,0,0,1,0.08584186563327979
0,0,1,1,1,1,1,74.7,74.7,1,0,0,1,0,0,0,0,1,0,0,0,0,0,0,0,0,0,0,0,1,0,0.6322103180747339
1,0,0,0,24,1,1,80.25,1861.5,1,0,1,1,0,0,0,0,1,0,0,0,0,0,0,0,0,0,0,0,1,0,0.5201900009784924
1,1,1,1,35,1,1,76.05,2747.2,0,0,0,0,0,0,0,0,1,0,0,0,1,0,1,0,1,0,0,0,1,0,0.2385149580797263
0,0,1,1,7,1,1,75.7,554.05,0,0,0,0,0,0,1,0,1,0,1,0,1,0,1,0,0,0,0,0,1,0,0.24617692955894707
1,0,0,0,5,1,1,96.1,453.4,1,0,0,1,0,0,0,0,0,0,0,0,1,0,1,0,1,0,0,0,1,0,0.6715264689511204
0,0,0,1,15,1,0,69.0,994.8,1,0,0,1,0,0,0,0,0,0,0,0,0,0,0,0,0,0,0,0,0,0,0.3856390246303197
1,0,1,1,11,1,0,19.65,225.75,0,0,0,0,1,1,0,1,0,1,0,1,0,1,0,1,0,0,1,0,0,1,0.03477968286618421
0,0,1,0,48,0,1,45.3,2145.0,1,1,0,0,0,0,1,0,0,0,1,0,0,0,0,0,1,0,0,0,0,0,0.12663829530408524
0,1,0,0,20,1,1,81.45,1671.6,0,0,0,1,0,0,0,0,0,0,0,0,0,0,0,0,1,0,0,0,1,0,0.6655458440123694
0,0,1,0,72,1,1,108.5,8003.8,0,0,1,1,0,0,0,0,1,0,1,0,1,0,1,0,1,1,0,0,0,0,0.14573394727258474
0,0,1,1,8,1,1,83.55,680.05,1,0,0,1,0,0,0,0,1,0,0,0,0,0,1,0,0,0,0,0,1,0,0.6346661149995354
1,0,1,1,72,1,1,84.5,6130.85,0,0,1,1,0,0,0,0,0,0,0,0,0,0,0,0,1,0,1,1,0,0,0.050826941608594314
0,0,0,0,15,1,1,100.15,1415.0,0,0,1,1,0,0,0,0,1,0,0,0,0,0,1,0,1,0,0,0,1,0,0.7271586873438473
1,0,0,0,72,1,1,88.6,6201.95,0,0,1,0,0,0,0,0,1,0,1,0,1,0,1,0,1,0,1,0,0,0,0.02263476638017732
1,0,0,1,1,1,1,74.35,74.35,1,0,1,1,0,0,0,0,0,0,0,0,0,0,0,0,0,0,0,0,1,0,0.6908708693540776
1,0,1,1,63,1,1,104.8,6597.25,0,0,1,1,0,0,0,0,1,0,1,0,0,0,1,0,1,0,1,0,0,0,0.11453130188090994
0,0,0,0,2,1,1,59.0,114.15,0,0,0,0,0,0,0,0,1,0,0,0,0,0,1,0,0,0,0,0,1,0,0.5302627288079103
0,0,1,0,2,1,1,74.4,139.4,1,0,0,1,0,0,1,0,0,0,0,0,0,0,0,0,0,0,0,0,1,0,0.5981843424351917
1,1,1,0,61,1,0,64.05,3902.6,0,0,1,0,0,0,0,0,1,0,0,0,0,0,0,0,1,1,0,0,0,0,0.04812012548806674
1,0,0,0,1,1,0,20.4,20.4,0,0,0,0,1,1,0,1,0,1,0,1,0,1,0,1,0,0,0,0,0,1,0.20663631938068405
1,0,0,0,22,0,1,43.75,903.6,1,1,0,0,0,0,0,0,1,0,1,0,0,0,0,0,1,1,0,0,0,0,0.21926847308597705
1,0,1,0,28,1,0,60.9,1785.65,0,0,0,0,0,0,1,0,1,0,0,0,1,0,0,0,0,0,0,0,0,1,0.06896525907574755
0,0,1,0,70,1,0,19.8,1397.65,0,0,0,0,1,1,0,1,0,1,0,1,0,1,0,1,0,0,1,0,0,0,0.0021499249846148555
0,1,0,0,5,0,0,28.45,131.05,1,1,0,0,0,0,0,0,1,0,0,0,0,0,0,0,0,0,0,0,1,0,0.579285776936934
0,0,0,0,12,1,1,99.7,1238.45,1,0,1,1,0,0,1,0,1,0,1,0,0,0,0,0,1,0,0,0,0,0,0.5348142337172768
1,0,0,0,34,1,0,116.25,3899.05,0,0,1,1,0,0,1,0,1,0,1,0,1,0,1,0,1,1,0,1,0,0,0.1490041731096546
0,1,1,0,71,1,1,80.7,5676.0,0,0,1,1,0,0,1,0,0,0,0,0,0,0,0,0,0,0,1,1,0,0,0.039128780987257784
0,0,1,1,70,1,0,65.2,4543.15,0,0,1,0,0,0,1,0,0,0,0,0,0,0,0,0,1,1,0,0,0,0,0.01626512181656993
0,0,1,1,52,1,1,84.05,4326.8,0,0,0,1,0,0,1,0,0,0,1,0,1,0,0,0,0,0,0,0,0,0,0.09963517142863013
1,0,0,1,69,1,1,79.45,5502.55,0,0,1,0,0,0,1,0,1,0,1,0,1,0,1,0,0,0,1,1,0,0,0.008146117061933085
0,1,0,0,20,1,1,94.1,1782.4,1,0,1,1,0,0,0,0,1,0,1,0,0,0,0,0,1,0,0,0,1,0,0.6938210682790333
1,0,0,1,11,1,1,78.0,851.8,0,0,1,1,0,0,0,0,0,0,1,0,0,0,0,0,0,0,0,0,0,1,0.5288041248916615
1,0,1,0,2,1,1,94.2,167.5,1,0,0,1,0,0,0,0,0,0,0,0,1,0,1,0,1,0,0,0,1,0,0.7052554900652795
0,0,1,1,6,1,1,80.5,502.85,1,0,1,1,0,0,0,0,0,0,0,0,1,0,0,0,0,0,0,0,1,0,0.5714990403564942
0,0,0,0,1,1,0,19.85,19.85,0,0,0,0,1,1,0,1,0,1,0,1,0,1,0,1,0,0,0,0,0,1,0.21291780080647713
1,1,1,1,20,1,0,94.3,1818.3,0,0,0,1,0,0,1,0,0,0,1,0,1,0,0,0,1,1,0,1,0,0,0.14599619745720666
1,0,0,0,61,1,1,106.45,6300.15,0,0,1,1,0,0,1,0,0,0,1,0,0,0,1,0,1,0,0,0,1,0,0.3469703346119142
0,1,1,0,5,1,1,74.35,334.8,1,0,1,1,0,0,0,0,0,0,0,0,0,0,0,0,0,0,0,0,1,0,0.7699645368135044
0,0,0,0,56,1,1,105.45,5916.95,0,0,1,1,0,0,0,0,1,0,0,0,1,0,1,0,1,0,0,0,0,0,0.3193706530902543
1,0,0,0,30,1,1,95.0,2852.4,0,0,1,1,0,0,1,0,1,0,1,0,1,0,0,0,0,0,0,1,0,0,0.2208861880545752
1,0,0,0,40,1,0,104.8,4131.95,1,0,1,1,0,0,0,0,0,0,1,0,1,0,1,0,1,0,0,0,0,0,0.3638709969766591
0,0,0,0,28,1,0,54.3,1546.3,0,0,0,0,0,0,1,0,0,0,0,0,1,0,0,0,0,1,0,0,0,1,0.03534481656647161
0,1,1,0,5,1,0,70.05,302.6,0,0,0,1,0,0,0,0,0,0,0,0,0,0,0,0,0,0,0,0,1,0,0.6681201808755637
0,1,1,0,27,1,1,75.2,1929.35,1,0,0,1,0,0,1,0,0,0,0,0,0,0,0,0,0,0,0,0,0,0,0.36651915659034795
1,0,0,0,12,1,0,20.05,265.45,0,0,0,0,1,1,0,1,0,1,0,1,0,1,0,1,0,0,0,1,0,0,0.12049771909340491
1,0,1,1,67,1,1,105.4,6989.45,0,0,1,1,0,0,0,0,1,0,1,0,0,0,1,0,1,1,0,0,1,0,0.20414094005550124
1,1,1,0,29,1,1,51.6,1442.0,0,0,1,0,0,0,0,0,0,0,0,0,0,0,0,0,0,0,0,0,1,0,0.33169212637822887
1,0,1,1,55,1,0,85.5,4713.4,0,0,1,1,0,0,0,0,0,0,0,0,0,0,0,0,1,0,0,0,0,0,0.22740675117339895
0,0,0,0,23,1,0,75.6,1758.6,1,0,1,1,0,0,0,0,0,0,0,0,0,0,0,0,0,0,0,0,0,0,0.4297759808763493
1,0,1,0,34,1,1,100.05,3480.0,1,0,1,1,0,0,0,0,0,0,1,0,0,0,1,0,1,0,0,0,1,0,0.6477039783700571
1,0,0,0,52,1,0,91.25,4738.3,0,0,0,1,0,0,1,0,0,0,1,0,0,0,1,0,0,1,0,0,1,0,0.11245939970823307
1,1,1,1,72,1,1,115.75,8399.15,0,0,1,1,0,0,1,0,1,0,1,0,1,0,1,0,1,0,1,1,0,0,0.058719141305997216
1,0,1,1,58,1,1,94.7,5430.35,0,0,1,1,0,0,0,0,1,0,0,0,1,0,1,0,0,1,0,1,0,0,0.0875764399790314
1,0,1,1,35,1,0,19.6,686.95,0,0,0,0,1,1,0,1,0,1,0,1,0,1,0,1,0,0,1,0,0,1,0.009968866643309244
0,1,0,0,56,1,1,99.9,5706.3,0,0,1,1,0,0,0,0,1,0,1,0,1,0,1,0,0,0,1,0,0,0,0.10796394200118997
0,0,1,1,24,1,1,21.1,490.65,0,0,0,0,1,1,0,1,0,1,0,1,0,1,0,1,0,0,1,1,0,0,0.02211118853905613
1,0,1,1,70,1,0,20.05,1360.25,0,0,0,0,1,1,0,1,0,1,0,1,0,1,0,1,0,0,1,1,0,0,0.0014510649126373918
1,0,0,0,2,1,1,79.95,174.45,0,0,0,1,0,0,0,0,0,0,0,0,0,0,1,0,0,0,0,0,1,0,0.7304518549794166
1,1,1,1,68,1,1,107.15,7379.8,0,0,1,1,0,0,0,0,0,0,1,0,1,0,1,0,1,1,0,1,0,0,0.14724278674671148
0,0,0,0,1,1,1,85.0,85.0,1,0,1,1,0,0,0,0,0,0,0,0,0,0,0,0,1,0,0,0,1,0,0.7852096757275423
1,0,0,0,12,1,1,89.55,1021.75,0,0,1,1,0,0,0,0,0,0,1,0,0,0,1,0,0,0,0,0,1,0,0.7038897739784233
0,0,1,0,63,1,1,81.55,5029.05,0,0,1,1,0,0,0,0,1,0,0,0,0,0,0,0,0,0,0,0,0,0,0.18977823498947932
0,0,1,1,33,1,1,58.45,1955.4,0,0,0,0,0,0,1,0,1,0,1,0,0,0,0,0,0,1,0,0,0,1,0.043683491530836165
0,0,1,0,69,1,1,95.65,6744.2,0,0,0,1,0,0,0,0,1,0,0,0,0,0,1,0,1,1,0,1,0,0,0.13012824712263552
0,0,1,1,60,1,1,80.6,4946.7,0,0,0,0,0,0,0,0,1,0,1,0,1,0,1,0,1,0,1,0,0,0,0.022597574194094548
0,0,1,1,72,1,1,113.1,8248.5,0,0,1,1,0,0,1,0,1,0,1,0,1,0,1,0,1,0,1,0,0,0,0.0524971819016416
0,0,0,0,11,1,1,58.95,601.6,0,0,1,0,0,0,0,0,0,0,0,0,0,0,0,0,1,0,0,0,0,1,0.442947064396528
0,0,0,0,1,1,0,19.55,19.55,0,0,0,0,1,1,0,1,0,1,0,1,0,1,0,1,0,0,0,0,0,1,0.2133931653124734
1,0,0,0,10,1,1,86.05,834.1,1,0,1,1,0,0,0,0,0,0,0,0,0,0,1,0,0,0,0,0,0,0,0.6603100227277967
1,0,0,0,13,0,1,45.55,597.0,1,1,0,0,0,0,1,0,0,0,0,0,1,0,1,0,0,0,0,1,0,0,0.2748518454639468
1,0,1,1,34,1,1,78.95,2647.2,0,0,0,1,0,0,0,0,0,0,0,0,0,0,0,0,1,1,0,0,0,0,0.21436890287417412
1,0,1,1,39,1,1,86.3,3266.0,1,0,0,1,0,0,0,0,1,0,0,0,0,0,1,0,0,0,0,0,0,1,0.2948060875098911
0,0,0,0,65,1,1,105.05,6744.25,0,0,1,1,0,0,0,0,1,0,0,0,1,0,1,0,1,1,0,0,0,0,0.14394672304027126
1,1,1,0,50,1,1,101.9,5265.5,0,0,1,1,0,0,1,0,1,0,1,0,0,0,1,0,0,1,0,0,0,0,0.20033449866986316
1,0,0,0,15,1,0,19.75,311.6,0,0,0,0,1,1,0,1,0,1,0,1,0,1,0,1,0,0,0,0,0,1,0.11143230519909339
1,0,1,1,72,1,1,110.3,7966.9,0,0,1,1,0,0,1,0,1,0,1,0,0,0,1,0,1,0,1,0,0,0,0.06847531357862598
0,0,1,1,72,1,1,115.6,8220.4,0,0,1,1,0,0,1,0,1,0,1,0,1,0,1,0,1,0,1,0,0,0,0.0508800601249128
1,0,1,1,55,1,0,19.35,1153.25,0,0,0,0,1,1,0,1,0,1,0,1,0,1,0,1,0,0,1,0,0,0,0.0037726680378835473
0,0,1,1,23,1,1,25.6,514.75,0,0,1,0,1,1,0,1,0,1,0,1,0,1,0,1,0,0,1,1,0,0,0.029325012448542548
1,0,0,0,32,1,1,80.35,2596.15,1,0,1,1,0,0,0,0,1,0,0,0,0,0,0,0,0,0,0,0,0,0,0.39241414453868534
0,0,1,1,56,1,1,68.75,3808.0,0,0,1,0,0,0,1,0,0,0,1,0,0,0,0,0,1,1,0,0,0,0,0.03781823058527917
0,0,0,0,1,1,0,19.9,19.9,0,0,0,0,1,1,0,1,0,1,0,1,0,1,0,1,0,0,0,0,0,0,0.2226117509581824
1,0,0,0,38,1,0,70.6,2708.2,0,0,0,0,0,0,1,0,1,0,0,0,1,0,1,0,0,1,0,0,0,1,0.029830281080194736
1,0,0,0,11,1,0,70.2,760.05,0,0,0,1,0,0,0,0,0,0,0,0,0,0,0,0,0,0,0,0,1,0,0.5355010234777702
1,0,0,0,1,1,1,49.3,49.3,0,0,0,0,0,0,0,0,0,0,0,0,1,0,0,0,0,0,0,0,1,0,0.40063876647375796
1,0,1,0,56,1,1,107.25,6033.3,0,0,1,1,0,0,0,0,1,0,0,0,1,0,1,0,1,1,0,0,1,0,0.23068781465976007
1,0,1,0,3,1,1,23.6,89.05,0,0,1,0,1,1,0,1,0,1,0,1,0,1,0,1,0,0,0,0,0,1,0.29240123269749135
1,0,1,1,7,1,0,69.7,516.15,0,0,0,0,0,0,1,0,0,0,0,0,0,0,1,0,1,0,0,1,0,0,0.266400441989869
1,0,1,1,59,1,1,99.5,5861.75,0,0,1,1,0,0,0,0,0,0,1,0,0,0,1,0,1,0,1,1,0,0,0.11529362031184083
1,0,0,0,7,1,0,64.3,445.95,0,0,0,0,0,0,0,0,0,0,1,0,1,0,1,0,0,0,0,0,0,0,0.2740614921705096
1,0,1,1,71,1,1,70.85,4973.4,0,0,0,0,0,0,1,0,0,0,1,0,1,0,0,0,1,0,1,1,0,0,0.0059097450999726995
1,0,1,1,15,1,0,101.9,1667.25,0,0,0,1,0,0,1,0,0,0,0,0,1,0,1,0,1,1,0,0,1,0,0.23972195565766136
1,0,1,0,71,1,0,73.5,5357.75,0,0,1,0,0,0,1,0,1,0,0,0,1,0,1,0,0,0,1,1,0,0,0.007116815562799181
0,0,0,0,35,1,1,100.25,3527.6,1,0,1,1,0,0,0,0,0,0,1,0,0,0,1,0,1,0,0,0,1,0,0.6331937458515753
0,0,0,0,11,0,1,40.4,422.6,0,1,0,0,0,0,0,0,1,0,1,0,1,0,0,0,0,1,0,1,0,0,0.17542849047164688
0,0,1,1,60,1,1,19.25,1103.25,0,0,0,0,1,1,0,1,0,1,0,1,0,1,0,1,0,0,1,1,0,0,0.003306072740907669
1,1,0,0,47,1,0,59.6,2754.0,0,0,1,0,0,0,0,0,1,0,0,0,1,0,0,0,0,0,1,0,0,0,0.022557746703779077
0,0,0,0,11,1,0,64.9,697.25,0,0,0,0,0,0,0,0,0,0,1,0,1,0,0,0,1,1,0,1,0,0,0.12232582017676068
1,0,1,0,56,1,0,100.3,5614.45,1,0,1,1,0,0,0,0,1,0,0,0,0,0,1,0,1,1,0,1,0,0,0.17327225845693192
0,1,1,0,28,1,1,110.85,3204.4,0,0,1,1,0,0,0,0,1,0,1,0,1,0,1,0,1,0,0,0,1,0,0.6496873776927208
1,0,1,0,61,1,1,81.05,4747.65,0,0,0,0,0,0,1,0,1,0,0,0,1,0,1,0,1,0,1,0,0,1,0.014933316865930506
1,0,1,1,31,1,0,98.05,3082.1,0,0,1,1,0,0,1,0,0,0,1,0,0,0,1,0,0,1,0,0,0,0,0.17200050125047023
1,0,0,0,9,1,1,70.5,597.9,0,0,0,1,0,0,0,0,0,0,0,0,0,0,0,0,0,0,0,0,1,0,0.6179730480592508
1,1,1,0,35,1,1,94.55,3365.4,0,0,1,1,0,0,1,0,1,0,0,0,0,0,0,0,1,0,0,0,1,0,0.5009824218030746
1,0,0,0,2,1,1,19.65,38.8,0,0,0,0,1,1,0,1,0,1,0,1,0,1,0,1,0,0,0,0,0,1,0.24635521008633493
0,0,1,1,12,1,0,19.0,233.55,1,0,0,0,1,1,0,1,0,1,0,1,0,1,0,1,0,0,0,0,0,1,0.11385306626555647
0,0,0,0,1,1,0,75.3,75.3,1,0,0,1,0,0,1,0,0,0,0,0,0,0,0,0,0,0,0,0,0,1,0.44490654528572754
0,1,0,0,4,1,1,89.2,346.2,1,0,1,1,0,0,0,0,0,0,1,0,0,0,1,0,0,0,0,0,1,0,0.8064671018793768
0,0,1,1,1,1,1,19.0,19.0,0,0,0,0,1,1,0,1,0,1,0,1,0,1,0,1,0,0,0,0,0,1,0.23234489152313695
0,0,0,0,3,1,1,20.0,61.7,0,0,0,0,1,1,0,1,0,1,0,1,0,1,0,1,0,0,0,0,0,1,0.24215946556479426
0,1,0,0,1,1,1,85.7,85.7,1,0,1,1,0,0,0,0,0,0,0,0,0,0,1,0,0,0,0,0,1,0,0.8223783276653833
1,0,0,0,52,1,1,63.25,3342.45,0,0,0,0,0,0,1,0,1,0,0,0,0,0,1,0,0,0,1,1,0,0,0.017934373317723545
1,0,1,1,5,1,0,20.1,85.1,0,0,0,0,1,1,0,1,0,1,0,1,0,1,0,1,0,1,0,0,0,1,0.07727393538490274
1,0,1,0,72,1,1,99.15,7422.1,0,0,1,1,0,0,1,0,1,0,1,0,0,0,0,0,1,0,1,0,1,0,0.0755063752858122
1,0,1,1,71,1,0,90.4,6668.05,0,0,1,0,0,0,1,0,1,0,1,0,1,0,1,0,1,0,1,0,1,0,0.015469863548563926
1,0,1,0,72,1,1,111.9,8071.05,0,0,1,1,0,0,1,0,0,0,1,0,1,0,1,0,1,0,1,1,0,0,0.05704777784116262
1,0,1,1,46,1,0,24.9,1174.8,0,0,1,0,1,1,0,1,0,1,0,1,0,1,0,1,0,1,0,0,1,0,0.017658253730261576
1,0,1,1,63,1,0,83.5,5435.0,0,0,1,0,0,0,1,0,1,0,1,0,0,0,1,0,1,0,1,1,0,0,0.017707795764864552
1,0,0,0,30,1,1,84.3,2438.6,0,0,0,1,0,0,1,0,1,0,1,0,0,0,0,0,0,0,0,1,0,0,0.23581265847506322
1,0,0,0,1,1,0,45.6,45.6,0,0,0,0,0,0,0,0,0,0,0,0,0,0,0,0,0,0,0,0,0,1,0.3557314568083724
0,0,0,0,12,1,1,61.65,713.75,1,0,1,0,0,0,1,0,0,0,1,0,1,0,0,0,0,0,0,0,0,1,0.20262068456120794
1,0,0,0,16,0,0,54.85,916.15,0,1,0,0,0,0,1,0,1,0,1,0,1,0,1,0,0,0,1,0,0,1,0.06424334334521242
1,0,0,0,4,1,0,65.55,237.2,0,0,1,0,0,0,0,0,0,0,0,0,1,0,0,0,1,0,0,0,0,1,0.3379721480845706
1,0,1,0,51,1,1,90.35,4614.55,0,0,1,1,0,0,0,0,1,0,0,0,0,0,0,0,1,1,0,1,0,0,0.17826562589788492
1,0,1,0,65,1,1,20.4,1414.45,0,0,0,0,1,1,0,1,0,1,0,1,0,1,0,1,0,0,1,1,0,0,0.0032233159575095
1,0,0,0,16,1,1,74.55,1170.5,0,0,0,1,0,0,0,0,0,0,0,0,1,0,0,0,0,0,0,1,0,0,0.36135294005440627
1,0,0,0,2,1,0,19.95,47.7,0,0,0,0,1,1,0,1,0,1,0,1,0,1,0,1,0,1,0,0,0,1,0.10490212086214369
0,0,1,1,66,1,1,74.25,4859.25,0,0,1,1,0,0,0,0,0,0,0,0,0,0,0,0,0,1,0,0,0,0,0.07543823032999393
1,0,0,0,46,1,0,108.65,4903.2,0,0,1,1,0,0,0,0,1,0,1,0,1,0,1,0,1,0,1,0,1,0,0.1409855672328297
0,0,0,0,32,1,1,109.55,3608.0,0,0,1,1,0,0,1,0,0,0,1,0,1,0,1,0,1,1,0,0,0,0,0.24244231136193173
1,0,1,0,72,1,0,86.65,6094.25,0,0,1,0,0,0,1,0,0,0,1,0,1,0,1,0,1,0,1,1,0,0,0.011452323148182323
1,0,1,1,38,1,0,81.0,3084.9,0,0,0,0,0,0,1,0,0,0,1,0,1,0,1,0,1,0,1,1,0,0,0.02180881174929541
1,0,0,1,51,1,0,47.85,2356.75,0,0,0,0,0,0,0,0,0,0,0,0,1,0,0,0,0,1,0,1,0,0,0.01370909503665864
1,0,1,1,72,1,0,114.55,8306.05,0,0,1,1,0,0,1,0,1,0,1,0,1,0,1,0,1,0,1,0,0,0,0.03933414633433102
0,1,1,0,65,1,0,105.25,6786.4,1,0,1,1,0,0,1,0,0,0,1,0,0,0,1,0,1,0,0,0,0,0,0.28721225752635077
1,0,1,1,9,0,1,29.95,248.95,1,1,0,0,0,0,0,0,1,0,0,0,0,0,0,0,0,0,0,0,1,0,0.47922591159303995
0,0,1,1,9,1,0,65.0,663.05,1,0,0,0,0,0,1,0,1,0,1,0,1,0,0,0,0,0,0,0,0,1,0.11665103497897537
1,0,0,1,66,1,0,20.55,1357.1,0,0,0,0,1,1,0,1,0,1,0,1,0,1,0,1,0,0,1,0,0,1,0.00186712298155104
0,1,0,0,44,1,1,109.8,4860.35,0,0,1,1,0,0,1,0,1,0,1,0,0,0,1,0,1,1,0,1,0,0,0.2621060854505356
1,0,0,0,50,1,0,69.5,3418.2,0,0,1,0,0,0,0,0,0,0,1,0,1,0,0,0,1,0,1,0,0,0,0.025155615326956912
0,0,0,0,15,1,0,48.85,631.4,0,0,1,0,0,0,0,0,0,0,0,0,0,0,0,0,0,0,0,0,0,1,0.27435096546396065
1,0,0,0,8,0,1,25.25,186.3,0,1,0,0,0,0,0,0,0,0,0,0,0,0,0,0,0,0,0,1,0,0,0.4617466790745177
0,1,0,0,66,1,1,102.85,6976.75,0,0,1,1,0,0,0,0,0,0,1,0,1,0,1,0,1,1,0,1,0,0,0.17972726958687996
0,0,0,0,57,1,1,87.55,4884.85,0,0,1,1,0,0,1,0,1,0,0,0,1,0,0,0,0,0,0,0,0,0,0.11676350134730097
0,0,0,0,7,1,1,78.55,522.95,0,0,1,1,0,0,0,0,1,0,0,0,0,0,0,0,0,0,0,0,0,0,0.6115154042637481
1,1,1,1,10,0,1,34.55,362.6,0,1,0,0,0,0,0,0,0,0,0,0,0,0,0,0,1,0,0,0,0,0,0.5630504056817851
0,0,0,0,62,1,1,92.05,5755.8,0,0,1,1,0,0,1,0,1,0,1,0,0,0,0,0,0,1,0,0,1,0,0.10177452643608567
1,0,1,1,40,1,1,85.05,3355.65,0,0,0,1,0,0,0,0,0,0,1,0,0,0,1,0,0,1,0,0,1,0,0.22854115921861026
0,0,0,0,20,1,0,19.7,406.95,0,0,0,0,1,1,0,1,0,1,0,1,0,1,0,1,0,0,1,0,0,1,0.026651463278778303
0,0,0,0,7,1,0,20.0,137.6,1,0,0,0,1,1,0,1,0,1,0,1,0,1,0,1,0,0,0,0,0,0,0.17227208981232392
0,0,1,0,25,1,1,95.15,2395.7,0,0,0,1,0,0,0,0,0,0,0,0,1,0,1,0,1,0,0,0,1,0,0.5549828182913135
1,0,1,0,23,1,0,84.25,1968.1,0,0,1,1,0,0,0,0,1,0,1,0,0,0,0,0,0,0,0,0,1,0,0.48391487709628844
0,1,1,0,66,1,0,104.6,6819.45,0,0,1,1,0,0,0,0,1,0,1,0,0,0,1,0,1,1,0,1,0,0,0.18138927325984627
0,1,0,0,72,1,0,111.65,7943.45,0,0,1,1,0,0,0,0,1,0,1,0,1,0,1,0,1,0,1,0,1,0,0.10460014182884697
1,1,1,0,49,1,0,90.05,4547.25,1,0,1,1,0,0,0,0,1,0,0,0,0,0,0,0,1,0,0,1,0,0,0.33430321205857627
1,1,1,1,43,1,1,110.75,4687.9,1,0,1,1,0,0,0,0,1,0,1,0,1,0,1,0,1,0,0,0,0,0,0.41747475063431344
0,0,1,0,46,1,0,55.0,2473.95,0,0,1,0,0,0,1,0,0,0,0,0,0,0,0,0,0,0,0,0,0,0,0.06970953202612448
1,0,1,1,72,1,0,89.85,6562.9,0,0,1,0,0,0,1,0,1,0,1,0,1,0,1,0,1,0,1,1,0,0,0.009584968495621252
1,0,0,0,10,1,0,20.35,176.3,0,0,0,0,1,1,0,1,0,1,0,1,0,1,0,1,0,1,0,0,0,1,0.07039408012209332
0,0,0,0,40,0,1,54.55,2236.2,0,1,0,0,0,0,1,0,0,0,0,0,1,0,1,0,1,1,0,0,0,0,0.08328705862071713
0,0,1,1,65,1,1,105.5,6985.65,1,0,1,1,0,0,0,0,1,0,1,0,0,0,1,0,1,0,0,0,1,0,0.38706055168565
1,0,0,0,31,1,0,99.45,3109.9,0,0,0,1,0,0,0,0,0,0,1,0,1,0,1,0,1,0,1,0,0,0,0.13652524607469402
0,0,1,0,68,1,0,70.9,4911.35,0,0,1,0,0,0,1,0,1,0,1,0,1,0,0,0,0,0,1,1,0,0,0.0058332859205277735
1,1,1,1,56,1,1,104.55,5794.65,1,0,1,1,0,0,1,0,0,0,1,0,0,0,1,0,1,1,0,0,0,0,0.19706443263656206
1,0,1,0,10,1,1,85.25,855.3,1,0,1,1,0,0,0,0,0,0,0,0,0,0,0,0,1,0,0,0,1,0,0.7340345097950661
1,0,1,1,68,1,0,25.4,1620.2,0,0,1,0,1,1,0,1,0,1,0,1,0,1,0,1,0,0,1,0,0,0,0.0024916821013073894
0,0,1,1,43,1,0,56.15,2499.3,1,0,0,0,0,0,0,0,0,0,0,0,0,0,1,0,0,0,0,0,1,0,0.12911608190207
1,0,0,0,1,1,1,89.55,89.55,1,0,0,1,0,0,0,0,0,0,0,0,0,0,1,0,1,0,0,0,1,0,0.7821120851803953
0,1,0,0,49,1,1,89.85,4287.2,0,0,0,1,0,0,0,0,1,0,1,0,0,0,0,0,1,1,0,0,0,0,0.20191295111274468
0,0,1,1,15,1,1,25.25,394.85,0,0,1,0,1,1,0,1,0,1,0,1,0,1,0,1,0,0,0,0,1,0,0.20215194184780985
1,1,1,0,20,1,1,94.55,1899.65,1,0,1,1,0,0,0,0,0,0,0,0,0,0,1,0,1,0,0,0,1,0,0.7753399208250338
1,0,0,0,1,1,1,45.7,45.7,1,0,0,0,0,0,0,0,0,0,0,0,0,0,0,0,0,0,0,0,0,1,0.4202781255753756
1,0,1,1,50,1,1,69.65,3442.15,0,0,1,0,0,0,0,0,0,0,1,0,1,0,1,0,0,1,0,0,1,0,0.059657023872115314
0,1,0,0,2,1,0,89.5,161.5,1,0,1,1,0,0,0,0,1,0,0,0,0,0,0,0,1,0,0,0,1,0,0.7557519748312336
1,1,0,0,24,1,0,70.0,1732.6,0,0,0,1,0,0,0,0,0,0,0,0,0,0,0,0,0,0,0,1,0,0,0.3860159089706475
0,0,0,0,3,1,1,69.55,222.3,1,0,0,1,0,0,0,0,0,0,0,0,0,0,0,0,0,0,0,0,0,0,0.6206244504155117
0,0,0,0,1,1,1,74.6,74.6,1,0,0,1,0,0,0,0,0,0,1,0,0,0,0,0,0,0,0,0,0,1,0.6187999930035922
1,0,1,1,35,1,0,20.1,655.3,0,0,0,0,1,1,0,1,0,1,0,1,0,1,0,1,0,0,1,0,0,1,0.009826057287216078
0,0,0,0,17,1,0,24.8,475.25,0,0,1,0,1,1,0,1,0,1,0,1,0,1,0,1,0,0,0,0,0,1,0.13085316648457973
0,1,0,0,8,1,0,19.65,164.3,1,0,0,0,1,1,0,1,0,1,0,1,0,1,0,1,0,0,0,0,1,0,0.25213065706704474
1,0,0,0,10,1,1,95.1,865.1,0,0,0,1,0,0,0,0,0,0,0,0,1,0,1,0,1,0,0,1,0,0,0.5391823977458984
1,0,1,1,68,1,1,88.85,6132.7,0,0,1,0,0,0,1,0,1,0,1,0,1,0,1,0,1,0,1,1,0,0,0.014055342836231121
1,0,1,0,45,1,0,78.8,3597.5,0,0,0,0,0,0,1,0,1,0,1,0,0,0,1,0,1,1,0,0,0,0,0.0544856150563869
1,0,1,1,2,1,0,19.85,35.9,1,0,0,0,1,1,0,1,0,1,0,1,0,1,0,1,0,1,0,0,0,1,0.08984580055198958
1,0,1,0,37,1,0,20.35,697.65,0,0,0,0,1,1,0,1,0,1,0,1,0,1,0,1,0,0,0,0,0,0,0.040865913106450456
0,0,0,0,4,0,1,24.25,96.05,1,1,0,0,0,0,0,0,0,0,0,0,0,0,0,0,0,0,0,0,0,1,0.5421919322572667
0,0,0,0,10,1,0,45.25,428.7,0,0,0,0,0,0,0,0,0,0,0,0,0,0,0,0,0,0,0,0,0,1,0.27453532321820956
1,0,0,0,1,1,0,20.05,20.05,0,0,0,0,1,1,0,1,0,1,0,1,0,1,0,1,0,0,0,0,0,1,0.20717893004199303
1,0,1,1,65,1,1,69.55,4459.15,0,0,1,0,0,0,1,0,1,0,0,0,0,0,0,0,1,0,1,0,0,1,0.013350264380428923
0,0,1,1,57,1,0,19.5,1167.6,0,0,0,0,1,1,0,1,0,1,0,1,0,1,0,1,0,0,1,0,0,0,0.0034752005634759047
0,0,0,0,3,1,1,74.75,238.1,0,0,0,1,0,0,0,0,0,0,1,0,0,0,0,0,0,0,0,0,0,1,0.602292048189719
0,0,0,0,2,1,0,69.65,145.15,1,0,0,1,0,0,0,0,0,0,0,0,0,0,0,0,0,0,0,0,1,0,0.6278950941034674
1,0,0,0,49,0,1,30.2,1453.1,0,1,0,0,0,0,0,0,0,0,1,0,0,0,0,0,0,0,0,0,0,0,0.11118440731136571
0,0,0,0,4,1,0,45.65,191.05,1,0,0,0,0,0,0,0,0,0,0,0,0,0,0,0,0,0,0,0,0,1,0.33308629628542485
0,0,1,0,70,0,0,57.8,4039.3,0,1,0,0,0,0,0,0,1,0,1,0,1,0,1,0,1,0,1,0,0,0,0.017000331260551685
0,0,1,1,53,1,1,19.85,1039.45,0,0,0,0,1,1,0,1,0,1,0,1,0,1,0,1,0,1,0,0,0,0,0.009421658356010517
1,0,1,1,53,1,0,25.55,1336.1,0,0,1,0,1,1,0,1,0,1,0,1,0,1,0,1,0,0,1,1,0,0,0.0048481698424151535
0,0,0,0,1,1,1,75.05,75.05,1,0,1,1,0,0,0,0,0,0,0,0,0,0,0,0,0,0,0,0,0,1,0.6729050470718293
1,0,0,0,22,1,1,24.85,493.4,0,0,1,0,1,1,0,1,0,1,0,1,0,1,0,1,0,0,0,1,0,0,0.11768686653025519
1,1,0,0,52,0,1,49.15,2550.9,1,1,0,0,0,0,0,0,1,0,0,0,0,0,1,0,1,0,0,0,1,0,0.267330006531782
1,1,0,0,65,1,1,110.35,7246.15,0,0,1,1,0,0,1,0,0,0,1,0,1,0,1,0,1,0,1,0,1,0,0.11710627713736829
0,0,0,0,48,1,0,24.55,1203.95,0,0,1,0,1,1,0,1,0,1,0,1,0,1,0,1,0,1,0,0,0,0,0.01488197496336453
0,0,0,0,2,0,1,34.7,62.25,1,1,0,0,0,0,0,0,0,0,0,0,0,0,0,0,1,0,0,0,1,0,0.6992828424389916
1,0,0,0,3,1,0,107.95,313.6,0,0,1,1,0,0,0,0,1,0,1,0,0,0,1,0,1,0,0,0,0,1,0.6610623164744318
1,0,1,0,45,1,0,81.4,3775.85,0,0,1,1,0,0,0,0,1,0,0,0,0,0,0,0,0,0,0,0,0,0,0.2540120151664032
1,0,1,1,1,1,0,80.0,80.0,1,0,0,1,0,0,0,0,0,0,0,0,0,0,0,0,1,0,0,0,1,0,0.6459675402641751
0,0,1,1,61,1,1,73.8,4616.05,0,0,0,0,0,0,0,0,0,0,1,0,1,0,1,0,1,0,1,0,0,0,0.0221589831944252
1,0,0,0,3,1,1,64.4,195.65,0,0,0,0,0,0,1,0,0,0,0,0,1,0,1,0,0,0,0,1,0,0,0.2502634755987166
0,1,0,0,40,1,1,103.75,4188.4,0,0,1,1,0,0,0,0,0,0,1,0,1,0,1,0,1,1,0,1,0,0,0.30018147160470143
0,0,0,0,1,1,0,71.1,71.1,0,0,0,1,0,0,0,0,0,0,0,0,0,0,0,0,0,0,0,0,0,1,0.5543293557732453
0,0,0,0,1,1,1,49.9,49.9,0,0,0,0,0,0,0,0,0,0,0,0,1,0,0,0,0,0,0,0,1,0,0.4071465328487819
1,0,0,0,51,1,1,24.6,1266.4,0,0,1,0,1,1,0,1,0,1,0,1,0,1,0,1,0,1,0,0,0,0,0.016134913070622637
1,1,0,0,2,1,1,49.25,91.1,1,0,0,0,0,0,1,0,0,0,0,0,0,0,0,0,0,0,0,0,1,0,0.4467038242846887
1,0,0,0,52,0,0,30.1,1623.4,0,1,0,0,0,0,0,0,1,0,0,0,0,0,0,0,0,1,0,0,0,1,0.03274738586130478
1,0,0,0,51,1,0,83.4,4149.45,0,0,1,1,0,0,0,0,0,0,0,0,0,0,0,0,1,0,0,0,0,0,0.2748391921228187
1,0,0,0,1,1,1,20.45,20.45,0,0,0,0,1,1,0,1,0,1,0,1,0,1,0,1,0,0,0,0,0,1,0.2549201072329496
1,0,1,1,31,1,1,75.25,2344.5,0,0,1,0,0,0,1,0,1,0,0,0,1,0,0,0,1,1,0,0,0,0,0.05843967922537974
1,0,0,1,47,1,0,20.55,1013.05,0,0,0,0,1,1,0,1,0,1,0,1,0,1,0,1,0,1,0,1,0,0,0.008160720679532161
0,0,0,0,3,1,1,75.1,270.7,1,0,1,1,0,0,0,0,0,0,0,0,0,0,0,0,0,0,0,1,0,0,0.643637509528878
0,1,0,0,22,1,1,20.05,417.0,0,0,0,0,1,1,0,1,0,1,0,1,0,1,0,1,0,1,0,0,0,1,0.06620733719995751
0,0,1,0,1,1,1,20.65,20.65,0,0,0,0,1,1,0,1,0,1,0,1,0,1,0,1,0,0,0,0,0,1,0.27043587039974554
1,0,1,0,72,1,1,85.15,6316.2,0,0,1,0,0,0,0,0,1,0,1,0,1,0,1,0,1,0,1,0,0,0,0.025396967434532673
1,0,1,1,3,1,1,50.15,168.15,1,0,0,0,0,0,0,0,0,0,1,0,0,0,0,0,0,0,0,0,1,0,0.4350577083726328
1,1,1,1,47,1,1,84.95,4018.05,0,0,0,1,0,0,0,0,1,0,0,0,0,0,1,0,0,1,0,0,0,0,0.17714461955605235
1,0,1,1,72,1,1,66.5,4811.6,0,0,1,0,0,0,1,0,0,0,1,0,1,0,0,0,0,0,1,1,0,0,0.005138338023833918
1,0,1,1,66,1,1,63.3,4189.7,0,0,1,0,0,0,0,0,0,0,1,0,0,0,1,0,0,0,1,0,0,0,0.02097442081418735
1,0,0,0,35,1,0,83.15,2848.45,0,0,1,1,0,0,0,0,0,0,0,0,0,0,1,0,0,0,0,0,1,0,0.45782673376151906
1,0,0,0,29,1,1,84.9,2516.2,0,0,1,1,0,0,0,0,0,0,0,0,0,0,0,0,1,0,0,0,1,0,0.588203968757891
0,0,0,0,2,1,1,20.55,33.6,0,0,0,0,1,1,0,1,0,1,0,1,0,1,0,1,0,0,0,0,0,1,0.25052398868924136
1,0,0,0,4,1,0,49.25,208.45,0,0,0,0,0,0,0,0,1,0,0,0,0,0,0,0,0,0,0,0,0,1,0.3034979845469721
0,0,0,0,25,1,1,79.85,2015.35,1,0,0,1,0,0,1,0,1,0,0,0,0,0,0,0,0,0,0,0,0,0,0.30336288829912933
0,0,0,0,65,1,1,59.6,3739.8,0,0,0,0,0,0,1,0,1,0,0,0,1,0,0,0,0,0,1,0,0,1,0.005444030485712841
1,1,0,0,27,1,1,104.65,2964.0,0,0,1,1,0,0,0,0,1,0,0,0,1,0,1,0,1,1,0,0,0,0,0.3853907187116887
1,0,1,0,29,1,1,75.3,2263.4,0,0,0,1,0,0,0,0,0,0,1,0,0,0,0,0,0,0,0,1,0,0,0.3636425896875724
1,0,1,1,29,1,0,80.1,2211.8,0,0,1,0,0,0,0,0,1,0,1,0,0,0,1,0,1,0,0,1,0,0,0.21849875034287475
1,0,0,0,1,1,0,19.55,19.55,1,0,0,0,1,1,0,1,0,1,0,1,0,1,0,1,0,0,0,0,0,1,0.2079559126842799
0,0,1,0,20,1,1,81.0,1683.7,0,0,0,1,0,0,0,0,0,0,1,0,1,0,0,0,0,0,0,0,0,1,0.37013544695686434
0,0,0,0,58,1,1,24.7,1519.0,0,0,1,0,1,1,0,1,0,1,0,1,0,1,0,1,0,0,1,1,0,0,0.006180257957822912
0,0,0,1,14,1,1,86.0,1164.05,0,0,1,1,0,0,1,0,0,0,0,0,1,0,0,0,0,0,0,0,0,1,0.3075362954607508
1,0,1,0,72,1,0,25.4,1710.9,0,0,1,0,1,1,0,1,0,1,0,1,0,1,0,1,0,0,1,0,0,1,0.0023765379820371323
1,0,0,0,46,1,1,89.15,4245.55,0,0,1,1,0,0,1,0,0,0,0,0,0,0,1,0,0,0,0,1,0,0,0.27403851517120725
0,0,1,0,71,0,0,58.25,4145.9,0,1,0,0,0,0,0,0,1,0,1,0,1,0,1,0,1,0,1,0,0,0,0.016493834727808573
1,0,0,0,32,1,1,85.65,2664.3,0,0,1,1,0,0,0,0,0,0,0,0,0,0,0,0,1,0,0,0,0,0,0.4869230457268214
0,0,0,0,26,0,1,50.35,1277.5,0,1,0,0,0,0,0,0,0,0,1,0,0,0,1,0,1,0,0,1,0,0,0.40102051188932736
1,1,1,0,68,1,1,80.35,5589.3,0,0,1,1,0,0,0,0,0,0,1,0,0,0,0,0,0,0,0,1,0,0,0.2034414657137548
1,0,1,1,2,1,0,20.2,34.75,0,0,0,0,1,1,0,1,0,1,0,1,0,1,0,1,0,1,0,0,0,1,0.08953830080550879
1,0,1,1,61,1,0,20.55,1305.95,0,0,0,0,1,1,0,1,0,1,0,1,0,1,0,1,0,0,1,1,0,0,0.0024135393030846023
0,0,1,1,4,1,1,85.95,381.3,1,0,1,1,0,0,0,0,0,0,0,0,0,0,0,0,1,0,0,0,1,0,0.737251637462793
1,0,0,0,3,1,1,45.35,141.5,1,0,0,0,0,0,0,0,0,0,0,0,0,0,0,0,0,0,0,0,1,0,0.4800831487780992
1,1,1,0,33,1,1,94.5,3105.55,1,0,1,1,0,0,0,0,0,0,0,0,0,0,1,0,1,0,0,0,1,0,0.6987283360940358
1,1,1,0,9,1,1,21.25,204.55,0,0,0,0,1,1,0,1,0,1,0,1,0,1,0,1,0,0,0,0,0,1,0.23380804707692843
0,0,0,0,22,1,0,26.25,605.9,0,0,1,0,1,1,0,1,0,1,0,1,0,1,0,1,0,0,1,0,0,1,0.030719516596761844
0,0,1,1,5,1,1,80.85,356.1,0,0,0,1,0,0,0,0,0,0,0,0,0,0,1,0,0,0,0,0,1,0,0.6748979058689495
0,1,0,0,30,1,0,91.7,2758.15,1,0,1,1,0,0,1,0,1,0,1,0,0,0,0,0,0,0,0,1,0,0,0.2966220584723547
1,0,0,0,65,1,1,74.2,4805.65,0,0,1,0,0,0,0,0,1,0,1,0,1,0,0,0,1,0,1,1,0,0,0.016413845364710716
0,0,0,0,45,1,1,87.25,3941.7,1,0,1,1,0,0,0,0,0,0,1,0,1,0,0,0,0,0,0,0,1,0,0.30333888701951117
1,0,0,0,5,1,0,20.35,92.75,0,0,0,0,1,1,0,1,0,1,0,1,0,1,0,1,0,0,0,0,0,1,0.1738203708386404
1,0,1,1,25,1,1,75.5,1901.05,0,0,0,1,0,0,0,0,1,0,0,0,0,0,0,0,0,0,0,0,1,0,0.4119298900864332
0,0,1,1,72,1,0,79.05,5730.7,0,0,1,1,0,0,1,0,0,0,0,0,0,0,0,0,0,0,1,0,0,0,0.020842579990807283
0,0,1,0,27,1,0,90.15,2423.4,0,0,1,1,0,0,0,0,0,0,1,0,0,0,0,0,1,0,0,0,0,0,0.4900002183957609
1,0,1,1,32,0,0,50.6,1653.45,0,1,0,0,0,0,0,0,0,0,1,0,0,0,1,0,1,0,0,1,0,0,0.24645979345468808
0,0,0,0,30,1,0,110.45,3327.05,0,0,1,1,0,0,0,0,1,0,1,0,1,0,1,0,1,1,0,1,0,0,0.23281058092203516
1,0,1,0,70,1,0,101.0,7085.5,0,0,0,1,0,0,1,0,1,0,1,0,1,0,0,0,1,0,1,1,0,0,0.0214198198350185
1,1,0,0,42,1,1,79.35,3344.1,0,0,1,1,0,0,0,0,1,0,0,0,0,0,0,0,0,0,0,0,0,0,0.37083248969619176
0,1,1,0,72,1,1,89.85,6697.35,0,0,1,0,0,0,1,0,1,0,1,0,1,0,1,0,1,0,1,0,0,0,0.02451589567533268
0,0,0,0,47,1,1,65.0,2879.9,0,0,1,0,0,0,1,0,0,0,1,0,1,0,0,0,0,0,1,0,0,1,0.01639810870444539
0,0,0,0,2,1,1,80.45,137.1,0,0,0,1,0,0,1,0,0,0,1,0,0,0,0,0,0,0,0,0,1,0,0.578096193022274
1,0,0,0,10,1,0,98.55,1008.55,1,0,1,1,0,0,1,0,0,0,0,0,0,0,1,0,1,0,0,0,1,0,0.6305840328698489
0,0,1,1,61,1,1,24.1,1551.6,0,0,1,0,1,1,0,1,0,1,0,1,0,1,0,1,0,0,1,0,0,1,0.0047783830635808175
0,0,0,0,5,1,1,44.05,202.15,0,0,0,0,0,0,0,0,0,0,0,0,0,0,0,0,0,0,0,1,0,0,0.3699134717085876
0,1,1,0,72,1,1,110.8,7882.25,0,0,1,1,0,0,0,0,1,0,1,0,1,0,1,0,1,0,1,1,0,0,0.096756970004182
1,1,1,1,72,1,1,114.95,8196.4,0,0,1,1,0,0,1,0,1,0,1,0,1,0,1,0,1,0,1,0,0,0,0.06298270363021305
0,1,0,0,3,1,0,75.05,202.9,0,0,0,1,0,0,0,0,0,0,1,0,0,0,0,0,0,0,0,0,0,1,0.5958001083205927
1,0,1,0,48,1,0,19.25,855.1,0,0,0,0,1,1,0,1,0,1,0,1,0,1,0,1,0,0,1,0,0,1,0.006105496775382129
0,0,0,0,63,1,1,90.05,5817.0,0,0,0,1,0,0,0,0,0,0,1,0,1,0,1,0,0,1,0,1,0,0,0.08013952705858254
0,0,0,0,27,1,1,56.7,1652.95,0,0,0,0,0,0,1,0,1,0,0,0,0,0,0,0,0,0,0,0,0,1,0.12871829573315346
1,0,1,1,70,1,1,80.15,5600.15,0,0,0,0,0,0,1,0,1,0,1,0,0,0,1,0,1,0,1,1,0,0,0.012871144063035477
1,0,1,1,7,1,1,71.35,515.75,0,0,0,0,0,0,1,0,0,0,1,0,1,0,0,0,1,0,0,1,0,0,0.19327502328690022
0,0,1,0,2,1,0,90.35,190.5,0,0,0,1,0,0,1,0,1,0,0,0,0,0,1,0,0,0,0,0,1,0,0.558587817326047
1,1,0,0,20,1,1,98.55,1842.8,1,0,1,1,0,0,0,0,0,0,1,0,0,0,1,0,1,0,0,0,1,0,0.7611607540811692
1,0,0,0,66,1,0,19.7,1253.8,0,0,0,0,1,1,0,1,0,1,0,1,0,1,0,1,0,0,1,0,0,0,0.0024017282619262707
0,0,0,0,3,1,0,19.85,57.2,0,0,0,0,1,1,0,1,0,1,0,1,0,1,0,1,0,0,0,0,0,1,0.19559690260343576
0,0,0,1,15,1,1,85.9,1269.55,1,0,0,1,0,0,0,0,1,0,0,0,0,0,0,0,1,0,0,0,0,0,0.4986669109016391
0,0,1,1,72,1,1,90.35,6563.4,0,0,1,1,0,0,1,0,1,0,0,0,1,0,0,0,0,0,1,0,0,0,0.02023522429447639
1,0,0,0,1,1,0,20.8,20.8,0,0,0,0,1,1,0,1,0,1,0,1,0,1,0,1,0,0,0,0,0,1,0.20601748069940132
0,0,0,0,22,1,0,89.25,1907.85,1,0,0,1,0,0,0,0,0,0,0,0,0,0,1,0,1,0,0,0,1,0,0.5885108165146261
1,0,1,0,3,1,1,70.3,208.85,1,0,0,1,0,0,0,0,0,0,0,0,0,0,0,0,0,0,0,0,1,0,0.6829183023825856
0,0,1,1,72,1,0,66.85,4758.8,0,0,1,0,0,0,1,0,0,0,1,0,1,0,0,0,0,0,1,0,0,0,0.004509400736998137
1,0,1,1,65,1,0,19.9,1292.6,0,0,0,0,1,1,0,1,0,1,0,1,0,1,0,1,0,0,1,0,0,1,0.0020526724566132097
0,0,0,0,11,0,1,35.8,363.15,0,1,0,0,0,0,0,0,0,0,0,0,0,0,1,0,0,0,0,0,0,1,0.5124432900491438
1,0,0,0,22,1,1,78.85,1600.25,0,0,1,1,0,0,0,0,1,0,0,0,0,0,0,0,0,0,0,0,0,1,0.4514690945394194
1,0,0,0,14,1,0,20.4,275.7,0,0,0,0,1,1,0,1,0,1,0,1,0,1,0,1,0,1,0,0,0,0,0.0612595058673687
1,0,0,0,41,1,1,74.25,3089.1,0,0,0,1,0,0,0,0,0,0,0,0,1,0,0,0,0,0,0,0,1,0,0.25811988827596005
1,0,1,0,17,1,0,64.8,1175.6,0,0,0,0,0,0,1,0,1,0,0,0,0,0,0,0,1,1,0,0,0,1,0.09845554735230028
1,0,0,0,11,1,1,20.45,237.3,0,0,0,0,1,1,0,1,0,1,0,1,0,1,0,1,0,0,0,1,0,0,0.15869526494378247
1,0,0,0,15,1,1,93.35,1444.65,1,0,1,1,0,0,0,0,0,0,0,0,0,0,1,0,1,0,0,0,1,0,0.7496826744086325
0,0,0,0,1,1,0,19.9,19.9,1,0,0,0,1,1,0,1,0,1,0,1,0,1,0,1,0,0,0,0,0,1,0.21283864853609083
0,0,1,0,5,1,1,88.9,454.15,1,0,0,1,0,0,1,0,0,0,1,0,0,0,0,0,1,0,0,0,0,1,0.5538905057655749
1,0,1,0,33,1,1,95.8,3036.75,1,0,0,1,0,0,0,0,0,0,1,0,0,0,1,0,1,1,0,0,1,0,0.3903369829157629
0,0,1,0,72,1,1,110.65,8065.65,0,0,1,1,0,0,1,0,1,0,1,0,0,0,1,0,1,0,1,1,0,0,0.07860427531155764
0,0,1,1,3,0,0,40.3,92.5,0,1,0,0,0,0,0,0,1,0,0,0,0,0,0,0,1,0,0,0,0,1,0.4740482572675776
1,0,0,0,2,1,1,82.0,184.65,1,0,1,1,0,0,0,0,1,0,0,0,0,0,0,0,0,0,0,0,1,0,0.7002895716398682
0,0,1,0,59,1,1,107.0,6152.3,0,0,1,1,0,0,1,0,1,0,1,0,1,0,0,0,1,1,0,1,0,0,0.08263757844619705
1,0,0,0,2,1,0,45.35,89.5,1,0,0,0,0,0,0,0,0,0,0,0,0,0,0,0,0,0,0,0,1,0,0.42314827207588895
1,0,1,1,71,1,1,73.35,5154.5,0,0,0,0,0,0,0,0,1,0,0,0,1,0,1,0,1,0,1,1,0,0,0.011320558264291701
0,0,1,1,5,1,0,44.8,220.45,0,0,0,0,0,0,0,0,0,0,0,0,0,0,0,0,0,0,0,0,0,1,0.2880311305319401
1,0,1,1,27,1,1,54.75,1510.3,0,0,0,0,0,0,1,0,1,0,0,0,0,0,0,0,0,0,0,1,0,0,0.09883357584792711
0,0,0,0,1,1,1,52.2,52.2,1,0,0,0,0,0,0,0,0,0,0,0,1,0,0,0,0,0,0,0,1,0,0.4019122917305052
1,0,0,1,63,0,1,40.6,2588.95,0,1,0,0,0,0,1,0,1,0,0,0,1,0,0,0,0,1,0,0,0,0,0.010950244837026746
0,1,0,0,46,1,1,110.0,4874.8,1,0,1,1,0,0,1,0,1,0,1,0,0,0,1,0,1,1,0,0,1,0,0.3204166211523437
1,0,1,1,72,1,0,55.3,3983.6,0,0,1,0,0,0,1,0,0,0,0,0,0,0,0,0,0,0,1,0,0,0,0.0054519362838066745
0,0,1,0,34,1,1,60.85,2003.6,0,0,1,0,0,0,1,0,0,0,0,0,1,0,0,0,0,0,0,0,0,0,0.1010981456346234
0,0,1,1,24,1,0,78.4,1832.4,0,0,1,0,0,0,1,0,1,0,0,0,0,0,1,0,1,1,0,0,1,0,0.1387594600554271
1,0,0,0,72,1,0,69.65,4908.25,0,0,1,0,0,0,1,0,1,0,1,0,1,0,0,0,0,0,1,0,0,0,0.004887010624111903
0,0,1,1,60,0,0,59.85,3590.2,0,1,0,0,0,0,1,0,0,0,1,0,1,0,1,0,1,0,1,1,0,0,0.013417163989004638
1,0,0,0,68,1,1,76.9,5023.0,0,0,1,0,0,0,1,0,1,0,1,0,0,0,0,0,1,1,0,1,0,0,0.023691440331858885
0,0,1,1,8,1,1,19.85,146.6,0,0,0,0,1,1,0,1,0,1,0,1,0,1,0,1,0,0,1,0,0,1,0.05383566566025235
0,0,0,1,34,1,0,67.65,2339.3,0,0,0,0,0,0,1,0,0,0,1,0,1,0,1,0,0,0,1,1,0,0,0.017570299248922682
0,0,0,0,6,0,0,45.0,298.7,0,1,0,0,0,0,0,0,0,0,0,0,0,0,1,0,1,0,0,1,0,0,0.5578305533361021
1,0,1,0,2,1,1,64.2,143.65,0,0,0,0,0,0,0,0,1,0,0,0,1,0,0,0,1,0,0,0,0,1,0.3570024161706495
1,0,0,0,31,1,0,81.7,2548.65,0,0,1,1,0,0,0,0,0,0,0,0,1,0,0,0,0,1,0,1,0,0,0.1346101870248645
0,0,1,1,20,1,1,25.55,507.4,0,0,1,0,1,1,0,1,0,1,0,1,0,1,0,1,0,0,0,0,0,0,0.1293940969746461
0,0,1,1,1,1,0,20.0,20.0,0,0,0,0,1,1,0,1,0,1,0,1,0,1,0,1,0,0,0,0,1,0,0.24037981167820763
1,0,0,0,62,1,1,96.75,6125.4,1,0,1,1,0,0,0,0,0,0,1,0,0,0,1,0,1,1,0,0,1,0,0.26837696298074987
0,1,1,0,70,1,1,75.65,5411.4,0,0,1,1,0,0,0,0,0,0,0,0,0,0,0,0,0,0,1,1,0,0,0.05874616856096612
0,0,0,0,10,1,1,98.5,1058.25,1,0,1,1,0,0,0,0,0,0,0,0,1,0,1,0,1,0,0,0,1,0,0.7071907109351744
1,0,1,1,39,1,1,23.8,903.8,0,0,1,0,1,1,0,1,0,1,0,1,0,1,0,1,0,0,1,0,0,1,0.013810358262725784
0,0,1,0,46,1,1,64.2,3009.5,0,0,0,0,0,0,0,0,1,0,0,0,1,0,1,0,0,0,1,1,0,0,0.02526815120034678
1,0,0,0,6,1,1,85.35,489.45,1,0,0,1,0,0,0,0,1,0,0,0,0,0,1,0,0,0,0,0,1,0,0.6749530618319204
0,0,1,1,72,1,1,76.8,5468.45,0,0,1,0,0,0,0,0,0,0,1,0,0,0,1,0,1,0,1,0,0,0,0.02757362198672807
1,0,0,0,18,1,0,55.2,1058.1,0,0,0,0,0,0,0,0,0,0,1,0,1,0,0,0,0,0,0,1,0,0,0.1417602455942689
1,0,1,0,71,1,1,108.55,7616.0,0,0,1,1,0,0,1,0,0,0,1,0,1,0,1,0,1,0,1,1,0,0,0.054535155371715834
1,0,1,0,40,1,1,101.3,4113.1,1,0,1,1,0,0,0,0,1,0,0,0,0,0,1,0,1,0,0,0,1,0,0.5833397025654388
1,0,0,0,1,1,1,69.55,69.55,1,0,0,1,0,0,0,0,0,0,0,0,0,0,0,0,0,0,0,0,1,0,0.6901019066761019
1,0,0,0,58,1,1,103.25,6017.65,1,0,1,1,0,0,0,0,1,0,1,0,0,0,1,0,1,1,0,0,0,0,0.23024145932640194
1,0,0,0,70,1,1,104.0,7250.15,1,0,1,1,0,0,1,0,0,0,0,0,1,0,1,0,1,0,1,1,0,0,0.050358536563334236
0,0,1,0,42,1,0,25.25,1108.2,0,0,1,0,1,1,0,1,0,1,0,1,0,1,0,1,0,0,1,0,1,0,0.016429935771106872
1,0,1,1,34,0,0,30.4,938.65,0,1,0,0,0,0,1,0,0,0,0,0,0,0,0,0,0,1,0,0,0,0,0.048651351262822225
1,1,0,0,5,1,0,20.05,94.15,0,0,0,0,1,1,0,1,0,1,0,1,0,1,0,1,0,0,0,0,0,0,0.22476467913584525
0,0,0,0,25,1,1,84.6,2088.05,0,0,1,1,0,0,0,0,0,0,0,0,0,0,1,0,0,0,0,0,0,1,0.5381354678476885
0,0,0,0,2,1,1,86.2,178.7,1,0,0,1,0,0,0,0,0,0,1,0,0,0,0,0,1,0,0,0,0,1,0.665052678258571
0,0,1,1,55,1,1,103.7,5656.75,0,0,0,1,0,0,0,0,1,0,1,0,1,0,1,0,1,1,0,0,0,0,0.1275597302872582
1,0,1,0,21,1,1,111.2,2317.1,1,0,1,1,0,0,0,0,1,0,1,0,1,0,1,0,1,0,0,0,1,0,0.6137244655658882
1,0,1,0,70,1,1,88.0,5986.45,0,0,1,1,0,0,1,0,1,0,0,0,1,0,0,0,0,0,1,1,0,0,0.02065325796708355
0,0,1,0,61,1,1,106.35,6751.35,0,0,1,1,0,0,0,0,0,0,1,0,1,0,1,0,1,0,0,0,1,0,0.40473657484526987
1,0,1,1,43,1,1,79.15,3566.6,0,0,0,0,0,0,1,0,0,0,1,0,1,0,1,0,1,0,1,1,0,0,0.025095026598691703
1,0,0,0,47,1,1,103.1,4889.3,0,0,1,1,0,0,0,0,1,0,1,0,0,0,1,0,1,1,0,0,1,0,0.3470560177807874
1,0,0,0,5,1,1,63.95,318.1,0,0,0,0,0,0,0,0,0,0,1,0,1,0,1,0,0,0,0,1,0,0,0.321366172029311
0,0,0,0,62,1,1,25.8,1563.95,0,0,1,0,1,1,0,1,0,1,0,1,0,1,0,1,0,0,1,1,0,0,0.004901621040582444
0,0,1,1,16,1,1,89.45,1430.25,1,0,0,1,0,0,0,0,1,0,1,0,0,0,1,0,0,0,0,1,0,0,0.469947686857251
1,1,1,0,7,1,1,95.6,644.35,1,0,1,1,0,0,0,0,0,0,0,0,0,0,1,0,1,0,0,0,0,0,0.7927294325167967
0,0,1,1,14,1,0,25.55,372.45,0,0,1,0,1,1,0,1,0,1,0,1,0,1,0,1,0,0,0,0,0,1,0.12740185109830907
1,0,1,1,60,1,0,90.95,5453.4,1,0,0,1,0,0,0,0,1,0,1,0,0,0,1,0,0,1,0,0,1,0,0.10346947846343951
1,0,1,1,34,0,1,44.85,1442.6,0,1,0,0,0,0,0,0,0,0,1,0,1,0,1,0,0,0,0,0,1,0,0.21615335993357293
0,0,1,0,50,1,0,108.55,5610.7,1,0,1,1,0,0,1,0,1,0,0,0,1,0,1,0,1,1,0,0,1,0,0.16345759437265933
1,0,1,1,38,1,0,25.05,963.95,0,0,1,0,1,1,0,1,0,1,0,1,0,1,0,1,0,0,1,1,0,0,0.010477684583465255
0,0,1,1,70,1,0,74.1,5222.3,0,0,0,0,0,0,1,0,1,0,1,0,1,0,0,0,1,1,0,1,0,0,0.008166577310416766
0,0,1,1,37,1,1,88.8,3340.55,0,0,1,1,0,0,0,0,1,0,0,0,0,0,1,0,0,0,0,0,1,0,0.4679238086660428
0,1,0,0,4,1,1,78.85,292.8,1,0,0,1,0,0,0,0,0,0,0,0,0,0,1,0,0,0,0,0,1,0,0.7717951691552546
1,1,1,1,60,1,1,93.25,5774.55,0,0,1,1,0,0,1,0,1,0,0,0,0,0,0,0,1,0,0,0,1,0,0.2810280616280908
1,0,1,1,62,1,0,71.4,4487.3,0,0,0,0,0,0,1,0,0,0,1,0,1,0,0,0,1,1,0,1,0,0,0.011152812942301221
1,0,0,0,1,1,0,44.4,44.4,1,0,0,0,0,0,0,0,0,0,0,0,0,0,0,0,0,0,0,0,0,1,0.3583339937416279
1,0,0,0,36,1,1,79.2,2854.95,0,0,0,0,0,0,1,0,0,0,1,0,1,0,1,0,1,0,0,1,0,0,0.11846533297104213
1,0,0,0,44,1,0,20.4,905.55,0,0,0,0,1,1,0,1,0,1,0,1,0,1,0,1,0,0,1,1,0,0,0.006875040973829035
0,1,0,0,55,1,1,100.0,5509.3,1,0,1,1,0,0,0,0,0,0,1,0,0,0,1,0,1,1,0,0,1,0,0.37344203861389114
0,0,1,0,72,1,1,105.0,7589.8,0,0,1,1,0,0,1,0,0,0,1,0,0,0,1,0,1,0,1,1,0,0,0.07740190066408482
0,0,1,1,12,1,0,19.8,229.6,1,0,0,0,1,1,0,1,0,1,0,1,0,1,0,1,0,1,0,0,0,0,0.0597539842345695
0,0,0,0,13,0,1,30.85,394.1,0,1,0,0,0,0,1,0,0,0,0,0,0,0,0,0,0,0,0,0,0,0,0.3368081767604604
1,0,0,0,1,1,1,89.9,89.9,1,0,0,1,0,0,0,0,0,0,0,0,0,0,1,0,1,0,0,0,1,0,0.7815480641260816
0,0,1,1,15,1,0,20.55,295.95,0,0,0,0,1,1,0,1,0,1,0,1,0,1,0,1,0,1,0,0,0,1,0.048458604865218656
0,0,0,0,65,1,1,84.85,5459.2,0,0,0,0,0,0,1,0,1,0,1,0,1,0,1,0,1,0,1,0,0,0,0.015105913586412525
0,0,1,1,12,0,0,33.15,444.75,0,1,0,0,0,0,1,0,0,0,0,0,1,0,0,0,0,1,0,1,0,0,0.08921178554921015
1,0,1,0,72,1,1,92.0,6782.15,0,0,1,0,0,0,1,0,1,0,1,0,1,0,1,0,1,0,1,1,0,0,0.01629957558784504
0,0,1,1,72,1,0,89.8,6510.45,0,0,1,0,0,0,1,0,1,0,1,0,1,0,1,0,1,0,1,1,0,0,0.00974883964268593
0,0,1,1,72,1,1,115.8,8476.5,0,0,1,1,0,0,1,0,1,0,1,0,1,0,1,0,1,0,1,0,0,0,0.05470431614076375
1,0,0,1,52,1,1,85.15,4461.85,0,0,1,0,0,0,1,0,1,0,0,0,1,0,1,0,1,0,1,0,0,1,0.022188031262142232
1,0,0,0,2,1,0,24.85,62.0,0,0,1,0,1,1,0,1,0,1,0,1,0,1,0,1,0,0,0,0,0,1,0.2372579891247739
0,0,0,0,5,1,1,64.35,352.65,0,0,0,0,0,0,1,0,0,0,0,0,1,0,1,0,0,0,0,0,1,0,0.324053488847821
0,0,0,0,68,1,0,20.5,1424.9,0,0,0,0,1,1,0,1,0,1,0,1,0,1,0,1,0,0,1,1,0,0,0.0020276365685556377
0,0,0,1,62,1,1,100.15,6413.65,1,0,1,1,0,0,0,0,0,0,1,0,0,0,1,0,1,1,0,0,1,0,0.24354853967055778
1,0,0,0,72,1,0,86.05,6309.65,0,0,1,0,0,0,1,0,1,0,0,0,1,0,1,0,1,0,1,1,0,0,0.010607093192116076
1,0,0,0,1,1,0,50.8,50.8,1,0,0,0,0,0,0,0,1,0,0,0,0,0,0,0,0,0,0,0,1,0,0.40376497502118475
0,0,1,0,66,1,0,89.0,5898.6,0,0,1,1,0,0,1,0,1,0,0,0,1,0,0,0,0,1,0,0,1,0,0.04904674372245773
1,0,1,1,72,0,1,64.8,4719.75,0,1,0,0,0,0,1,0,1,0,1,0,1,0,1,0,1,0,1,1,0,0,0.010542868391612286
1,0,0,0,26,1,0,19.8,457.3,0,0,0,0,1,1,0,1,0,1,0,1,0,1,0,1,0,1,0,1,0,0,0.029163423233288122
1,0,1,1,64,1,0,93.4,5822.3,0,0,1,1,0,0,1,0,0,0,1,0,0,0,0,0,1,0,1,0,0,0,0.04092436099698734
1,1,1,0,20,1,1,73.65,1463.5,1,0,0,1,0,0,0,0,1,0,0,0,0,0,0,0,0,0,0,0,1,0,0.5747803360624999
0,0,0,0,3,1,1,95.1,307.4,1,0,0,1,0,0,0,0,1,0,0,0,0,0,1,0,1,0,0,0,1,0,0.7560801498054128
1,0,0,0,22,1,1,94.65,2104.55,1,0,1,1,0,0,0,0,0,0,0,0,0,0,1,0,1,0,0,1,0,0,0.6164292952498961
1,0,1,0,4,1,1,80.6,319.15,1,0,0,1,0,0,0,0,0,0,1,0,1,0,0,0,0,0,0,0,0,1,0.4915020020009913
1,0,1,0,62,0,1,39.0,2337.45,0,1,0,0,0,0,0,0,0,0,0,0,1,0,1,0,0,0,1,0,0,0,0.018406973546387054
0,0,0,0,5,1,1,20.5,104.3,0,0,0,0,1,1,0,1,0,1,0,1,0,1,0,1,0,0,0,0,0,1,0.22256805929603973
1,0,1,0,59,1,0,85.55,5084.65,1,0,1,1,0,0,0,0,0,0,0,0,0,0,0,0,1,1,0,0,1,0,0.1665795018297206
1,0,0,1,3,1,1,26.4,121.25,0,0,1,0,1,1,0,1,0,1,0,1,0,1,0,1,0,0,1,0,0,1,0.07887285379265123
0,0,1,0,72,1,1,98.2,7015.9,0,0,1,1,0,0,1,0,0,0,1,0,1,0,1,0,0,0,1,0,0,0,0.04012395064768947
1,0,1,1,57,1,1,97.55,5598.0,0,0,0,1,0,0,0,0,1,0,1,0,0,0,1,0,1,1,0,1,0,0,0.1435580986647225
1,0,0,1,66,1,0,19.95,1269.1,0,0,0,0,1,1,0,1,0,1,0,1,0,1,0,1,0,0,1,1,0,0,0.0017021604706401756
0,0,0,0,60,0,1,50.8,3027.4,1,1,0,0,0,0,0,0,1,0,0,0,0,0,1,0,1,0,0,0,1,0,0.1711070768290971
1,0,0,1,45,1,0,99.7,4634.35,0,0,1,1,0,0,0,0,0,0,1,0,0,0,1,0,1,0,1,0,0,0,0.14393852926762238
0,0,0,0,3,0,1,34.8,113.95,0,1,0,0,0,0,0,0,0,0,0,0,0,0,1,0,0,0,0,1,0,0,0.5948077380896397
0,0,0,0,15,1,0,105.1,1582.75,1,0,0,1,0,0,1,0,0,0,1,0,1,0,1,0,1,0,0,0,1,0,0.4424481357852168
0,0,0,1,51,0,0,60.15,3077.0,0,1,0,0,0,0,1,0,0,0,1,0,1,0,1,0,1,1,0,0,0,0,0.03521883653913032
0,0,0,0,60,1,0,64.75,4039.5,0,0,1,0,0,0,1,0,0,0,1,0,1,0,0,0,0,1,0,0,1,0,0.01958635870163755
1,0,0,0,33,1,1,54.65,1665.2,0,0,1,0,0,0,0,0,1,0,0,0,0,0,0,0,0,0,0,0,0,0,0.17493152373462295
1,0,0,0,10,1,1,110.1,1043.3,1,0,0,1,0,0,1,0,1,0,1,0,1,0,1,0,1,0,0,0,1,0,0.5041202589274372
1,1,0,0,26,1,0,19.3,504.2,0,0,0,0,1,1,0,1,0,1,0,1,0,1,0,1,0,1,0,1,0,0,0.03819659939113878
0,0,0,0,6,1,0,83.9,497.55,1,0,0,1,0,0,0,0,0,0,1,0,0,0,0,0,1,0,0,0,1,0,0.6510951316595371
0,0,1,0,67,1,1,111.25,7511.65,0,0,1,1,0,0,1,0,0,0,1,0,1,0,1,0,1,1,0,0,1,0,0.15356704268763297
0,0,1,1,49,0,1,35.8,1782.0,0,1,0,0,0,0,1,0,0,0,0,0,1,0,0,0,0,1,0,1,0,0,0.020829572554059785
1,0,0,0,1,1,1,20.05,20.05,0,0,0,0,1,1,0,1,0,1,0,1,0,1,0,1,0,0,0,0,0,1,0.2556385448002516
0,1,0,0,7,1,1,84.35,609.65,0,0,0,1,0,0,0,0,0,0,1,0,0,0,1,0,0,0,0,0,1,0,0.7522972710422071
0,1,0,0,27,1,1,110.5,2857.6,0,0,1,1,0,0,1,0,1,0,1,0,0,0,1,0,1,1,0,0,0,0,0.3721544137329455
1,0,1,1,37,1,0,91.2,3247.55,0,0,0,1,0,0,0,0,0,0,0,0,0,0,1,0,1,1,0,1,0,0,0.18407413392523528
0,0,1,1,63,1,1,100.55,6215.35,1,0,1,1,0,0,1,0,1,0,1,0,0,0,1,0,0,0,0,0,1,0,0.2191162307070623
1,0,1,1,31,1,0,89.3,2823.0,0,0,1,1,0,0,1,0,0,0,1,0,1,0,0,0,0,0,0,0,1,0,0.2240108181646031
1,0,1,1,50,1,1,103.85,5017.9,1,0,1,1,0,0,0,0,1,0,1,0,0,0,1,0,1,0,0,0,0,0,0.38615297554952366
1,1,0,0,32,1,1,81.1,2619.25,0,0,1,1,0,0,0,0,0,0,1,0,0,0,0,0,0,0,0,1,0,0,0.4485876103705522
0,0,0,0,1,0,0,24.6,24.6,1,1,0,0,0,0,0,0,0,0,0,0,0,0,0,0,0,0,0,0,1,0,0.5926483802863689
0,0,1,0,63,1,1,81.2,4965.1,0,0,1,1,0,0,0,0,0,0,0,0,1,0,0,0,0,1,0,1,0,0,0.0660316188337853
1,0,0,0,30,1,1,94.3,2679.7,0,0,1,1,0,0,1,0,1,0,0,0,0,0,0,0,1,0,0,1,0,0,0.35055864238340495
1,0,1,0,71,1,1,116.1,8310.55,0,0,1,1,0,0,1,0,1,0,1,0,1,0,1,0,1,0,1,0,0,0,0.06545500509198766
0,0,0,0,53,1,0,105.55,5682.25,0,0,1,1,0,0,0,0,1,0,1,0,0,0,1,0,1,0,1,0,1,0,0.1759035547795922
0,0,0,0,12,1,1,98.9,1120.95,1,0,0,1,0,0,1,0,0,0,0,0,1,0,1,0,1,0,0,0,0,0,0.4606273736396769
1,0,1,0,50,1,1,94.4,4914.9,0,0,1,1,0,0,1,0,1,0,0,0,0,0,0,0,1,0,0,1,0,0,0.2565336004892442
0,0,0,0,2,1,0,19.5,27.55,0,0,0,0,1,1,0,1,0,1,0,1,0,1,0,1,0,0,0,0,0,1,0.2041291551534593
0,0,0,0,9,1,0,98.3,923.5,1,0,1,1,0,0,0,0,0,0,1,0,0,0,1,0,1,0,0,1,0,0,0.6524716288884418
1,0,0,0,17,1,0,93.85,1625.65,1,0,0,1,0,0,1,0,0,0,0,0,0,0,1,0,1,0,0,0,1,0,0.5222778925815088
0,0,1,0,56,1,1,105.6,6068.65,0,0,0,1,0,0,1,0,1,0,1,0,0,0,1,0,1,1,0,1,0,0,0.14062312993243645
1,0,1,1,67,1,0,81.35,5398.6,0,0,0,0,0,0,1,0,1,0,1,0,0,0,1,0,1,0,1,1,0,0,0.010884984527422412
1,1,0,0,9,1,1,100.5,918.6,1,0,1,1,0,0,0,0,0,0,1,0,0,0,1,0,1,0,0,0,1,0,0.8185013238459322
1,0,0,0,4,1,1,56.4,234.85,0,0,0,0,0,0,0,0,0,0,0,0,0,0,1,0,0,0,0,0,1,0,0.5266577975766066
1,0,0,0,19,1,1,65.35,1231.85,0,0,0,0,0,0,0,0,1,0,0,0,1,0,0,0,1,1,0,0,0,0,0.11774236963710713
0,0,0,1,8,1,0,19.95,170.9,0,0,0,0,1,1,0,1,0,1,0,1,0,1,0,1,0,0,0,0,0,1,0.13083087920476072
0,0,0,0,71,1,1,111.25,7984.15,0,0,1,1,0,0,0,0,1,0,1,0,1,0,1,0,1,0,1,0,1,0,0.11320576513682515
1,1,0,0,10,1,1,72.85,688.65,1,0,0,1,0,0,0,0,1,0,0,0,0,0,0,0,0,0,0,0,1,0,0.6485754737947623
0,1,0,0,15,1,0,89.0,1288.3,0,0,1,1,0,0,0,0,1,0,0,0,0,0,1,0,0,0,0,1,0,0,0.5735572700196565
1,0,1,1,72,1,1,106.1,7848.5,0,0,1,1,0,0,1,0,0,0,1,0,0,0,1,0,1,1,0,0,0,0,0.1197228335333003
1,0,0,0,12,1,0,20.05,267.0,0,0,0,0,1,1,0,1,0,1,0,1,0,1,0,1,0,1,0,1,0,0,0.06067914608849114
1,0,1,1,72,1,1,25.2,1798.9,0,0,1,0,1,1,0,1,0,1,0,1,0,1,0,1,0,0,1,0,0,0,0.00273612284316284
1,1,1,0,1,1,1,73.55,73.55,1,0,1,1,0,0,0,0,0,0,0,0,0,0,0,0,0,0,0,0,1,0,0.7923747104965606
0,1,0,0,23,1,1,75.4,1643.55,0,0,0,1,0,0,1,0,0,0,0,0,0,0,0,0,0,0,0,0,0,0,0.3893876989817663
1,0,0,0,72,0,1,65.55,4807.45,0,1,0,0,0,0,1,0,1,0,1,0,1,0,1,0,1,0,1,0,0,0,0.014425407212481917
0,0,0,0,26,1,1,80.7,2193.0,0,0,1,1,0,0,0,0,0,0,1,0,0,0,0,0,0,0,0,0,1,0,0.5480165087310247
0,0,0,0,21,1,1,104.55,2239.4,0,0,0,1,0,0,0,0,1,0,1,0,1,0,1,0,1,1,0,0,0,1,0.29747871692179145
1,0,1,0,60,1,0,24.15,1505.9,0,0,1,0,1,1,0,1,0,1,0,1,0,1,0,1,0,1,0,0,0,0,0.008260739344592958
1,0,0,0,12,1,0,20.45,255.35,0,0,0,0,1,1,0,1,0,1,0,1,0,1,0,1,0,0,0,0,0,1,0.12750925147133121
1,0,1,0,16,1,1,75.4,1189.4,0,0,1,1,0,0,0,0,0,0,0,0,0,0,0,0,0,0,0,0,1,0,0.6266146796903238
0,0,1,0,63,1,1,79.7,4786.15,0,0,1,0,0,0,1,0,1,0,0,0,0,0,1,0,1,1,0,1,0,0,0.04137565933367496
0,1,0,0,22,1,0,81.7,1820.9,0,0,0,1,0,0,1,0,1,0,0,0,0,0,0,0,0,0,0,0,1,0,0.3833511427234123
0,0,1,1,32,1,0,76.3,2404.15,0,0,0,0,0,0,1,0,1,0,1,0,1,0,0,0,1,0,0,0,0,0,0.07176185967218202
0,1,0,0,3,1,1,79.4,205.05,1,0,1,1,0,0,0,0,1,0,0,0,0,0,0,0,0,0,0,0,1,0,0.7528535058127583
0,0,0,0,13,1,1,81.15,952.3,1,0,0,1,0,0,0,0,1,0,1,0,0,0,0,0,0,0,0,0,1,0,0.5583246078095622
0,0,1,1,68,1,1,103.75,7039.45,0,0,1,1,0,0,0,0,1,0,0,0,1,0,1,0,1,0,1,1,0,0,0.06348115302027814
0,0,1,1,30,1,0,86.45,2538.05,0,0,0,1,0,0,0,0,0,0,1,0,0,0,0,0,1,1,0,0,1,0,0.24714619464984672
0,0,0,0,16,1,0,75.1,1212.85,0,0,0,1,0,0,0,0,1,0,0,0,0,0,0,0,0,0,0,0,0,0,0.40779981622377826
1,0,0,0,33,1,0,80.6,2651.1,0,0,0,1,0,0,0,0,1,0,0,0,1,0,0,0,0,0,1,0,0,0,0.06382638163237193
1,0,1,0,72,1,0,19.3,1304.8,0,0,0,0,1,1,0,1,0,1,0,1,0,1,0,1,0,0,1,1,0,0,0.0015883899801381566
0,1,0,0,4,1,1,84.6,360.1,1,0,1,1,0,0,0,0,0,0,0,0,0,0,0,0,1,0,0,0,1,0,0.8126486901153179
0,0,0,0,12,0,1,33.6,435.45,0,1,0,0,0,0,1,0,0,0,0,0,1,0,0,0,0,1,0,0,0,1,0.13982418367537192
0,1,1,0,4,1,1,83.25,308.05,0,0,1,1,0,0,0,0,0,0,0,0,0,0,1,0,0,0,0,0,1,0,0.8170952888473796
0,0,0,0,6,1,1,79.05,434.5,1,0,1,1,0,0,1,0,0,0,0,0,0,0,0,0,0,0,0,0,1,0,0.6046209169464236
0,0,1,0,65,1,1,108.05,7118.9,0,0,1,1,0,0,0,0,1,0,1,0,1,0,1,0,1,1,0,1,0,0,0.14793303060505558
0,0,0,0,15,1,0,19.9,320.45,0,0,0,0,1,1,0,1,0,1,0,1,0,1,0,1,0,0,0,0,0,1,0.11483816560134708
0,0,0,1,24,1,0,21.05,531.55,0,0,0,0,1,1,0,1,0,1,0,1,0,1,0,1,0,1,0,0,0,0,0.03127153954504952
0,0,0,1,13,0,0,30.15,382.2,0,1,0,0,0,0,0,0,1,0,0,0,0,0,0,0,0,0,0,0,1,0,0.3611751858130038
1,0,0,0,24,1,1,79.85,2001.0,0,0,0,1,0,0,0,0,0,0,0,0,0,0,0,0,1,0,0,1,0,0,0.4693132601077003
0,0,1,0,72,0,0,65.5,4919.7,0,1,0,0,0,0,1,0,1,0,1,0,1,0,1,0,1,0,1,0,0,0,0.012363198955674611
0,0,1,1,54,1,1,104.1,5645.8,0,0,1,1,0,0,1,0,1,0,0,0,0,0,1,0,1,0,0,0,0,0,0.2884606377947206
0,0,0,0,3,1,0,74.4,215.8,1,0,1,1,0,0,0,0,0,0,0,0,0,0,0,0,0,0,0,0,0,0,0.607517587616879
1,0,1,1,4,1,1,20.5,77.6,0,0,0,0,1,1,0,1,0,1,0,1,0,1,0,1,0,0,0,0,0,1,0.19756463124680662
0,1,1,1,32,1,1,91.35,2896.55,0,0,1,1,0,0,0,0,0,0,1,0,0,0,1,0,0,0,0,0,0,1,0.509632498348983
1,1,0,0,35,1,1,99.05,3395.8,1,0,1,1,0,0,0,0,0,0,1,0,0,0,1,0,1,0,0,0,1,0,0.6779799298073054
1,0,1,1,35,1,0,20.5,759.35,0,0,0,0,1,1,0,1,0,1,0,1,0,1,0,1,0,0,1,0,0,0,0.010692325924933934
1,1,0,0,2,1,0,44.95,85.15,1,0,0,0,0,0,0,0,0,0,0,0,0,0,0,0,0,0,0,0,0,1,0.4074349667640258
0,0,0,0,8,1,0,75.6,535.55,0,0,0,1,0,0,0,0,1,0,0,0,0,0,0,0,0,0,0,0,1,0,0.5390773755124356
1,0,0,0,22,1,0,55.1,1253.15,0,0,0,0,0,0,1,0,0,0,0,0,1,0,0,0,0,0,0,0,0,1,0.08863291502329276
0,0,0,0,15,1,0,58.95,955.15,0,0,0,0,0,0,1,0,0,0,1,0,1,0,0,0,0,0,0,0,1,0,0.15975292812207398
1,0,0,0,22,1,1,95.1,2162.6,0,0,1,1,0,0,0,0,0,0,0,0,0,0,1,0,1,0,0,0,1,0,0.7081864377171149
1,0,1,0,1,1,0,44.7,44.7,1,0,0,0,0,0,0,0,0,0,0,0,0,0,0,0,0,0,0,1,0,0,0.35258974813805666
0,0,1,1,71,1,0,25.45,1813.35,0,0,1,0,1,1,0,1,0,1,0,1,0,1,0,1,0,0,1,0,0,0,0.002287493577659466
1,0,0,0,4,1,0,56.75,245.15,0,0,0,0,0,0,1,0,0,0,1,0,0,0,0,0,0,0,0,0,1,0,0.29627264239752554
1,0,0,0,25,1,0,81.75,2028.8,0,0,1,0,0,0,1,0,1,0,1,0,1,0,0,0,1,0,0,0,0,0,0.12882821673799041
0,0,1,1,32,1,1,86.1,2723.75,0,0,0,1,0,0,0,0,1,0,0,0,0,0,1,0,0,0,0,0,1,0,0.4345774725559704
1,1,1,0,7,0,0,29.8,220.45,0,1,0,0,0,0,1,0,0,0,0,0,0,0,0,0,0,0,0,0,0,0,0.41022763209440505
1,0,0,0,17,1,1,20.5,365.8,0,0,0,0,1,1,0,1,0,1,0,1,0,1,0,1,0,1,0,0,0,1,0.06513020069088657
1,1,1,0,8,1,0,60.9,551.95,0,0,0,0,0,0,1,0,0,0,0,0,0,0,1,0,0,0,0,0,0,0,0.32965733745672743
0,1,0,0,56,1,0,73.25,4054.2,0,0,1,0,0,0,1,0,0,0,1,0,1,0,0,0,1,0,1,0,0,0,0.01870196407606266
1,0,0,0,1,1,1,45.7,45.7,1,0,0,0,0,0,0,0,0,0,0,0,0,0,0,0,0,0,0,0,0,1,0.4202781255753756
1,1,0,0,8,1,0,100.3,832.35,1,0,0,1,0,0,1,0,0,0,0,0,1,0,1,0,1,0,0,1,0,0,0.45048002331045034
1,0,0,0,7,1,0,19.25,112.3,1,0,0,0,1,1,0,1,0,1,0,1,0,1,0,1,0,0,0,0,1,0,0.20867803005846153
1,0,0,1,3,1,0,20.85,60.65,0,0,0,0,1,1,0,1,0,1,0,1,0,1,0,1,0,0,0,0,0,1,0.1579269498323762
0,0,0,0,71,1,0,77.35,5550.1,0,0,0,0,0,0,1,0,1,0,1,0,1,0,1,0,0,0,1,1,0,0,0.005626951913330822
0,0,0,0,2,1,1,96.0,174.8,1,0,1,1,0,0,0,0,0,0,0,0,0,0,1,0,1,0,0,0,1,0,0.8148941727183
0,0,0,0,1,1,0,90.55,90.55,1,0,0,1,0,0,0,0,0,0,0,0,0,0,1,0,1,0,0,0,1,0,0.7365310595054823
1,0,1,0,49,1,1,93.85,4733.1,0,0,1,1,0,0,1,0,1,0,0,0,0,0,1,0,0,0,0,0,0,0,0.280197159030454
1,0,0,0,58,1,0,70.1,4048.95,0,0,0,0,0,0,0,0,1,0,1,0,1,0,1,0,0,0,1,0,0,0,0.013382791696138884
1,1,1,0,44,0,1,30.35,1359.7,1,1,0,0,0,0,0,0,1,0,0,0,0,0,0,0,0,0,0,0,1,0,0.20840147902228898
0,0,1,1,59,1,1,75.95,4542.35,0,0,0,0,0,0,0,0,1,0,0,0,1,0,1,0,1,0,1,1,0,0,0.01904751842378791
1,0,0,0,71,1,1,108.05,7532.15,1,0,1,1,0,0,1,0,0,0,1,0,1,0,1,0,1,0,1,0,1,0,0.07418001344907482
1,0,0,0,1,1,1,69.9,69.9,1,0,0,1,0,0,0,0,0,0,0,0,0,0,0,0,0,0,0,0,1,0,0.6893942981242689
0,0,0,0,11,1,0,75.25,888.65,0,0,1,1,0,0,0,0,0,0,0,0,0,0,0,0,0,0,0,0,1,0,0.6064283535227788
1,1,1,0,62,1,1,103.75,6383.35,1,0,1,1,0,0,0,0,1,0,1,0,0,0,1,0,1,1,0,0,1,0,0.3193360392141413
0,0,1,1,35,1,1,54.95,1916.0,0,0,0,0,0,0,1,0,0,0,0,0,1,0,0,0,0,1,0,0,0,0,0.03073182804272666
0,0,0,0,20,1,1,19.5,413.0,0,0,0,0,1,1,0,1,0,1,0,1,0,1,0,1,0,0,0,0,0,0,0.1219061220452747
1,0,1,1,40,1,0,19.6,808.95,0,0,0,0,1,1,0,1,0,1,0,1,0,1,0,1,0,0,1,0,0,1,0.007721118013011818
0,0,0,0,39,1,1,47.85,1886.4,0,0,0,0,0,0,1,0,0,0,0,0,0,0,0,0,0,1,0,0,1,0,0.05657266916786835
1,0,0,0,1,1,1,86.6,86.6,1,0,1,1,0,0,0,0,0,0,0,0,0,0,0,0,1,0,0,0,1,0,0.7770355281630685
0,0,1,1,72,1,0,23.75,1679.25,0,0,1,0,1,1,0,1,0,1,0,1,0,1,0,1,0,0,1,0,0,0,0.002104563338382573
0,1,1,0,33,1,1,80.6,2656.5,1,0,1,1,0,0,0,0,1,0,0,0,0,0,0,0,0,0,0,0,0,0,0.4655040931827988
0,0,0,0,12,1,0,43.8,540.95,0,0,0,0,0,0,0,0,0,0,0,0,0,0,0,0,0,0,0,0,0,0,0.27212407581282116
1,0,0,0,1,1,0,19.75,19.75,0,0,0,0,1,1,0,1,0,1,0,1,0,1,0,1,0,0,0,0,0,0,0.21724529592722291
1,0,0,1,27,1,0,19.15,537.35,0,0,0,0,1,1,0,1,0,1,0,1,0,1,0,1,0,0,0,0,0,1,0.05079446066727116
1,0,1,1,34,1,0,19.6,678.8,0,0,0,0,1,1,0,1,0,1,0,1,0,1,0,1,0,1,0,1,0,0,0.016681222260522478
0,0,1,0,56,1,0,80.3,4513.65,0,0,0,1,0,0,1,0,0,0,1,0,0,0,0,0,0,0,1,0,0,0,0.03512403643715474
0,0,0,0,58,1,0,24.35,1423.85,0,0,1,0,1,1,0,1,0,1,0,1,0,1,0,1,0,0,1,1,0,0,0.004590409990368934
0,0,1,1,22,1,0,25.25,555.4,0,0,1,0,1,1,0,1,0,1,0,1,0,1,0,1,0,0,1,1,0,0,0.024176386526264894
0,0,1,1,10,1,0,26.1,225.55,0,0,1,0,1,1,0,1,0,1,0,1,0,1,0,1,0,0,1,1,0,0,0.04315323872347203
1,0,0,0,13,1,0,20.0,268.45,0,0,0,0,1,1,0,1,0,1,0,1,0,1,0,1,0,0,1,1,0,0,0.03441306570279517
0,0,0,0,35,1,0,85.3,2917.5,1,0,1,1,0,0,0,0,1,0,0,0,1,0,0,0,0,0,0,1,0,0,0.21282511634037632
0,0,0,0,34,1,1,70.0,2416.1,1,0,0,1,0,0,0,0,0,0,0,0,0,0,0,0,0,0,0,1,0,0,0.31024431391759527
0,1,0,0,4,1,1,94.3,424.45,1,0,1,1,0,0,0,0,0,0,0,0,0,0,1,0,1,0,0,0,1,0,0.8477509211432007
1,0,1,0,72,1,0,20.7,1492.1,0,0,0,0,1,1,0,1,0,1,0,1,0,1,0,1,0,0,1,0,0,0,0.0018871999595738696
1,0,0,0,2,1,0,70.3,132.4,0,0,0,0,0,0,0,0,0,0,0,0,1,0,1,0,1,0,0,0,1,0,0.4382941497647014
0,0,0,0,7,1,1,95.35,660.9,1,0,0,1,0,0,0,0,0,0,1,0,0,0,1,0,1,0,0,0,1,0,0.7504651869342837
1,1,1,0,27,1,1,75.5,1893.95,1,0,1,1,0,0,0,0,0,0,0,0,0,0,0,0,0,0,0,0,1,0,0.584966087001508
1,0,1,1,4,1,1,69.55,284.9,0,0,0,1,0,0,0,0,0,0,0,0,0,0,0,0,0,0,0,0,0,1,0.5481717358787176
0,0,0,0,37,1,0,19.85,784.25,0,0,0,0,1,1,0,1,0,1,0,1,0,1,0,1,0,0,1,0,0,1,0.011125950461383052
1,0,0,0,21,1,0,20.0,417.7,0,0,0,0,1,1,0,1,0,1,0,1,0,1,0,1,0,0,0,0,0,1,0.08314912656889577
0,1,1,0,53,1,1,95.85,5016.25,0,0,1,1,0,0,0,0,0,0,0,0,0,0,1,0,1,1,0,1,0,0,0.29203060607948655
0,0,0,0,18,1,1,90.1,1612.75,1,0,1,1,0,0,0,0,0,0,0,0,1,0,0,0,1,0,0,0,1,0,0.5833870348625363
0,0,0,0,2,1,0,68.95,119.75,1,0,0,1,0,0,0,0,0,0,0,0,0,0,0,0,0,0,0,0,1,0,0.6276721999034851
1,0,1,1,32,1,1,99.55,3204.65,1,0,1,1,0,0,1,0,0,0,0,0,0,0,1,0,1,0,0,1,0,0,0.40241966760206477
1,1,1,0,23,1,1,20.75,485.2,0,0,0,0,1,1,0,1,0,1,0,1,0,1,0,1,0,1,0,0,1,0,0.08725777898460081
1,0,0,0,3,1,1,50.15,160.85,0,0,0,0,0,0,1,0,0,0,0,0,0,0,0,0,0,0,0,0,0,1,0.29993844253630336
0,0,1,1,71,0,0,58.65,4145.25,0,1,0,0,0,0,1,0,1,0,0,0,1,0,1,0,1,0,1,0,0,1,0.008213046345420945
1,0,0,0,9,1,1,95.9,827.45,0,0,0,1,0,0,0,0,0,0,0,0,1,0,1,0,1,0,0,0,0,0,0.5807104440152869
0,0,0,0,1,1,0,49.5,49.5,0,0,0,0,0,0,0,0,1,0,0,0,0,0,0,0,0,0,0,0,1,0,0.4146387787611629
1,0,1,1,18,1,0,57.45,990.85,1,0,0,0,0,0,0,0,0,0,1,0,0,0,0,0,1,0,0,0,1,0,0.2895865579530313
1,0,1,1,12,1,0,53.65,696.35,1,0,0,0,0,0,0,0,0,0,0,0,0,0,0,0,1,1,0,1,0,0,0.14510179526605763
1,0,1,0,71,1,1,80.1,5585.4,0,0,1,0,0,0,1,0,1,0,1,0,1,0,0,0,1,0,1,0,0,1,0.010510473450310235
0,0,0,0,64,1,1,24.4,1601.2,0,0,1,0,1,1,0,1,0,1,0,1,0,1,0,1,0,1,0,0,0,0,0.008657121153506355
1,0,0,0,4,0,1,40.05,162.45,0,1,0,0,0,0,0,0,0,0,0,0,1,0,0,0,1,0,0,0,1,0,0.5737723331623361
0,0,0,0,23,1,1,19.5,470.2,0,0,0,0,1,1,0,1,0,1,0,1,0,1,0,1,0,0,0,0,0,1,0.10052022622255309
0,0,1,1,39,1,0,51.05,2066.0,0,0,0,0,0,0,1,0,0,0,0,0,0,0,0,0,0,0,0,1,0,0,0.05320749931857668
1,0,1,0,28,1,0,54.35,1426.45,0,0,0,0,0,0,1,0,0,0,0,0,1,0,0,0,0,1,0,0,0,1,0.03464965640490589
0,1,0,0,5,1,1,84.7,392.5,0,0,0,1,0,0,0,0,1,0,0,0,0,0,1,0,0,0,0,0,1,0,0.7424945461809672
0,1,1,0,45,1,1,86.1,3861.45,0,0,0,1,0,0,0,0,0,0,1,0,0,0,0,0,1,0,0,0,1,0,0.4783374565951659
1,0,0,0,37,1,1,70.35,2552.9,0,0,0,1,0,0,0,0,0,0,0,0,0,0,0,0,0,0,0,0,0,1,0.28931514979891754
0,1,1,0,60,1,1,110.0,6668.35,0,0,0,1,0,0,1,0,1,0,1,0,1,0,1,0,1,0,1,0,0,0,0.08109349734162813
1,1,0,0,8,1,1,100.6,819.4,1,0,1,1,0,0,0,0,0,0,1,0,0,0,1,0,1,0,0,0,1,0,0.822574809623005
0,0,0,0,47,1,0,94.9,4615.25,0,0,1,1,0,0,1,0,0,0,1,0,0,0,1,0,0,1,0,1,0,0,0.12533525711284949
1,0,1,1,26,1,1,83.75,2070.6,1,0,1,1,0,0,0,0,0,0,0,0,0,0,1,0,0,0,0,0,1,0,0.5553471911940654
0,1,1,1,3,1,1,88.3,273.75,1,0,0,1,0,0,1,0,0,0,0,0,1,0,1,0,0,0,0,0,0,1,0.4773029975251677
0,0,1,1,50,1,1,69.75,3557.7,0,0,0,1,0,0,0,0,0,0,0,0,0,0,0,0,0,0,0,0,0,0,0.19289494013057548
1,0,1,1,27,1,0,71.6,1957.1,0,0,1,0,0,0,0,0,0,0,0,0,1,0,1,0,1,0,0,0,0,0,0.2060222808385309
0,1,0,0,8,1,1,92.1,729.95,1,0,0,1,0,0,0,0,0,0,1,0,0,0,1,0,1,0,0,0,1,0,0.794921902722967
0,0,1,0,62,1,0,23.65,1416.75,0,0,1,0,1,1,0,1,0,1,0,1,0,1,0,1,0,0,1,0,0,0,0.004353605331376356
0,0,1,0,71,1,0,81.85,5924.4,0,0,0,0,0,0,1,0,0,0,1,0,1,0,1,0,1,0,1,0,0,0,0.010880680486495696
1,0,0,0,66,1,0,25.1,1697.7,0,0,1,0,1,1,0,1,0,1,0,1,0,1,0,1,0,0,1,0,0,1,0.003217312355288323
1,0,1,1,68,1,1,114.7,7849.85,0,0,1,1,0,0,1,0,1,0,1,0,1,0,1,0,1,0,1,0,0,0,0.0558621173662924
0,0,0,0,13,0,0,49.15,649.4,0,1,0,0,0,0,0,0,0,0,1,0,0,0,1,0,1,0,0,0,1,0,0.5771251545615549
1,0,1,0,56,1,1,80.9,4557.5,0,0,0,1,0,0,0,0,0,0,0,0,0,0,0,0,1,1,0,0,1,0,0.17608420020499815
1,0,1,0,38,1,1,79.45,3013.05,1,0,0,1,0,0,1,0,1,0,0,0,0,0,0,0,0,0,0,0,1,0,0.26840755394530286
1,1,0,0,14,1,0,90.45,1266.1,1,0,0,1,0,0,0,0,0,0,0,0,0,0,1,0,1,0,0,1,0,0,0.6106867192791083
0,0,0,1,16,1,1,19.3,360.35,0,0,0,0,1,1,0,1,0,1,0,1,0,1,0,1,0,1,0,0,0,0,0.061620464292032294
0,0,1,1,14,1,0,70.2,1046.5,0,0,0,1,0,0,0,0,0,0,0,0,0,0,0,0,0,0,0,0,1,0,0.47917074818741934
1,0,1,1,32,1,1,69.75,2347.9,1,0,0,1,0,0,0,0,0,0,0,0,0,0,0,0,0,0,0,0,0,0,0.31602529163312904
0,0,0,0,8,1,0,54.25,447.75,0,0,0,0,0,0,1,0,0,0,0,0,1,0,0,0,0,1,0,0,0,0,0.08281566976859703
0,0,1,1,43,1,1,99.3,4209.95,0,0,1,1,0,0,0,0,0,0,1,0,0,0,1,0,1,0,0,0,0,0,0.46336767985196486
0,0,0,0,52,1,0,74.0,3877.65,0,0,1,0,0,0,1,0,0,0,1,0,1,0,1,0,0,1,0,1,0,0,0.025213713345613748
1,0,0,0,3,1,1,50.25,152.3,0,0,0,0,0,0,0,0,0,0,0,0,1,0,0,0,0,0,0,0,0,1,0.30453487136028523
1,0,0,0,29,1,1,19.8,572.2,0,0,0,0,1,1,0,1,0,1,0,1,0,1,0,1,0,1,0,0,0,1,0.03549160819452198
0,0,0,0,1,1,0,19.65,19.65,1,0,0,0,1,1,0,1,0,1,0,1,0,1,0,1,0,0,0,0,0,1,0.21323462459525672
1,1,0,0,12,0,1,43.65,526.95,1,1,0,0,0,0,0,0,0,0,1,0,1,0,0,0,1,0,0,0,1,0,0.5467625232738491
0,0,1,1,16,0,1,35.5,552.7,0,1,0,0,0,0,0,0,0,0,0,0,0,0,0,0,1,0,0,1,0,0,0.3994304274539709
0,0,0,0,40,1,1,80.75,3208.65,0,0,1,0,0,0,0,0,0,0,1,0,1,0,1,0,1,1,0,0,0,1,0.10612374567986714
0,0,0,0,5,0,0,39.5,210.75,1,1,0,0,0,0,0,0,0,0,1,0,0,0,0,0,1,0,0,0,1,0,0.6030789467832786
1,0,1,0,40,1,1,97.1,3706.95,1,0,1,1,0,0,0,0,0,0,0,0,0,0,1,0,1,0,0,0,0,0,0.5142857855773898
0,0,0,0,36,1,0,19.55,620.75,0,0,0,0,1,1,0,1,0,1,0,1,0,1,0,1,0,1,0,0,0,1,0.019100111062496455
0,0,0,0,5,1,1,80.0,412.5,1,0,0,1,0,0,0,0,0,0,0,0,0,0,0,0,1,0,0,0,1,0,0.7195096010788948
0,0,0,0,10,1,1,84.7,832.05,1,0,0,1,0,0,1,0,0,0,0,0,0,0,1,0,0,0,0,0,0,1,0.49637876377605344
1,0,1,1,2,1,1,89.55,185.55,1,0,0,1,0,0,0,0,0,0,0,0,0,0,1,0,1,0,0,0,0,0,0.692022653305935
1,0,0,0,23,1,1,90.6,1943.2,1,0,1,1,0,0,0,0,0,0,0,0,1,0,1,0,0,0,0,0,1,0,0.5220205215101789
1,0,1,1,26,1,1,20.05,505.9,0,0,0,0,1,1,0,1,0,1,0,1,0,1,0,1,0,1,0,0,0,0,0.03698461335051649
0,1,1,0,72,1,1,112.4,8046.85,0,0,1,1,0,0,1,0,1,0,1,0,0,0,1,0,1,0,1,0,1,0,0.13876552064470082
0,0,1,0,34,1,0,50.2,1815.3,0,0,0,0,0,0,0,0,0,0,0,0,1,0,0,0,0,0,0,0,0,0,0.09282557800062555
1,0,0,0,10,1,0,62.25,612.95,0,0,0,0,0,0,1,0,0,0,0,0,1,0,1,0,0,0,0,0,0,0,0.1815457219108055
0,0,0,0,14,1,0,55.7,795.15,0,0,0,0,0,0,1,0,0,0,0,0,1,0,0,0,0,1,0,0,0,1,0.0615734300292108
0,0,0,0,23,1,1,90.05,2169.8,1,0,1,1,0,0,1,0,0,0,0,0,0,0,1,0,0,0,0,0,0,0,0.47512123776873194
1,0,1,0,47,1,0,19.65,973.1,0,0,0,0,1,1,0,1,0,1,0,1,0,1,0,1,0,0,1,0,0,1,0.006685131038470975
1,0,1,0,24,1,1,89.25,2210.2,0,0,0,1,0,0,1,0,0,0,0,0,1,0,0,0,1,0,0,0,1,0,0.3830666878997721
1,0,1,0,49,1,1,99.05,4853.75,1,0,1,1,0,0,0,0,1,0,0,0,0,0,1,0,1,0,0,0,0,0,0.4462703430159999
1,1,0,0,20,1,0,54.0,1055.9,0,0,0,0,0,0,1,0,0,0,0,0,1,0,0,0,0,1,0,0,0,1,0.059835524108075216
0,0,0,0,2,1,0,69.75,144.55,1,0,0,1,0,0,0,0,0,0,0,0,0,0,0,0,0,0,0,0,0,0,0.5627196076554767
0,0,0,0,2,1,1,49.05,91.1,1,0,0,0,0,0,0,0,1,0,0,0,0,0,0,0,0,0,0,1,0,0,0.374667918186543
1,0,0,0,22,0,0,56.75,1304.85,0,1,0,0,0,0,0,0,0,0,1,0,1,0,1,0,1,0,1,0,0,0,0.1130983823524415
1,0,0,0,7,1,1,98.05,713.0,1,0,1,1,0,0,0,0,0,0,1,0,0,0,1,0,1,0,0,0,0,0,0.7418164592146429
1,0,0,0,1,1,0,21.1,21.1,0,0,0,0,1,1,0,1,0,1,0,1,0,1,0,1,0,0,0,0,0,1,0.20555425305230793
0,0,1,1,59,1,1,96.65,5580.8,0,0,1,1,0,0,0,0,1,0,0,0,1,0,0,0,1,0,0,0,0,0,0.19084412699750627
0,0,1,1,58,1,1,24.5,1497.9,0,0,1,0,1,1,0,1,0,1,0,1,0,1,0,1,0,1,0,1,0,0,0.008862370707773376
0,0,0,0,41,1,1,114.5,4527.45,1,0,1,1,0,0,1,0,1,0,1,0,1,0,1,0,1,0,0,0,0,0,0.31889528844864734
0,1,0,0,59,1,1,79.2,4590.35,0,0,1,1,0,0,0,0,1,0,0,0,0,0,0,0,0,0,1,1,0,0,0.07350240680170662
0,0,1,1,3,1,1,69.55,200.2,0,0,0,1,0,0,0,0,0,0,0,0,0,0,0,0,0,0,0,0,1,0,0.6425125291439621
1,0,0,0,32,1,1,20.05,614.45,0,0,0,0,1,1,0,1,0,1,0,1,0,1,0,1,0,0,1,0,0,0,0.018925018068983043
1,1,1,0,46,1,1,98.85,4564.9,0,0,1,1,0,0,0,0,0,0,1,0,0,0,1,0,1,0,0,0,1,0,0.6235420471498871
1,0,0,0,2,1,1,80.95,171.15,1,0,0,1,0,0,0,0,0,0,0,0,0,0,0,0,1,0,0,0,1,0,0.7316903552920312
0,0,1,1,52,1,0,19.6,1012.4,0,0,0,0,1,1,0,1,0,1,0,1,0,1,0,1,0,1,0,1,0,0,0.006664358695897878
0,1,0,0,13,1,1,74.3,940.35,1,0,0,1,0,0,0,0,0,0,1,0,0,0,0,0,0,0,0,0,1,0,0.6528084497555561
0,1,0,0,11,1,0,89.7,1047.7,1,0,0,1,0,0,0,0,0,0,0,0,0,0,1,0,1,0,0,0,0,0,0.6746607514641443
1,0,0,0,32,1,0,87.65,2766.4,0,0,1,1,0,0,1,0,0,0,0,0,1,0,0,0,0,0,0,0,0,0,0.19314995191431916
1,1,1,0,17,1,1,100.45,1622.45,1,0,1,1,0,0,0,0,0,0,1,0,0,0,1,0,1,0,0,1,0,0,0.7110825662827037
0,0,0,0,16,1,1,74.75,1129.35,0,0,1,1,0,0,0,0,0,0,0,0,0,0,0,0,0,0,0,1,0,0,0.5225510090597981
0,0,0,0,51,1,0,107.45,5680.9,0,0,1,1,0,0,1,0,1,0,1,0,0,0,1,0,1,1,0,0,0,0,0.17105124619825124
1,0,0,0,29,1,1,75.35,2243.9,0,0,0,0,0,0,0,0,0,0,1,0,1,0,1,0,1,1,0,0,0,0,0.1227038197380449
1,0,1,0,70,1,0,64.95,4523.25,0,0,0,0,0,0,1,0,1,0,1,0,1,0,0,0,0,0,1,1,0,0,0.0036216836073776075
0,0,1,1,71,1,0,100.45,7159.7,0,0,1,1,0,0,1,0,0,0,1,0,1,0,0,0,1,0,1,0,1,0,0.035628095777952375
1,0,1,1,41,1,0,68.5,2839.95,0,0,1,0,0,0,0,0,1,0,1,0,0,0,1,0,0,1,0,0,0,0,0.06646567867679715
1,0,0,0,1,1,1,80.55,80.55,0,0,0,1,0,0,0,0,0,0,0,0,0,0,1,0,0,0,0,0,1,0,0.7352309598479023
0,0,1,0,7,1,0,81.25,580.1,0,0,0,0,0,0,1,0,0,0,1,0,1,0,1,0,1,0,0,0,0,0,0.2545715083616513
1,0,1,1,25,1,1,90.4,2178.6,1,0,0,1,0,0,0,0,0,0,0,0,0,0,1,0,1,1,0,0,1,0,0.3945384271801741
1,0,1,1,67,1,0,89.55,6038.55,0,0,1,1,0,0,1,0,1,0,0,0,1,0,0,0,0,1,0,0,1,0,0.037789454961197795
1,0,1,1,5,1,1,55.7,259.4,0,0,1,0,0,0,0,0,0,0,0,0,1,0,0,0,0,0,0,0,0,1,0.29610038024585
1,0,0,1,15,1,1,24.8,324.15,0,0,1,0,1,1,0,1,0,1,0,1,0,1,0,1,0,0,0,0,1,0,0.1866103222050975
0,0,1,1,20,1,0,20.0,417.65,0,0,0,0,1,1,0,1,0,1,0,1,0,1,0,1,0,0,0,0,1,0,0.1042985173013208
1,0,1,1,3,1,1,56.15,168.15,1,0,0,0,0,0,0,0,1,0,1,0,0,0,0,0,0,0,0,0,0,1,0.3271854823741978
1,0,1,1,54,1,1,105.2,5637.85,0,0,1,1,0,0,0,0,1,0,0,0,1,0,1,0,1,1,0,0,1,0,0.19689410342218142
1,0,0,0,42,1,1,19.55,839.4,0,0,0,0,1,1,0,1,0,1,0,1,0,1,0,1,0,1,0,0,0,1,0.018245579972662056
0,0,1,0,9,1,1,79.75,769.1,0,0,0,1,0,0,0,0,0,0,0,0,0,0,0,0,1,0,0,0,1,0,0.7041036522177986
0,0,0,0,63,1,0,97.45,6253.0,0,0,1,1,0,0,0,0,1,0,0,0,0,0,1,0,1,0,1,0,0,0,0.10186097854639858
0,0,1,0,69,1,0,24.25,1641.8,0,0,1,0,1,1,0,1,0,1,0,1,0,1,0,1,0,0,1,0,0,0,0.0030715222508667563
0,0,0,0,69,1,0,24.6,1678.05,0,0,1,0,1,1,0,1,0,1,0,1,0,1,0,1,0,0,1,1,0,0,0.002591095705905662
1,0,1,0,40,1,1,50.15,2058.5,0,0,0,0,0,0,0,0,1,0,0,0,0,0,0,0,0,0,0,0,0,1,0.11152995816511906
1,0,0,0,60,0,0,39.6,2424.5,0,1,0,0,0,0,1,0,1,0,1,0,0,0,0,0,0,0,1,0,0,0,0.010373753900185072
0,0,0,0,4,1,1,94.4,387.2,1,0,0,1,0,0,1,0,0,0,1,0,1,0,0,0,1,0,0,0,0,0,0.4588341528614471
0,1,0,0,71,1,0,89.85,6293.45,0,0,1,0,0,0,1,0,1,0,1,0,1,0,1,0,1,0,1,0,0,1,0.01585509089247373
0,0,1,0,37,1,1,78.95,2839.65,1,0,1,1,0,0,0,0,0,0,1,0,0,0,0,0,0,0,0,1,0,0,0.35641628245157053
1,0,1,0,32,1,1,98.85,3145.9,0,0,1,1,0,0,0,0,1,0,0,0,0,0,1,0,1,0,0,1,0,0,0.5343324641597866
1,0,0,0,39,1,1,53.85,2200.7,0,0,1,0,0,0,0,0,0,0,0,0,1,0,0,0,0,0,1,1,0,0,0.030717708358838358
0,0,0,0,38,1,1,24.25,914.4,0,0,1,0,1,1,0,1,0,1,0,1,0,1,0,1,0,1,0,0,1,0,0.04128856333320177
1,0,0,0,52,1,1,89.45,4577.75,0,0,1,1,0,0,0,0,0,0,1,0,0,0,0,0,1,0,1,1,0,0,0.11149257590768472
0,0,1,1,48,1,1,105.25,4997.5,0,0,1,1,0,0,1,0,1,0,0,0,0,0,1,0,1,0,0,1,0,0,0.2916324938023026
1,0,1,1,70,0,0,59.5,4144.8,0,1,0,0,0,0,1,0,0,0,1,0,1,0,1,0,1,0,1,0,0,0,0.00977169446693505
1,0,0,0,20,1,0,70.55,1493.55,0,0,0,1,0,0,0,0,0,0,0,0,0,0,0,0,0,0,0,1,0,0,0.3620439787033262
0,0,0,0,50,1,1,82.5,4179.1,0,0,1,0,0,0,1,0,0,0,1,0,1,0,1,0,1,1,0,1,0,0,0.05154625445392122
0,0,0,0,19,0,1,44.85,893.55,1,1,0,0,0,0,0,0,0,0,0,0,0,0,1,0,1,1,0,1,0,0,0.3035639994298068
1,0,1,1,25,1,1,61.6,1611.0,0,0,0,0,0,0,1,0,1,0,1,0,0,0,0,0,0,1,0,0,0,0,0.061489786052832555
1,0,0,0,12,1,1,49.05,593.05,0,0,0,0,0,0,0,0,1,0,0,0,0,0,0,0,0,0,0,0,0,0,0.2989045377416144
1,1,1,0,39,1,1,105.65,4284.8,1,0,1,1,0,0,0,0,1,0,1,0,0,0,1,0,1,0,0,0,1,0,0.6663513939281648
1,0,0,0,7,1,0,74.65,544.55,1,0,0,1,0,0,0,0,0,0,1,0,0,0,0,0,0,0,0,0,0,1,0.4919537625157379
0,0,1,1,23,1,1,66.25,1533.8,0,0,0,0,0,0,1,0,1,0,1,0,1,0,0,0,0,1,0,0,0,1,0.04413181123392812
1,0,0,0,27,1,1,19.4,529.8,0,0,0,0,1,1,0,1,0,1,0,1,0,1,0,1,0,0,0,0,1,0,0.1077604696577721
1,1,0,0,47,1,1,86.05,3865.6,0,0,1,1,0,0,0,0,0,0,0,0,0,0,1,0,0,0,0,1,0,0,0.3870524383719675
1,0,1,1,26,1,1,19.15,515.75,0,0,0,0,1,1,0,1,0,1,0,1,0,1,0,1,0,0,1,1,0,0,0.019582123541752535
0,0,1,0,14,1,1,64.7,941.0,1,0,1,0,0,0,1,0,0,0,0,0,0,0,1,0,0,0,0,0,0,0,0.33882516491541
0,1,1,0,11,1,1,104.05,1133.65,1,0,1,1,0,0,0,0,0,0,1,0,1,0,1,0,1,0,0,0,0,0,0.7020814891415216
1,0,0,1,2,1,0,19.25,48.35,0,0,0,0,1,1,0,1,0,1,0,1,0,1,0,1,0,0,0,0,0,1,0.16758146326947265
0,0,1,1,26,1,0,81.95,2070.05,0,0,0,1,0,0,1,0,1,0,0,0,0,0,0,0,0,0,0,0,1,0,0.2560719502264211
0,1,1,0,72,1,1,114.65,8333.95,0,0,1,1,0,0,1,0,1,0,1,0,1,0,1,0,1,0,1,0,0,0,0.08288471673052791
0,0,1,1,63,1,0,20.0,1209.25,0,0,0,0,1,1,0,1,0,1,0,1,0,1,0,1,0,0,1,1,0,0,0.0021634889186801527
1,0,1,1,71,1,0,19.8,1396.25,0,0,0,0,1,1,0,1,0,1,0,1,0,1,0,1,0,0,1,0,0,1,0.0014892233464824146
1,0,1,1,11,1,1,65.15,723.35,0,0,1,0,0,0,1,0,0,0,0,0,0,0,1,0,0,0,0,0,0,0,0.3071441367042356
1,1,1,0,14,1,0,19.65,228.65,0,0,0,0,1,1,0,1,0,1,0,1,0,1,0,1,0,1,0,0,0,1,0.07694104903245415
0,0,0,1,13,1,0,88.95,1161.75,0,0,1,0,0,0,1,0,1,0,1,0,1,0,1,0,1,0,1,1,0,0,0.056375498374319925
1,0,0,1,6,1,1,20.2,98.35,0,0,0,0,1,1,0,1,0,1,0,1,0,1,0,1,0,0,0,0,0,1,0.17369216180984687
1,1,1,1,11,1,1,75.2,775.3,0,0,1,1,0,0,0,0,0,0,0,0,0,0,0,0,0,0,0,1,0,0,0.5819591010015884
1,0,1,0,18,1,0,56.8,1074.65,0,0,1,0,0,0,0,0,1,0,0,0,0,0,0,0,0,0,0,1,0,0,0.22786798871607927
1,0,0,0,1,0,1,35.55,35.55,1,1,0,0,0,0,0,0,0,0,0,0,0,0,0,0,1,0,0,0,1,0,0.7013523728854787
0,0,1,0,32,1,1,75.5,2324.7,0,0,0,1,0,0,1,0,0,0,0,0,0,0,0,0,0,0,0,0,0,0,0.2720849385416994
1,0,0,0,29,0,0,35.6,1072.6,0,1,0,0,0,0,1,0,0,0,0,0,1,0,0,0,0,1,0,0,0,1,0.04971161037336546
0,0,0,0,3,1,1,60.25,170.5,0,0,1,0,0,0,0,0,0,0,0,0,0,0,1,0,0,0,0,0,1,0,0.6007124828801553
0,0,0,0,2,1,1,95.15,196.9,1,0,1,1,0,0,0,0,0,0,0,0,0,0,1,0,1,0,0,0,1,0,0.8171553045053216
1,0,1,1,13,1,1,96.65,1162.85,1,0,0,1,0,0,0,0,0,0,1,0,0,0,1,0,1,0,0,0,0,1,0.5888272364271085
0,0,0,0,41,0,1,40.35,1677.85,0,1,0,0,0,0,0,0,1,0,0,0,0,0,0,0,1,0,0,0,1,0,0.2511660724771206
0,0,0,0,1,1,0,18.85,18.85,0,0,0,0,1,1,0,1,0,1,0,1,0,1,0,1,0,0,0,0,1,0,0.27472914294816425
1,0,0,0,7,1,0,54.85,370.4,0,0,0,0,0,0,0,0,0,0,0,0,0,0,1,0,0,0,0,0,0,1,0.35110524830477396
0,0,1,0,52,1,1,64.3,3410.6,0,0,0,0,0,0,1,0,0,0,1,0,0,0,1,0,0,1,0,0,0,1,0.03908927284032101
0,0,1,1,45,1,1,24.65,1138.8,0,0,1,0,1,1,0,1,0,1,0,1,0,1,0,1,0,0,1,0,0,0,0.011330963642159702
1,0,1,0,70,1,0,76.1,5264.25,0,0,1,0,0,0,0,0,1,0,1,0,1,0,1,0,0,0,1,1,0,0,0.010908299253481362
0,0,0,0,53,1,0,18.7,1005.7,0,0,0,0,1,1,0,1,0,1,0,1,0,1,0,1,0,0,1,0,0,1,0.00471297640274266
0,1,1,0,62,1,1,97.95,5936.55,0,0,1,1,0,0,0,0,1,0,1,0,0,0,1,0,0,1,0,1,0,0,0.17581936468105513
0,0,1,0,60,1,1,94.1,5475.9,0,0,1,1,0,0,1,0,1,0,0,0,0,0,0,0,1,0,0,1,0,0,0.1904833042524782
0,1,1,0,3,1,1,80.4,224.05,1,0,0,1,0,0,0,0,0,0,0,0,0,0,1,0,0,0,0,0,1,0,0.7842562815227422
0,1,1,0,23,1,1,95.1,2326.05,0,0,0,1,0,0,1,0,0,0,0,0,0,0,1,0,1,0,0,0,1,0,0.6347334574485682
1,0,0,1,1,0,1,31.35,31.35,1,1,0,0,0,0,0,0,1,0,0,0,0,0,0,0,0,0,0,0,0,1,0.4830663228032106
0,0,0,0,67,1,1,72.35,4991.5,0,0,0,0,0,0,1,0,0,0,1,0,1,0,0,0,1,1,0,0,0,0,0.017448037213883362
0,0,0,0,12,1,1,89.75,1052.4,1,0,1,1,0,0,0,0,1,0,0,0,0,0,1,0,0,0,0,0,0,0,0.6309161574315608
0,1,1,0,71,1,1,82.7,5831.2,0,0,1,0,0,0,1,0,1,0,1,0,1,0,0,0,1,0,1,0,0,0,0.015598605314701166
1,0,0,0,25,1,0,19.9,510.8,0,0,0,0,1,1,0,1,0,1,0,1,0,1,0,1,0,1,0,1,0,0,0.03134671021288706
0,0,0,0,5,1,1,53.8,283.95,0,0,1,0,0,0,1,0,0,0,0,0,0,0,0,0,0,0,0,0,1,0,0.4166886477359322
1,0,0,0,26,1,1,51.55,1295.4,0,0,1,0,0,0,0,0,0,0,0,0,0,0,0,0,0,1,0,1,0,0,0.11627236435166131
1,0,1,1,1,1,0,19.65,19.65,0,0,0,0,1,1,0,1,0,1,0,1,0,1,0,1,0,1,0,0,0,1,0.09453175444493699
1,1,0,0,70,0,1,44.05,3011.65,0,1,0,0,0,0,0,0,1,0,1,0,0,0,1,0,0,1,0,1,0,0,0.034007800659502124
1,0,1,1,72,1,1,114.0,8093.15,0,0,1,1,0,0,1,0,1,0,1,0,1,0,1,0,1,0,1,0,1,0,0.062250864941321565
1,0,1,0,60,1,1,94.4,5610.25,1,0,0,1,0,0,0,0,1,0,0,0,0,0,1,0,1,1,0,0,1,0,0.20789156650810464
0,1,1,1,32,1,1,100.4,3217.65,0,0,1,1,0,0,0,0,1,0,0,0,0,0,1,0,1,0,0,0,1,0,0.6496555426131239
1,0,0,0,1,1,1,19.85,19.85,1,0,0,0,1,1,0,1,0,1,0,1,0,1,0,1,0,0,0,0,1,0,0.3230799659405404
0,0,0,0,14,1,1,54.25,773.2,0,0,1,0,0,0,0,0,1,0,0,0,0,0,0,0,0,1,0,0,0,1,0.18605274269921282
0,0,0,0,13,1,1,80.0,1029.35,0,0,1,1,0,0,1,0,0,0,0,0,0,0,0,0,0,0,0,1,0,0,0.44663914455525683
0,0,0,0,6,1,1,109.9,669.45,1,0,1,1,0,0,0,0,1,0,1,0,1,0,1,0,1,0,0,1,0,0,0.6084859659700435
0,0,0,0,46,1,0,79.2,3593.8,0,0,1,0,0,0,1,0,0,0,1,0,0,0,1,0,1,0,1,0,0,1,0.039645819023703045
1,0,0,0,15,1,1,101.35,1553.95,1,0,0,1,0,0,0,0,0,0,1,0,1,0,1,0,1,0,0,0,1,0,0.6075074157251502
1,1,1,0,43,1,1,94.3,3953.15,0,0,1,1,0,0,0,0,1,0,0,0,1,0,1,0,0,0,0,0,1,0,0.4310708435389968
1,0,0,0,39,1,1,49.8,1971.15,0,0,0,0,0,0,0,0,0,0,0,0,1,0,0,0,0,0,1,0,0,0,0.026062923383933328
1,1,0,0,21,1,1,60.05,1236.15,1,0,0,0,0,0,0,0,0,0,1,0,0,0,1,0,0,0,0,0,0,0,0.35218961637723106
1,0,0,0,57,0,1,53.75,3196.0,0,1,0,0,0,0,1,0,0,0,1,0,0,0,1,0,1,0,0,0,1,0,0.15313079010251324
0,0,1,0,53,1,1,93.45,4872.2,0,0,0,1,0,0,0,0,0,0,0,0,1,0,1,0,1,1,0,0,1,0,0.1963852224526088
1,0,1,1,18,1,1,87.9,1500.5,0,0,0,1,0,0,1,0,0,0,1,0,0,0,1,0,0,0,0,0,0,1,0.38019235938234747
0,0,0,0,1,1,1,60.15,60.15,1,0,1,0,0,0,0,0,0,0,0,0,0,0,0,0,1,0,0,0,1,0,0.6249771059661104
0,0,1,0,58,1,1,61.05,3478.75,0,0,1,0,0,0,1,0,0,0,0,0,1,0,0,0,0,1,0,0,0,0,0.01976002790349617
0,1,0,0,71,1,0,104.05,7413.55,0,0,1,1,0,0,0,0,0,0,1,0,0,0,1,0,1,0,1,0,0,0,0.11943375915003683
0,0,0,0,35,1,1,99.25,3532.0,0,0,0,1,0,0,0,0,0,0,1,0,1,0,1,0,1,1,0,0,1,0,0.30219166817039106
1,0,0,0,3,1,0,85.7,256.75,0,0,0,1,0,0,0,0,0,0,1,0,0,0,0,0,1,0,0,1,0,0,0.5690906430713719
1,0,0,0,38,1,1,104.85,3887.25,0,0,1,1,0,0,1,0,1,0,0,0,0,0,1,0,1,1,0,0,1,0,0.29929504282878633
1,0,1,1,35,1,1,69.15,2490.15,0,0,1,0,0,0,1,0,1,0,1,0,1,0,0,0,0,0,1,1,0,0,0.019981587842379127
1,0,0,0,7,1,1,90.45,593.45,1,0,1,1,0,0,0,0,0,0,1,0,0,0,1,0,0,0,0,0,1,0,0.7351766563459547
0,0,0,0,47,1,0,74.45,3510.3,0,0,0,0,0,0,0,0,0,0,1,0,1,0,1,0,1,0,1,0,0,1,0.030252791061097007
0,0,0,0,14,1,0,50.45,765.45,0,0,0,0,0,0,0,0,1,0,0,0,0,0,0,0,0,0,0,0,1,0,0.28861060328228233
0,1,1,0,20,1,1,60.0,1259.35,0,0,0,0,0,0,0,0,1,0,0,0,0,0,0,0,1,0,0,0,1,0,0.4319410285677127
1,0,1,0,66,1,0,85.25,5538.35,0,0,1,0,0,0,1,0,1,0,0,0,1,0,1,0,1,0,1,0,1,0,0.018673787922190207
1,0,1,0,15,1,1,19.45,340.85,0,0,0,0,1,1,0,1,0,1,0,1,0,1,0,1,0,0,0,1,0,0,0.14024072738230708
0,0,0,0,42,1,1,20.75,844.45,0,0,0,0,1,1,0,1,0,1,0,1,0,1,0,1,0,0,1,0,0,0,0.011633860824423782
0,0,1,0,17,1,0,78.9,1348.95,0,0,1,1,0,0,1,0,0,0,0,0,0,0,0,0,0,0,0,0,1,0,0.4583733278874876
1,0,0,0,37,1,1,104.5,3778.0,0,0,1,1,0,0,0,0,1,0,0,0,1,0,1,0,1,1,0,1,0,0,0.23235340290729528
0,0,0,0,12,1,1,49.4,611.65,0,0,0,0,0,0,0,0,1,0,0,0,0,0,0,0,0,0,0,0,1,0,0.3663969415170337
1,0,1,0,53,1,1,94.25,4867.95,1,0,0,1,0,0,0,0,1,0,0,0,0,0,1,0,1,1,0,0,0,0,0.1946222674480217
0,0,0,0,60,1,0,25.0,1505.05,0,0,1,0,1,1,0,1,0,1,0,1,0,1,0,1,0,0,1,0,0,1,0.004464378030382982
1,0,1,1,18,0,0,25.55,467.85,0,1,0,0,0,0,0,0,0,0,0,0,0,0,0,0,0,0,0,1,0,0,0.24926936473791184
1,0,0,0,1,1,1,74.9,74.9,1,0,1,1,0,0,0,0,0,0,0,0,0,0,0,0,0,0,0,0,1,0,0.7344446958674956
0,0,0,0,3,1,1,70.15,194.2,0,0,0,1,0,0,0,0,0,0,0,0,0,0,0,0,0,0,0,0,1,0,0.6786488931286075
0,0,0,1,9,1,1,69.4,571.45,0,0,0,0,0,0,0,0,0,0,0,0,1,0,1,0,1,0,0,1,0,0,0.3038283402639871
0,0,0,0,1,1,1,80.25,80.25,1,0,0,1,0,0,0,0,0,0,0,0,0,0,1,0,0,0,0,0,1,0,0.7420899864858214
1,0,1,0,56,1,1,93.15,5253.95,0,0,1,1,0,0,1,0,1,0,1,0,0,0,0,0,0,1,0,0,1,0,0.12224547771936474
1,0,1,1,17,1,1,69.0,1149.65,1,0,0,1,0,0,0,0,0,0,0,0,0,0,0,0,0,0,0,0,1,0,0.5058506149088271
0,0,1,1,11,1,1,66.35,740.8,1,0,1,0,0,0,0,0,0,0,0,0,1,0,0,0,1,0,0,0,1,0,0.3834621709231515
1,0,0,0,7,1,1,69.55,521.35,0,0,0,1,0,0,0,0,0,0,0,0,0,0,0,0,0,0,0,0,1,0,0.6421776968689837
0,0,1,1,69,1,0,20.2,1412.65,0,0,0,0,1,1,0,1,0,1,0,1,0,1,0,1,0,0,1,0,0,0,0.0018352461526932003
1,0,0,0,19,1,1,86.0,1532.45,1,0,1,1,0,0,0,0,0,0,0,0,0,0,0,0,1,0,0,0,0,0,0.5902269626603084
0,0,1,1,3,1,1,80.3,250.05,1,0,0,1,0,0,0,0,0,0,0,0,0,0,0,0,1,0,0,0,1,0,0.6981327811460788
1,0,1,1,54,1,0,20.4,1090.6,0,0,0,0,1,1,0,1,0,1,0,1,0,1,0,1,0,0,1,1,0,0,0.0034170859404344302
1,0,1,0,62,1,1,23.75,1446.8,0,0,1,0,1,1,0,1,0,1,0,1,0,1,0,1,0,1,0,1,0,0,0.008359971436945017
1,0,0,0,24,1,1,90.55,2282.55,1,0,1,1,0,0,0,0,1,0,0,0,0,0,1,0,0,0,0,1,0,0,0.5088014899578148
0,0,1,1,62,1,1,70.45,4300.45,0,0,1,0,0,0,0,0,0,0,0,0,0,0,1,0,1,0,0,1,0,0,0.10577770814993316
1,0,0,0,17,1,0,65.75,1111.2,0,0,1,0,0,0,1,0,0,0,0,0,0,0,0,0,1,0,0,0,0,0,0.24196610936137167
1,0,0,0,9,0,1,24.6,190.1,0,1,0,0,0,0,0,0,0,0,0,0,0,0,0,0,0,0,0,0,0,1,0.46672899569528203
1,0,1,1,64,1,0,69.25,4447.75,0,0,0,0,0,0,1,0,0,0,1,0,1,0,1,0,0,0,1,0,0,1,0.006204817282406634
0,0,0,0,2,1,1,75.9,143.35,1,0,1,1,0,0,0,0,0,0,0,0,0,0,0,0,0,0,0,0,1,0,0.731486302487585
1,0,1,1,1,1,1,45.85,45.85,1,0,0,0,0,0,0,0,0,0,0,0,0,0,0,0,0,0,0,0,0,1,0.37941711049341414
0,0,1,0,16,0,1,49.95,810.2,1,1,0,0,0,0,0,0,0,0,0,0,1,0,1,0,1,0,0,0,1,0,0.5243433250290441
0,0,1,0,72,1,0,24.65,1830.05,0,0,1,0,1,1,0,1,0,1,0,1,0,1,0,1,0,0,1,0,0,0,0.0027161350562022765
1,0,0,0,30,1,0,90.4,2820.65,0,0,1,1,0,0,1,0,1,0,1,0,0,0,0,0,0,1,0,0,0,0,0.14835008707124325
0,0,1,0,49,1,1,100.85,4847.35,0,0,1,1,0,0,1,0,0,0,0,0,0,0,1,0,1,0,0,0,0,1,0.3576046900040566
1,0,1,0,61,1,0,75.35,4729.3,0,0,1,0,0,0,1,0,0,0,1,0,1,0,0,0,1,0,1,1,0,0,0.011643264194670062
1,0,1,1,47,1,0,87.2,4017.45,0,0,1,1,0,0,0,0,1,0,0,0,0,0,1,0,0,0,0,0,1,0,0.3096507792930372
1,0,0,0,20,1,0,64.4,1398.6,0,0,0,0,0,0,1,0,0,0,1,0,0,0,0,0,1,0,0,1,0,0,0.16967979116337073
1,0,1,1,34,1,0,78.3,2564.3,1,0,0,1,0,0,0,0,0,0,0,0,0,0,1,0,0,0,0,0,1,0,0.35754730580258526
0,0,1,1,70,1,0,24.7,1685.9,0,0,1,0,1,1,0,1,0,1,0,1,0,1,0,1,0,0,1,0,0,0,0.0023506530895459838
1,0,0,1,54,1,1,105.85,5826.65,0,0,0,1,0,0,1,0,1,0,0,0,1,0,1,0,1,1,0,0,1,0,0.11198233525816147
1,1,1,0,61,1,1,98.3,6066.55,0,0,1,1,0,0,0,0,1,0,1,0,1,0,1,0,0,1,0,0,0,1,0.14368557814602803
1,0,0,0,3,1,1,76.95,228.4,1,0,1,1,0,0,0,0,0,0,0,0,0,0,0,0,0,0,0,0,1,0,0.7163163231308325
1,0,0,0,13,1,0,19.45,270.2,0,0,0,0,1,1,0,1,0,1,0,1,0,1,0,1,0,1,0,0,0,1,0.06179206544531863
0,1,0,0,16,1,1,96.15,1529.2,1,0,1,1,0,0,0,0,0,0,0,0,0,0,1,0,1,0,0,0,1,0,0.7906941785142673
0,0,1,1,3,1,1,58.7,168.6,0,0,0,0,0,0,0,0,1,0,0,0,0,0,1,0,0,0,0,1,0,0,0.3808421522346074
1,0,0,0,25,1,1,20.15,536.35,0,0,0,0,1,1,0,1,0,1,0,1,0,1,0,1,0,0,0,0,0,1,0.08880684354877025
1,0,0,0,30,1,1,64.5,1888.45,0,0,1,0,0,0,1,0,0,0,0,0,0,0,0,0,1,0,0,0,0,1,0.1910584057597717
0,0,1,0,21,0,0,28.5,629.35,0,1,0,0,0,0,1,0,0,0,0,0,0,0,0,0,0,0,0,0,1,0,0.2671948882562762
1,0,0,0,1,1,0,45.3,45.3,1,0,0,0,0,0,0,0,0,0,0,0,0,0,0,0,0,0,0,0,1,0,0.43440872998559477
0,0,0,0,15,1,0,19.4,289.3,1,0,0,0,1,1,0,1,0,1,0,1,0,1,0,1,0,0,0,0,0,0,0.12030716082054659
1,1,1,0,23,1,1,90.45,2117.25,0,0,0,1,0,0,0,0,0,0,0,0,0,0,1,0,1,0,0,0,1,0,0.7111626477607202
0,0,1,1,45,1,1,105.15,4730.9,0,0,1,1,0,0,1,0,1,0,0,0,0,0,1,0,1,0,0,0,1,0,0.40316347647866435
0,0,1,1,24,1,0,83.15,2033.05,0,0,1,1,0,0,0,0,1,0,1,0,0,0,0,0,0,1,0,0,0,0,0.2140811481759469
0,0,0,0,11,1,0,90.15,987.95,1,0,1,1,0,0,0,0,0,0,0,0,1,0,1,0,0,0,0,0,1,0,0.5665245702126479
1,0,0,0,1,1,0,45.05,45.05,1,0,0,0,0,0,0,0,0,0,0,0,0,0,0,0,0,0,0,0,0,1,0.35692323876799126
0,0,1,0,56,1,0,103.2,5744.35,0,0,1,1,0,0,0,0,0,0,1,0,1,0,1,0,1,0,1,0,0,0,0.0997115623089826
0,0,0,0,1,1,0,75.8,75.8,1,0,0,1,0,0,0,0,1,0,0,0,0,0,0,0,0,0,0,0,1,0,0.6051666613972418
1,0,0,0,1,1,0,19.45,19.45,0,0,0,0,1,1,0,1,0,1,0,1,0,1,0,1,0,0,0,0,1,0,0.2671507789031138
0,0,0,0,7,1,1,79.3,523.15,1,0,0,1,0,0,0,0,0,0,0,0,0,0,0,0,1,0,0,0,1,0,0.703640952991104
0,1,1,0,55,1,0,88.8,4805.3,0,0,0,1,0,0,0,0,0,0,1,0,1,0,1,0,0,0,1,1,0,0,0.059155485634061485
0,0,0,0,2,0,1,30.9,59.05,1,1,0,0,0,0,0,0,0,0,0,0,1,0,0,0,0,0,0,0,1,0,0.540876167780918
0,0,1,1,72,1,1,85.9,6110.75,0,0,1,0,0,0,1,0,0,0,1,0,1,0,1,0,1,0,1,1,0,0,0.012641895134120859
0,1,0,0,45,0,0,34.2,1596.6,0,1,0,0,0,0,0,0,0,0,0,0,0,0,0,0,1,1,0,0,1,0,0.1207761787997832
0,0,0,0,47,1,0,20.15,1046.2,0,0,0,0,1,1,0,1,0,1,0,1,0,1,0,1,0,0,1,0,0,1,0.0066910911564592975
0,1,0,0,46,1,0,95.25,4424.2,1,0,0,1,0,0,0,0,1,0,0,0,0,0,1,0,1,1,0,1,0,0,0.21221473329128845
1,0,0,0,2,1,1,50.3,92.75,0,0,0,0,0,0,0,0,1,0,0,0,0,0,0,0,0,0,0,0,0,1,0.38105555414679143
0,0,1,0,2,1,1,80.15,194.55,0,0,0,1,0,0,1,0,0,0,0,0,1,0,0,0,0,0,0,0,1,0,0.49608399862676494
0,0,1,0,12,1,1,51.25,612.1,0,0,0,0,0,0,0,0,1,0,0,0,0,0,0,0,0,0,0,0,1,0,0.37371957326969635
0,1,1,0,68,1,1,89.6,6127.6,1,0,1,1,0,0,0,0,1,0,0,0,0,0,0,0,1,0,0,0,0,0,0.29174694033347687
1,0,1,1,69,1,1,95.2,6671.7,0,0,0,1,0,0,0,0,0,0,0,0,1,0,1,0,1,0,1,1,0,0,0.04716855545781084
1,1,0,1,56,1,0,94.8,5264.3,0,0,0,1,0,0,1,0,0,0,0,0,0,0,1,0,1,1,0,1,0,0,0.09823647488454847
0,1,0,0,4,1,1,80.25,303.7,0,0,1,1,0,0,1,0,0,0,0,0,0,0,0,0,0,0,0,0,1,0,0.6793909383852599
1,0,1,0,64,1,1,76.1,4818.8,0,0,1,0,0,0,0,0,1,0,1,0,1,0,1,0,0,0,1,0,0,0,0.020087771697371627
1,0,1,0,59,1,1,110.15,6448.05,1,0,1,1,0,0,1,0,1,0,1,0,0,0,1,0,1,1,0,0,1,0,0.21720279560180264
1,0,1,1,62,1,0,115.55,7159.05,0,0,1,1,0,0,1,0,1,0,1,0,1,0,1,0,1,0,1,0,0,0,0.048967902559392755
1,0,1,1,63,1,0,24.65,1574.5,0,0,1,0,1,1,0,1,0,1,0,1,0,1,0,1,0,0,1,1,0,0,0.0029213547010743302
0,0,0,0,53,0,1,53.6,2879.2,0,1,0,0,0,0,1,0,1,0,1,0,1,0,1,0,0,1,0,0,1,0,0.04396557671320616
1,0,1,1,5,1,0,19.45,86.05,0,0,0,0,1,1,0,1,0,1,0,1,0,1,0,1,0,0,0,0,0,1,0.1517375082164826
1,1,1,0,49,1,1,88.2,4159.45,0,0,1,1,0,0,1,0,1,0,1,0,0,0,0,0,0,0,0,0,1,0,0.303028919135923
0,0,1,1,62,1,1,101.15,6638.35,0,0,1,1,0,0,1,0,0,0,0,0,0,0,1,0,1,0,1,0,0,0,0.0947253883220667
0,0,1,0,55,1,0,56.8,3112.05,0,0,0,0,0,0,1,0,1,0,0,0,1,0,0,0,0,0,1,0,0,1,0.006650342632358868
0,1,1,0,71,1,1,99.4,7168.25,0,0,0,1,0,0,1,0,1,0,1,0,1,0,1,0,0,0,1,0,1,0,0.05253749138290363
0,0,1,1,72,1,1,20.1,1326.25,0,0,0,0,1,1,0,1,0,1,0,1,0,1,0,1,0,0,1,1,0,0,0.0017315262061094042
1,0,1,1,36,0,0,60.7,2234.55,0,1,0,0,0,0,1,0,0,0,1,0,1,0,1,0,1,1,0,1,0,0,0.05728903907624924
1,0,1,0,25,1,1,20.95,495.15,0,0,0,0,1,1,0,1,0,1,0,1,0,1,0,1,0,1,0,0,0,0,0.04768336007392323
0,1,1,0,72,1,1,114.85,8317.95,0,0,1,1,0,0,1,0,1,0,1,0,1,0,1,0,1,0,1,0,0,0,0.08236530383201215
0,0,0,0,36,1,1,19.25,679.8,0,0,0,0,1,1,0,1,0,1,0,1,0,1,0,1,0,1,0,0,0,0,0.026932529739152253
1,0,0,0,1,1,1,62.8,62.8,0,0,0,0,0,0,0,0,0,0,0,0,0,0,1,0,1,0,0,0,0,1,0.545669285958206
0,0,1,0,72,1,1,105.5,7544.0,0,0,1,1,0,0,1,0,0,0,1,0,0,0,1,0,1,0,1,0,1,0,0.1092608669819296
1,0,1,1,59,1,0,19.85,1188.25,0,0,0,0,1,1,0,1,0,1,0,1,0,1,0,1,0,0,1,0,0,1,0.0028322233745379836
1,1,1,0,7,1,1,89.5,676.7,1,0,0,1,0,0,0,0,0,0,0,0,0,0,1,0,1,0,0,0,1,0,0.8043107419581782
0,0,0,0,1,1,0,74.1,74.1,0,0,0,0,0,0,0,0,0,0,1,0,1,0,1,0,1,1,0,1,0,0,0.2081231601118929
0,0,1,1,30,1,1,107.5,3242.5,0,0,1,1,0,0,0,0,1,0,1,0,1,0,1,0,1,0,0,0,1,0,0.5164253240787063
1,0,0,0,64,1,0,19.55,1240.15,0,0,0,0,1,1,0,1,0,1,0,1,0,1,0,1,0,0,1,0,0,1,0.0025446651414408354
1,0,0,0,63,1,0,68.8,4111.35,0,0,1,0,0,0,1,0,1,0,1,0,1,0,0,0,0,1,0,0,0,0,0.011159873776465422
1,1,1,0,72,1,0,84.45,5899.85,0,0,1,0,0,0,1,0,1,0,1,0,0,0,1,0,1,0,1,1,0,0,0.01915627841554037
1,0,1,0,8,1,0,75.0,632.95,1,0,0,1,0,0,1,0,0,0,0,0,0,0,0,0,0,0,0,0,1,0,0.4708145694641671
0,0,0,0,62,1,0,84.5,5193.2,0,0,1,0,0,0,0,0,1,0,1,0,1,0,1,0,1,0,1,0,0,0,0.024490455851869472
1,0,1,1,67,1,1,111.2,7530.8,0,0,1,1,0,0,0,0,1,0,1,0,1,0,1,0,1,0,1,0,0,0,0.08075070558031046
1,0,0,0,6,1,0,44.75,270.95,1,0,0,0,0,0,0,0,0,0,0,0,0,0,0,0,0,0,0,0,1,0,0.3811801486452173
0,0,1,1,70,1,1,80.6,5460.2,0,0,1,0,0,0,1,0,0,0,0,0,1,0,1,0,1,0,1,0,0,0,0.013590353166469355
0,1,0,0,20,1,0,80.7,1614.2,0,0,0,1,0,0,0,0,0,0,0,0,0,0,1,0,0,0,0,0,0,0,0.5293885398091401
0,0,0,0,5,1,0,75.6,402.5,0,0,1,1,0,0,0,0,0,0,0,0,0,0,0,0,0,0,0,0,1,0,0.6534305938726099
0,0,1,1,24,0,0,57.6,1367.75,0,1,0,0,0,0,1,0,1,0,1,0,0,0,1,0,1,1,0,0,1,0,0.16858314925130288
0,0,1,0,11,1,1,44.05,483.7,1,0,0,0,0,0,0,0,0,0,0,0,0,0,0,0,0,0,0,0,1,0,0.41279657624779204
1,0,1,0,72,1,1,110.6,7962.2,0,0,1,1,0,0,0,0,1,0,1,0,1,0,1,0,1,0,1,1,0,0,0.07585977051154748
0,0,1,1,66,1,1,58.2,3810.8,0,0,0,0,0,0,1,0,1,0,0,0,1,0,0,0,0,0,1,1,0,0,0.004185512093422977
0,0,1,1,45,1,1,81.0,3533.6,0,0,0,0,0,0,1,0,0,0,1,0,1,0,1,0,1,0,1,0,0,1,0.024088694548310554
0,0,1,1,69,1,0,19.7,1396.9,0,0,0,0,1,1,0,1,0,1,0,1,0,1,0,1,0,0,1,0,0,0,0.0018353409401339553
1,1,1,0,15,1,1,85.6,1345.55,1,0,1,1,0,0,0,0,0,0,0,0,0,0,0,0,1,0,0,0,0,0,0.7020169790783952
0,0,0,0,28,1,1,59.55,1646.45,0,0,0,0,0,0,0,0,0,0,1,0,0,0,1,0,0,0,0,0,0,0,0.24614148721080925
0,0,0,0,70,1,0,115.55,8127.6,1,0,1,1,0,0,1,0,1,0,1,0,1,0,1,0,1,1,0,1,0,0,0.07360917851986766
0,0,0,0,36,1,1,75.55,2680.15,0,0,0,0,0,0,1,0,1,0,1,0,1,0,0,0,1,1,0,0,0,1,0.044291801261757933
1,1,0,0,16,1,1,86.6,1281.0,1,0,1,1,0,0,0,0,0,0,0,0,0,0,1,0,0,0,0,0,1,0,0.7254797453505123
0,0,0,0,18,1,1,85.2,1553.9,1,0,1,1,0,0,0,0,0,0,0,0,0,0,1,0,0,0,0,0,1,0,0.6734376080098459
0,0,1,0,34,1,1,97.65,3207.55,1,0,1,1,0,0,0,0,0,0,0,0,0,0,1,0,1,0,0,0,1,0,0.6354126090160903
1,0,1,1,42,0,1,45.1,2049.05,0,1,0,0,0,0,0,0,1,0,1,0,0,0,0,0,1,1,0,1,0,0,0.08235993889318553
1,0,0,0,48,1,1,70.95,3629.2,0,0,1,0,0,0,1,0,0,0,0,0,1,0,0,0,1,1,0,0,0,0,0.04291774577836279
1,0,1,0,47,1,1,109.55,5124.55,1,0,1,1,0,0,0,0,1,0,1,0,1,0,1,0,1,0,0,0,1,0,0.45125522454950695
0,0,1,1,39,1,1,89.55,3474.45,1,0,1,1,0,0,0,0,1,0,1,0,1,0,0,0,0,1,0,0,1,0,0.16272596764747305
0,0,1,1,11,1,0,20.9,202.3,0,0,0,0,1,1,0,1,0,1,0,1,0,1,0,1,0,0,1,1,0,0,0.03287678983698879
1,0,0,0,7,1,1,19.95,147.5,0,0,0,0,1,1,0,1,0,1,0,1,0,1,0,1,0,0,0,0,0,1,0.20053995229196686
0,0,0,0,3,1,0,24.6,86.35,0,0,1,0,1,1,0,1,0,1,0,1,0,1,0,1,0,0,0,0,0,1,0.23429697555715573
1,0,0,0,8,1,1,66.7,579.0,0,0,0,0,0,0,1,0,0,0,1,0,0,0,0,0,1,0,0,0,1,0,0.38200812689481606
1,0,0,1,1,1,1,19.45,19.45,1,0,0,0,1,1,0,1,0,1,0,1,0,1,0,1,0,0,0,0,0,1,0.21731411820442928
1,0,1,1,32,1,0,94.8,3131.55,0,0,0,1,0,0,1,0,1,0,1,0,0,0,0,0,1,1,0,0,0,1,0.12290385170254413
1,0,1,1,60,1,1,65.85,3928.3,0,0,0,0,0,0,1,0,1,0,1,0,1,0,0,0,0,1,0,0,0,0,0.01101539900204738
0,0,1,0,10,1,1,19.95,187.75,0,0,0,0,1,1,0,1,0,1,0,1,0,1,0,1,0,0,0,0,0,0,0.19650606156078318
0,0,1,0,71,1,1,24.65,1710.15,0,0,1,0,1,1,0,1,0,1,0,1,0,1,0,1,0,0,1,0,0,0,0.0036467132660244223
0,0,1,1,4,1,0,20.35,76.35,1,0,0,0,1,1,0,1,0,1,0,1,0,1,0,1,0,0,0,0,0,1,0.1623209894555285
0,1,0,0,1,1,1,69.25,69.25,1,0,0,1,0,0,0,0,0,0,0,0,0,0,0,0,0,0,0,0,1,0,0.7495216322727567
0,0,1,1,43,0,1,51.25,2151.6,0,1,0,0,0,0,1,0,1,0,0,0,1,0,1,0,0,1,0,0,0,0,0.040935134587308575
1,0,1,0,59,1,1,99.5,5961.1,1,0,1,1,0,0,0,0,0,0,1,0,0,0,1,0,1,1,0,0,0,0,0.24537153433474423
0,0,1,0,23,1,0,54.25,1221.55,0,0,0,0,0,0,0,0,0,0,1,0,1,0,0,0,0,0,0,0,1,0,0.17425578304133685
0,0,1,0,72,1,0,19.4,1496.45,0,0,0,0,1,1,0,1,0,1,0,1,0,1,0,1,0,0,1,0,0,0,0.0019772668316235683
1,0,1,0,22,1,1,56.25,1292.2,0,0,0,0,0,0,1,0,0,0,0,0,1,0,0,0,0,1,0,1,0,0,0.05567241541239542
0,0,0,0,1,0,1,25.15,25.15,0,1,0,0,0,0,0,0,0,0,0,0,0,0,0,0,0,0,0,0,0,1,0.5782909373135414
1,0,0,0,69,1,0,23.95,1713.1,0,0,1,0,1,1,0,1,0,1,0,1,0,1,0,1,0,0,1,0,0,0,0.0029011163458033725
1,0,0,0,50,0,1,35.4,1748.9,0,1,0,0,0,0,1,0,0,0,0,0,1,0,0,0,0,1,0,0,0,1,0.023944800104603703
0,1,0,0,1,0,1,25.2,25.2,1,1,0,0,0,0,0,0,0,0,0,0,0,0,0,0,0,0,0,0,1,0,0.7114511498926452
1,0,0,0,2,1,1,45.0,96.45,1,0,0,0,0,0,0,0,0,0,0,0,0,0,0,0,0,0,0,0,0,1,0.4113744340151846
0,0,1,0,15,1,0,75.35,1114.55,0,0,0,1,0,0,0,0,1,0,0,0,0,0,0,0,0,0,0,0,0,0,0.42622445491780653
1,0,0,0,31,1,0,20.4,609.1,0,0,0,0,1,1,0,1,0,1,0,1,0,1,0,1,0,0,1,0,0,0,0.0152555440096415
1,0,0,0,1,1,0,20.15,20.15,1,0,0,0,1,1,0,1,0,1,0,1,0,1,0,1,0,0,0,0,0,1,0.2070237911027144
1,0,1,0,66,1,1,105.0,7133.25,1,0,1,1,0,0,0,0,1,0,1,0,0,0,1,0,1,0,0,1,0,0,0.3358593532026154
1,0,0,1,3,1,1,54.7,169.45,1,0,0,0,0,0,0,0,0,0,0,0,0,0,1,0,0,0,0,1,0,0,0.38822889639137287
0,0,0,0,8,1,0,20.0,141.6,0,0,0,0,1,1,0,1,0,1,0,1,0,1,0,1,0,0,1,0,0,1,0.04862579188728452
1,0,1,1,64,1,1,73.05,4688.65,0,0,0,0,0,0,1,0,0,0,1,0,0,0,1,0,1,1,0,1,0,0,0.02698734615641316
0,0,1,0,28,1,0,20.5,563.05,0,0,0,0,1,1,0,1,0,1,0,1,0,1,0,1,0,0,0,0,0,1,0.06345596689350037
0,0,1,0,57,1,1,100.75,5985.0,0,0,1,1,0,0,0,0,0,0,1,0,0,0,1,0,1,1,0,1,0,0,0.2485222687619492
0,0,1,1,14,1,1,87.25,1258.6,1,0,1,1,0,0,0,0,0,0,1,0,0,0,0,0,1,0,0,0,1,0,0.6734024444874824
1,0,0,0,19,1,1,19.95,373.5,0,0,0,0,1,1,0,1,0,1,0,1,0,1,0,1,0,0,1,0,0,1,0.03519573472544632
1,0,1,0,10,1,1,79.95,857.2,1,0,0,1,0,0,0,0,0,0,0,0,0,0,1,0,0,0,0,0,1,0,0.6863613615478544
0,0,1,0,51,0,1,49.65,2553.35,0,1,0,0,0,0,0,0,1,0,0,0,0,0,1,0,1,0,0,0,1,0,0.24393549310267815
0,0,1,0,67,1,0,65.65,4322.85,0,0,1,0,0,0,1,0,1,0,1,0,0,0,0,0,0,0,1,0,0,1,0.008472323194909051
1,0,1,1,11,1,1,20.45,250.8,0,0,0,0,1,1,0,1,0,1,0,1,0,1,0,1,0,0,0,0,1,0,0.1924717137386852
1,0,1,1,72,0,0,60.95,4549.05,0,1,0,0,0,0,1,0,0,0,1,0,1,0,1,0,1,0,1,0,0,0,0.009691165596015919
1,0,1,1,66,1,1,20.35,1359.5,0,0,0,0,1,1,0,1,0,1,0,1,0,1,0,1,0,1,0,0,1,0,0.006105958182756178
0,0,0,0,18,1,1,88.35,1639.3,1,0,1,1,0,0,0,0,0,0,0,0,1,0,1,0,0,0,0,0,1,0,0.5853638380438443
0,0,0,0,9,1,1,19.5,178.85,0,0,0,0,1,1,0,1,0,1,0,1,0,1,0,1,0,0,0,0,1,0,0.2447018755703674
0,0,0,0,9,1,1,75.2,633.85,0,0,1,1,0,0,0,0,0,0,0,0,0,0,0,0,0,0,0,1,0,0,0.5859591681332467
1,0,1,0,48,1,1,111.45,5315.1,0,0,1,1,0,0,1,0,1,0,1,0,0,0,1,0,1,0,0,0,0,0,0.3751917910514354
1,0,0,0,10,1,0,70.15,735.5,0,0,0,1,0,0,0,0,0,0,0,0,0,0,0,0,0,0,0,0,0,1,0.466804119067038
0,0,0,0,9,1,1,94.75,889.9,1,0,1,1,0,0,0,0,0,0,0,0,0,0,1,0,1,0,0,0,1,0,0.7858671094848141
0,1,0,0,13,1,1,95.05,1290.0,1,0,1,1,0,0,0,0,0,0,0,0,0,0,1,0,1,0,0,0,1,0,0.809019721529694
1,0,0,0,4,1,0,78.45,330.05,1,0,1,1,0,0,0,0,1,0,0,0,0,0,0,0,0,0,0,0,1,0,0.6310061465692548
1,0,0,0,4,1,1,70.2,237.95,1,0,0,1,0,0,0,0,0,0,0,0,0,0,0,0,0,0,0,0,1,0,0.6612245945808526
0,0,1,0,72,1,0,92.0,6474.4,0,0,1,0,0,0,1,0,1,0,1,0,1,0,1,0,1,0,1,0,0,0,0.01330694081494374
0,0,1,1,51,1,0,85.5,4421.95,0,0,0,0,0,0,1,0,1,0,1,0,1,0,1,0,1,0,1,1,0,0,0.014114868955473538
1,0,1,0,59,0,1,41.05,2452.7,1,1,0,0,0,0,0,0,1,0,0,0,0,0,0,0,1,0,0,0,0,0,0.10177996447332914
1,0,1,0,10,1,1,85.6,813.85,1,0,1,1,0,0,0,0,0,0,0,0,0,0,1,0,0,0,0,0,1,0,0.7275073560815503
1,1,1,0,61,1,1,82.15,4904.85,0,0,1,1,0,0,0,0,1,0,0,0,0,0,0,0,0,0,0,0,1,0,0.29313066228568746
1,0,0,0,54,1,0,84.4,4484.05,0,0,0,1,0,0,1,0,0,0,1,0,1,0,0,0,0,1,0,0,1,0,0.052449161927490225
0,0,0,0,33,1,1,60.9,2033.85,0,0,1,0,0,0,1,0,1,0,0,0,0,0,0,0,0,0,0,0,0,1,0.1274658078065611
0,0,0,0,27,1,1,20.25,538.2,0,0,0,0,1,1,0,1,0,1,0,1,0,1,0,1,0,0,1,0,0,0,0.0254409622528042
0,1,0,0,1,1,1,79.2,79.2,1,0,0,1,0,0,0,0,0,0,0,0,0,0,1,0,0,0,0,0,1,0,0.7902965037457584
1,0,0,0,23,1,0,95.3,2192.9,0,0,0,1,0,0,0,0,1,0,0,0,0,0,1,0,1,0,0,0,0,1,0.47333211979362605
1,0,0,1,1,1,0,19.85,19.85,0,0,0,0,1,1,0,1,0,1,0,1,0,1,0,1,0,0,0,0,0,1,0.17387360902664367
1,0,1,1,45,1,1,84.35,3858.05,0,0,0,0,0,0,1,0,1,0,1,0,1,0,1,0,1,0,1,0,0,1,0.02316764536017037
0,0,1,1,39,1,1,19.85,854.8,0,0,0,0,1,1,0,1,0,1,0,1,0,1,0,1,0,0,1,0,0,0,0.011866870377975241
1,0,0,0,5,1,1,70.0,347.4,1,0,0,0,0,0,0,0,0,0,1,0,0,0,1,0,1,1,0,0,0,1,0.31817216884740634
1,0,1,1,72,1,0,82.3,5815.15,0,0,1,0,0,0,1,0,1,0,1,0,1,0,1,0,0,0,1,0,0,0,0.006652145336440393
0,0,1,1,58,1,1,66.8,3970.4,0,0,1,0,0,0,0,0,1,0,0,0,0,0,1,0,0,0,0,0,0,0,0.095286222611316
0,0,0,0,70,0,1,44.6,3058.15,0,1,0,0,0,0,1,0,1,0,1,0,1,0,0,0,0,0,1,0,0,0,0.006234368837454943
1,0,1,1,61,1,1,98.45,6145.2,0,0,0,1,0,0,0,0,1,0,0,0,1,0,1,0,1,1,0,0,0,0,0.10575713423480486
1,0,0,0,2,1,0,70.7,129.2,0,0,0,1,0,0,0,0,0,0,0,0,0,0,0,0,0,0,0,0,0,1,0.5369701544114036
0,0,1,1,46,1,0,24.95,1165.9,0,0,1,0,1,1,0,1,0,1,0,1,0,1,0,1,0,1,0,0,0,1,0.013171108280353732
0,0,0,0,1,1,1,49.95,49.95,1,0,1,0,0,0,0,0,0,0,0,0,0,0,0,0,0,0,0,0,0,0,0.49888582854643837
0,0,1,0,22,1,1,69.25,1554.0,1,0,0,1,0,0,0,0,0,0,0,0,0,0,0,0,0,0,0,0,1,0,0.5251497258750344
0,0,0,0,48,1,1,102.5,4904.25,0,0,0,1,0,0,1,0,0,0,1,0,1,0,1,0,1,0,1,1,0,0,0.07237518404992167
1,0,0,0,64,1,0,86.55,5632.55,0,0,1,0,0,0,0,0,1,0,1,0,1,0,1,0,1,0,1,1,0,0,0.02084089585364805
1,0,1,1,72,1,0,24.3,1643.25,0,0,1,0,1,1,0,1,0,1,0,1,0,1,0,1,0,0,1,0,0,0,0.0020039422443336873
0,0,1,1,12,1,1,58.35,740.55,0,0,0,0,0,0,0,0,0,0,1,0,0,0,1,0,0,0,0,1,0,0,0.3233185570843381
0,1,1,0,34,1,1,94.25,3217.55,1,0,1,1,0,0,0,0,1,0,1,0,0,0,0,0,1,0,0,0,1,0,0.6175479571935177
0,0,1,1,72,1,0,68.75,4888.2,0,0,0,0,0,0,1,0,1,0,1,0,0,0,0,0,1,0,1,1,0,0,0.005881747894304186
1,0,1,0,29,1,1,85.8,2440.25,0,0,1,1,0,0,0,0,1,0,1,0,0,0,0,0,0,0,0,0,1,0,0.49605970451165254
1,0,1,1,33,1,0,20.1,620.55,0,0,0,0,1,1,0,1,0,1,0,1,0,1,0,1,0,1,0,1,0,0,0.017287346334330968
0,0,0,0,1,1,0,20.35,20.35,0,0,0,0,1,1,0,1,0,1,0,1,0,1,0,1,0,0,0,0,0,1,0.21212724430380317
0,0,1,1,62,1,1,110.8,6840.95,0,0,1,1,0,0,0,0,1,0,1,0,1,0,1,0,1,1,0,0,1,0,0.1816352182263506
1,0,1,0,41,1,1,73.0,3001.2,1,0,1,0,0,0,0,0,0,0,1,0,0,0,1,0,1,1,0,0,1,0,0.18850819168960414
0,0,0,0,64,1,1,100.05,6254.2,1,0,1,1,0,0,0,0,0,0,1,0,0,0,1,0,1,1,0,1,0,0,0.18546658538827057
0,0,0,0,4,1,1,82.85,319.6,0,0,0,1,0,0,0,0,0,0,1,0,0,0,0,0,1,0,0,1,0,0,0.6392513989136756
0,0,0,0,24,1,1,84.35,1938.05,0,0,1,1,0,0,1,0,0,0,0,0,1,0,0,0,0,0,0,0,1,0,0.3536042054484777
0,0,1,1,14,1,0,19.55,294.5,0,0,0,0,1,1,0,1,0,1,0,1,0,1,0,1,0,1,0,0,0,1,0.051708822986766
1,0,0,1,3,1,0,19.95,58.3,0,0,0,0,1,1,0,1,0,1,0,1,0,1,0,1,0,0,0,0,0,1,0.15900158595152783
0,1,0,0,4,1,1,99.8,442.85,1,0,0,1,0,0,0,0,1,0,1,0,0,0,1,0,1,0,0,1,0,0,0.7221557740355492
0,0,0,1,18,0,1,35.0,553.0,1,1,0,0,0,0,0,0,0,0,0,0,0,0,0,0,1,0,0,0,1,0,0.45723646542061924
1,0,0,0,8,1,1,66.25,546.45,0,0,0,0,0,0,0,0,0,0,0,0,0,0,1,0,1,0,0,0,1,0,0.5527322138625036
0,0,0,0,35,1,0,23.3,797.1,0,0,1,0,1,1,0,1,0,1,0,1,0,1,0,1,0,0,1,0,0,0,0.01671961504546162
0,0,0,0,1,1,0,76.0,76.0,1,0,1,1,0,0,0,0,0,0,0,0,0,0,0,0,0,0,0,0,1,0,0.6827298126043987
1,0,0,1,66,1,1,25.3,1673.8,0,0,1,0,1,1,0,1,0,1,0,1,0,1,0,1,0,0,1,1,0,0,0.0031353982513914053
1,0,0,1,8,0,1,44.55,343.45,0,1,0,0,0,0,1,0,0,0,0,0,1,0,0,0,1,0,1,0,0,1,0.10325787443094815
0,0,1,0,71,1,1,104.1,7412.25,0,0,1,1,0,0,1,0,0,0,1,0,0,0,1,0,1,1,0,1,0,0,0.1269583745618119
0,0,1,1,43,1,1,92.55,4039.0,0,0,1,1,0,0,0,0,0,0,1,0,0,0,0,0,1,0,0,0,0,0,0.38746503966900614
0,1,0,0,2,1,1,93.85,170.85,1,0,1,1,0,0,0,0,0,0,0,0,0,0,1,0,1,0,0,0,1,0,0.8534381116435724
1,1,0,0,29,1,1,101.45,2948.6,0,0,0,1,0,0,0,0,1,0,1,0,0,0,1,0,1,0,0,0,0,0,0.5810888460397077
0,0,1,0,15,1,1,84.3,1308.4,1,0,0,1,0,0,0,0,0,0,1,0,0,0,1,0,0,0,0,0,1,0,0.6553419315549555
1,0,1,1,65,1,0,94.55,6078.75,0,0,1,1,0,0,1,0,1,0,1,0,1,0,0,0,0,0,1,1,0,0,0.016874635272095026
1,0,0,0,35,1,0,95.5,3418.2,0,0,1,1,0,0,0,0,0,0,1,0,1,0,1,0,0,0,0,0,1,0,0.38620494894222906
1,0,0,0,64,1,1,100.3,6603.8,0,0,0,1,0,0,1,0,1,0,0,0,0,0,1,0,1,1,0,1,0,0,0.10203342467517969
0,0,1,1,58,0,1,55.5,3166.9,0,1,0,0,0,0,0,0,0,0,1,0,1,0,1,0,1,0,1,1,0,0,0.026755843763588416
0,1,0,0,18,1,1,49.85,865.75,0,0,0,0,0,0,0,0,1,0,0,0,0,0,0,0,0,0,0,1,0,0,0.2754242720126825
1,0,1,1,67,1,1,89.55,6373.1,0,0,1,1,0,0,0,0,1,0,0,0,0,0,0,0,1,0,0,0,0,0,0.22043884470810435
1,0,1,1,63,1,1,19.15,1177.05,0,0,0,0,1,1,0,1,0,1,0,1,0,1,0,1,0,0,1,0,0,1,0.00294901848858283
0,0,1,0,60,1,1,99.8,5985.75,0,0,1,1,0,0,0,0,1,0,0,0,0,0,1,0,1,0,0,0,1,0,0.44446314870358583
1,1,0,0,9,1,1,84.4,732.5,1,0,1,1,0,0,0,0,0,0,0,0,0,0,0,0,1,0,0,1,0,0,0.7019761394549361
0,0,1,1,70,1,1,113.05,7869.05,0,0,1,1,0,0,1,0,1,0,1,0,1,0,1,0,1,0,1,1,0,0,0.04654299250717903
1,0,1,0,15,1,1,101.1,1504.05,1,0,1,1,0,0,0,0,0,0,1,0,0,0,1,0,1,0,0,0,1,0,0.7530486490762379
0,0,0,1,48,1,0,19.95,936.7,0,0,0,0,1,1,0,1,0,1,0,1,0,1,0,1,0,1,0,0,0,1,0.008387909278696447
1,0,1,0,12,1,1,74.15,741.4,0,0,0,0,0,0,0,0,0,0,1,0,1,0,1,0,1,0,0,0,1,0,0.4156385518890673
1,1,1,0,71,1,1,92.0,6585.2,0,0,1,1,0,0,1,0,1,0,1,0,1,0,0,0,0,1,0,0,1,0,0.07228051367837857
1,1,0,0,44,1,0,73.85,3122.4,0,0,0,1,0,0,0,0,0,0,1,0,0,0,0,0,0,0,0,0,1,0,0.30330771154109787
1,0,0,0,1,1,1,50.45,50.45,1,0,1,0,0,0,0,0,0,0,0,0,0,0,0,0,0,0,0,0,1,0,0.5567425132379522
1,0,1,1,45,1,0,24.45,1088.25,0,0,1,0,1,1,0,1,0,1,0,1,0,1,0,1,0,0,1,0,0,1,0.007800813626154828
0,0,0,0,23,1,0,24.8,615.35,0,0,1,0,1,1,0,1,0,1,0,1,0,1,0,1,0,1,0,1,0,0,0.04615210701878511
0,0,1,0,43,1,1,64.85,2908.2,0,0,1,0,0,0,0,0,0,0,0,0,1,0,1,0,0,1,0,0,0,0,0.07543055211788087
1,0,0,0,35,1,0,20.75,739.9,0,0,0,0,1,1,0,1,0,1,0,1,0,1,0,1,0,0,0,0,0,0,0.044025958915185195
1,0,1,0,9,1,1,68.95,593.85,0,0,0,0,0,0,1,0,1,0,0,0,1,0,1,0,0,0,0,0,0,1,0.20968039827898868
1,0,0,0,12,1,1,99.95,1132.75,1,0,1,1,0,0,0,0,0,0,0,0,1,0,1,0,1,0,0,0,0,1,0.6016825880251842
0,1,1,0,65,1,1,109.4,7227.45,0,0,1,1,0,0,1,0,1,0,1,0,0,0,1,0,1,0,0,1,0,0,0.3221371463939582
0,0,0,0,2,1,1,91.4,193.6,1,0,1,1,0,0,0,0,0,0,1,0,0,0,1,0,0,0,0,0,1,0,0.7715585728668639
1,0,0,0,27,1,0,49.0,1291.35,0,0,1,0,0,0,0,0,0,0,0,0,0,0,0,0,0,0,0,0,0,1,0.18049461710320516
0,0,0,0,40,1,1,50.25,2023.55,0,0,0,0,0,0,0,0,0,0,1,0,0,0,0,0,0,1,0,0,0,1,0.05976157985216408
0,1,0,0,5,1,1,75.55,349.65,1,0,0,1,0,0,0,0,0,0,1,0,0,0,0,0,0,0,0,1,0,0,0.6252075509188455
1,0,1,1,8,1,0,19.9,153.95,0,0,0,0,1,1,0,1,0,1,0,1,0,1,0,1,0,1,0,1,0,0,0.06264483859001987
0,1,1,0,58,1,1,97.8,5458.8,0,0,1,1,0,0,0,0,1,0,0,0,0,0,1,0,1,1,0,0,0,0,0.2671479203660618
0,0,1,1,52,1,0,100.3,5244.45,0,0,0,1,0,0,1,0,0,0,1,0,0,0,1,0,1,1,0,0,1,0,0.14262874440083131
1,0,1,0,3,1,1,55.8,154.55,0,0,0,0,0,0,0,0,0,0,1,0,1,0,0,0,0,0,0,0,0,1,0.30920739362134425
1,0,0,1,41,1,1,111.15,4507.15,0,0,0,1,0,0,1,0,1,0,1,0,1,0,1,0,1,0,1,0,1,0,0.09365948491792422
1,0,0,0,20,1,1,98.55,2031.95,0,0,1,1,0,0,0,0,0,0,0,0,1,0,1,0,1,0,0,0,0,1,0.5570937523914775
1,0,0,1,1,1,1,50.05,50.05,0,0,1,0,0,0,0,0,0,0,0,0,0,0,0,0,0,0,0,0,1,0,0.5033592378752234
1,0,0,1,4,1,0,80.8,332.45,1,0,1,1,0,0,0,0,0,0,0,0,1,0,0,0,0,0,0,1,0,0,0.4005561294764653
1,0,0,0,23,1,0,20.85,473.9,0,0,0,0,1,1,0,1,0,1,0,1,0,1,0,1,0,0,0,0,1,0,0.10135820608557922
0,1,0,0,6,1,0,19.5,106.8,0,0,0,0,1,1,0,1,0,1,0,1,0,1,0,1,0,0,0,0,0,0,0.2218005785367138
1,0,1,1,8,1,1,19.35,152.6,0,0,0,0,1,1,0,1,0,1,0,1,0,1,0,1,0,0,0,0,0,1,0.16749123132356308
1,0,0,0,18,1,0,69.5,1199.4,0,0,1,0,0,0,1,0,0,0,1,0,0,0,1,0,0,0,0,0,0,1,0.2211674014361349
1,1,0,0,52,0,1,48.8,2555.05,0,1,0,0,0,0,1,0,0,0,0,0,0,0,1,0,1,0,0,1,0,0,0.15082815327362878
1,0,0,0,31,1,1,94.5,2979.2,0,0,0,1,0,0,0,0,1,0,0,0,0,0,1,0,1,0,0,0,1,0,0.567130437374284
1,0,1,1,29,1,1,20.65,654.85,0,0,0,0,1,1,0,1,0,1,0,1,0,1,0,1,0,0,0,0,0,1,0.06285781707839992
0,0,1,0,36,1,1,106.05,3834.4,0,0,1,1,0,0,1,0,1,0,1,0,1,0,0,0,1,0,1,1,0,0,0.09221895039712873
0,0,1,0,16,1,1,100.0,1534.75,1,0,1,1,0,0,0,0,1,0,0,0,0,0,1,0,1,0,0,0,1,0,0.7327644652767112
1,0,1,0,42,1,1,108.3,4586.15,0,0,1,1,0,0,0,0,0,0,1,0,1,0,1,0,1,1,0,0,1,0,0.3248537520171689
1,0,0,0,1,1,0,20.55,20.55,1,0,0,0,1,1,0,1,0,1,0,1,0,1,0,1,0,0,0,0,1,0,0.2651210856195757
0,0,0,0,60,1,1,99.65,5941.05,0,0,0,1,0,0,0,0,1,0,1,0,0,0,1,0,1,0,1,0,1,0,0.1400689926883436
1,0,0,0,5,1,1,85.3,424.15,1,0,1,1,0,0,0,0,1,0,1,0,0,0,0,0,0,0,0,0,1,0,0.6767476586204418
1,0,1,0,22,1,0,95.9,2234.95,0,0,1,1,0,0,1,0,0,0,0,0,1,0,1,0,0,0,0,1,0,0,0.30203495314154843
1,0,1,0,36,1,0,20.0,666.75,0,0,0,0,1,1,0,1,0,1,0,1,0,1,0,1,0,1,0,0,0,1,0.019599602975600896
0,0,0,0,4,1,0,70.4,281.0,1,0,0,1,0,0,0,0,0,0,0,0,0,0,0,0,0,0,0,0,1,0,0.6081257207150377
1,0,0,0,9,1,0,64.95,547.8,0,0,0,0,0,0,1,0,0,0,0,0,1,0,0,0,1,0,0,0,0,1,0.17748235998179865
1,0,1,1,1,1,0,74.6,74.6,0,0,0,1,0,0,0,0,1,0,0,0,0,0,0,0,0,0,0,1,0,0,0.4595701868649045
1,0,1,1,12,1,1,49.2,571.15,0,0,0,0,0,0,1,0,0,0,0,0,0,0,0,0,0,0,0,0,1,0,0.252437938796321
0,0,0,0,23,1,1,73.75,1756.6,0,0,1,0,0,0,0,0,0,0,0,0,1,0,1,0,1,1,0,0,0,1,0.1779767372025459
1,0,0,0,62,1,1,92.3,5731.45,0,0,1,1,0,0,1,0,1,0,0,0,0,0,0,0,1,1,0,0,0,0,0.10206717253129076
1,0,0,0,37,1,0,98.8,3475.55,1,0,1,1,0,0,0,0,0,0,0,0,1,0,1,0,1,0,0,0,0,0,0.3658232597696681
0,0,0,0,8,1,0,19.2,156.85,0,0,0,0,1,1,0,1,0,1,0,1,0,1,0,1,0,0,0,0,0,1,0.15811413745798225
1,0,1,0,31,1,0,88.65,2683.2,0,0,1,1,0,0,0,0,0,0,1,0,0,0,1,0,0,0,0,1,0,0,0.41081163330886256
1,0,1,1,13,1,1,74.4,896.75,1,0,1,1,0,0,0,0,0,0,0,0,0,0,0,0,0,0,0,1,0,0,0.4994593207977441
0,0,0,0,24,1,1,98.75,2407.3,1,0,1,1,0,0,0,0,0,0,1,0,0,0,1,0,1,0,0,0,1,0,0.7040562059985667
1,0,1,1,45,1,1,95.95,4456.65,0,0,1,1,0,0,0,0,1,0,1,0,0,0,0,0,1,0,0,0,0,0,0.35711568460462384
0,1,1,0,69,1,0,105.4,6998.95,0,0,1,1,0,0,0,0,1,0,0,0,1,0,1,0,1,0,1,1,0,0,0.0708316876337605
1,0,0,0,2,1,0,20.25,36.8,0,0,0,0,1,1,0,1,0,1,0,1,0,1,0,1,0,0,0,0,0,1,0.19815523059748166
1,0,1,1,61,1,1,106.0,6547.7,1,0,1,1,0,0,1,0,1,0,0,0,0,0,1,0,1,1,0,0,1,0,0.17172057080021486
1,0,0,0,41,1,1,104.7,4346.4,1,0,1,1,0,0,0,0,1,0,1,0,0,0,1,0,1,0,0,0,1,0,0.5726209435123124
0,0,0,0,44,0,1,49.05,2265.0,0,1,0,0,0,0,0,0,0,0,1,0,0,0,1,0,1,1,0,0,1,0,0.1821160198004677
1,0,0,0,39,0,0,35.55,1309.15,0,1,0,0,0,0,0,0,0,0,1,0,1,0,0,0,0,1,0,0,0,1,0.04556374896213924
1,0,1,1,72,0,1,65.1,4754.3,0,1,0,0,0,0,1,0,1,0,1,0,1,0,1,0,1,0,1,1,0,0,0.010623061786280993
0,1,0,0,13,1,1,96.85,1235.55,0,0,0,1,0,0,0,0,0,0,1,0,0,0,1,0,1,0,0,0,1,0,0.7628316848609847
0,0,1,1,51,1,1,69.75,3562.5,0,0,0,0,0,0,1,0,1,0,0,0,1,0,0,0,1,1,0,1,0,0,0.019901825291307303
0,1,1,0,71,1,1,99.2,7213.75,0,0,0,1,0,0,0,0,1,0,1,0,0,0,1,0,1,0,1,0,1,0,0.1467278020257626
1,1,0,0,22,1,1,96.7,2082.95,1,0,1,1,0,0,0,0,0,0,0,0,0,0,1,0,1,0,0,0,1,0,0.7514793867038155
0,0,0,0,2,1,1,55.05,102.75,1,0,0,0,0,0,0,0,1,0,0,0,1,0,0,0,0,0,0,1,0,0,0.2805817178278488
0,0,0,0,56,1,1,106.8,5914.4,0,0,1,1,0,0,0,0,1,0,1,0,0,0,1,0,1,1,0,0,1,0,0.2988843564372392
1,0,0,0,1,1,0,51.25,51.25,0,0,0,0,0,0,1,0,0,0,0,0,0,0,0,0,0,0,0,0,0,1,0.25978438086606553
0,0,1,1,23,1,1,57.75,1282.85,0,0,0,0,0,0,1,0,1,0,0,0,1,0,0,0,0,1,0,0,0,1,0.04329301970275619
0,1,1,0,66,1,1,70.85,4738.85,0,0,1,0,0,0,0,0,1,0,1,0,0,0,1,0,0,1,0,0,0,0,0.058687938245803456
0,0,0,0,1,1,0,19.55,19.55,0,0,0,0,1,1,0,1,0,1,0,1,0,1,0,1,0,0,0,0,0,1,0.2133931653124734
1,1,0,0,19,1,1,88.2,1775.8,1,0,1,1,0,0,0,0,1,0,0,0,0,0,1,0,0,0,0,0,1,0,0.7019801132837188
1,0,0,0,11,1,1,79.5,795.65,0,0,0,1,0,0,1,0,0,0,1,0,0,0,0,0,0,0,0,0,0,0,0.4236473190013405
0,0,1,1,8,1,1,19.75,145.0,1,0,0,0,1,1,0,1,0,1,0,1,0,1,0,1,0,1,0,0,0,1,0.08872115792269863
0,0,1,1,52,1,0,98.15,4993.4,0,0,1,1,0,0,1,0,1,0,1,0,0,0,0,0,1,0,0,0,0,0,0.18265521464717768
1,0,0,0,3,1,1,20.25,61.45,0,0,0,0,1,1,0,1,0,1,0,1,0,1,0,1,0,0,0,0,1,0,0.29966976805378914
0,0,1,1,51,1,1,79.15,4018.55,0,0,0,1,0,0,1,0,1,0,0,0,0,0,0,0,0,0,0,0,0,0,0.12846901976718103
1,1,0,0,15,1,0,75.65,1146.65,1,0,1,1,0,0,0,0,0,0,0,0,0,0,0,0,0,0,0,0,1,0,0.6221249374327639
1,1,1,0,64,1,1,94.25,6081.4,0,0,1,1,0,0,0,0,1,0,1,0,0,0,0,0,1,0,0,0,1,0,0.3900558759396621
0,0,0,0,37,0,1,40.2,1478.85,0,1,0,0,0,0,0,0,0,0,1,0,0,0,0,0,1,0,0,1,0,0,0.2289032385612028
1,0,0,0,13,1,0,19.95,243.65,0,0,0,0,1,1,0,1,0,1,0,1,0,1,0,1,0,0,1,0,0,1,0.03662005284697687
1,0,1,0,49,1,1,55.35,2633.95,0,0,1,0,0,0,1,0,0,0,0,0,0,0,0,0,0,1,0,0,1,0,0.049052476932374765
0,1,0,0,45,1,1,102.15,4735.35,0,0,1,1,0,0,0,0,0,0,1,0,0,0,1,0,1,1,0,0,0,0,0.38815198118420186
0,0,0,0,18,1,1,71.1,1247.75,0,0,0,1,0,0,0,0,0,0,0,0,0,0,0,0,0,0,0,0,1,0,0.5437917561490913
1,1,0,0,1,1,1,74.7,74.7,1,0,1,1,0,0,0,0,0,0,0,0,0,0,0,0,0,0,0,0,1,0,0.7822990844428319
1,0,1,0,68,0,1,54.1,3794.5,0,1,0,0,0,0,1,0,0,0,1,0,0,0,1,0,1,0,1,0,0,0,0.02438486144885434
1,0,0,0,54,1,0,19.65,1008.7,0,0,0,0,1,1,0,1,0,1,0,1,0,1,0,1,0,0,1,1,0,0,0.003972632282540453
0,1,1,1,23,1,1,88.45,2130.55,0,0,0,1,0,0,0,0,1,0,1,0,0,0,0,0,1,0,0,0,0,0,0.524150649496159
1,0,0,0,17,1,1,76.65,1313.55,1,0,0,1,0,0,0,0,0,0,1,0,0,0,0,0,0,0,0,0,1,0,0.5483648372742139
1,0,1,0,71,1,0,80.4,5727.15,0,0,1,0,0,0,1,0,1,0,1,0,1,0,0,0,1,0,1,1,0,0,0.007774304003680782
0,0,1,1,67,1,1,19.25,1372.9,0,0,0,0,1,1,0,1,0,1,0,1,0,1,0,1,0,0,1,0,0,0,0.0027039387372667758
0,0,1,1,14,1,1,84.8,1203.9,0,0,1,1,0,0,0,0,0,0,0,0,0,0,1,0,0,0,0,0,1,0,0.6654319429071487
0,1,0,0,1,0,1,25.8,25.8,1,1,0,0,0,0,0,0,0,0,0,0,0,0,0,0,0,0,0,0,0,1,0.6386603451652153
0,0,0,1,63,1,0,19.5,1215.1,0,0,0,0,1,1,0,1,0,1,0,1,0,1,0,1,0,0,1,1,0,0,0.002073342245625123
0,0,0,0,41,1,1,68.6,2877.05,0,0,1,0,0,0,0,0,0,0,1,0,1,0,0,0,1,1,0,0,1,0,0.10243044736399246
0,0,1,0,17,1,0,92.6,1579.7,0,0,1,1,0,0,0,0,0,0,0,0,0,0,1,0,1,0,0,0,1,0,0.6976886878114829
1,0,1,0,56,1,1,100.55,5514.95,0,0,1,1,0,0,1,0,0,0,0,0,0,0,1,0,1,1,0,0,1,0,0.22281792151665247
0,0,0,0,5,1,0,20.55,96.1,0,0,0,0,1,1,0,1,0,1,0,1,0,1,0,1,0,0,0,1,0,0,0.168181067554746
0,0,0,0,2,0,1,42.6,72.4,1,1,0,0,0,0,1,0,1,0,0,0,0,0,0,0,1,0,0,0,1,0,0.5735164718199952
0,0,1,0,3,1,1,19.6,55.25,0,0,0,0,1,1,0,1,0,1,0,1,0,1,0,1,0,0,0,0,0,1,0.25168772749014673
1,0,0,0,37,1,0,67.45,2443.3,0,0,1,0,0,0,1,0,1,0,1,0,1,0,0,0,0,1,0,0,1,0,0.040023236674719825
0,0,0,0,29,1,1,68.85,1970.5,1,0,0,0,0,0,1,0,1,0,1,0,0,0,0,0,1,0,0,0,0,0,0.16432076477618768
1,0,0,0,8,1,0,43.55,335.4,0,0,0,0,0,0,0,0,0,0,0,0,0,0,0,0,0,0,0,0,0,1,0.28938507616508397
0,0,0,0,63,1,1,109.85,7002.95,0,0,1,1,0,0,0,0,1,0,1,0,1,0,1,0,1,0,0,1,0,0,0.27230924090209596
0,0,1,1,7,1,0,20.65,158.95,0,0,0,0,1,1,0,1,0,1,0,1,0,1,0,1,0,0,0,0,0,1,0.14236665328861806
0,0,0,0,3,1,0,95.4,293.15,0,0,0,1,0,0,0,0,1,0,0,0,0,0,1,0,1,0,0,0,1,0,0.7007272433088509
1,0,1,1,72,1,0,21.0,1493.75,0,0,0,0,1,1,0,1,0,1,0,1,0,1,0,1,0,0,1,0,0,0,0.0015139974740740337
0,0,0,0,19,1,1,56.2,1093.4,0,0,0,0,0,0,0,0,0,0,0,0,0,0,0,0,1,0,0,0,1,0,0.3860418464701162
0,0,1,0,59,1,0,18.4,1057.85,0,0,0,0,1,1,0,1,0,1,0,1,0,1,0,1,0,0,1,0,0,0,0.0037535868316175766
1,0,1,1,2,1,0,90.0,190.05,1,0,0,1,0,0,0,0,0,0,1,0,1,0,0,0,1,0,0,1,0,0,0.4332609294625716
0,0,1,1,35,1,1,25.75,882.55,0,0,1,0,1,1,0,1,0,1,0,1,0,1,0,1,0,0,0,0,1,0,0.08249127253110136
1,0,0,0,14,1,0,19.6,300.4,0,0,0,0,1,1,0,1,0,1,0,1,0,1,0,1,0,0,0,1,0,0,0.11000506008706934
0,0,0,0,14,1,0,75.35,1025.95,1,0,0,1,0,0,0,0,0,0,1,0,0,0,0,0,0,0,0,0,1,0,0.5137898611181984
0,0,1,1,69,1,0,19.8,1436.95,0,0,0,0,1,1,0,1,0,1,0,1,0,1,0,1,0,0,1,1,0,0,0.0016319607373466382
1,1,1,0,7,1,0,64.2,475.0,0,0,1,0,0,0,1,0,1,0,0,0,1,0,0,0,0,0,0,0,1,0,0.28041872997327133
1,0,1,1,69,1,1,75.75,5388.15,0,0,0,0,0,0,1,0,1,0,1,0,1,0,1,0,0,0,1,0,0,0,0.007465516542235954
0,0,1,1,72,1,1,78.95,5730.15,0,0,1,0,0,0,0,0,1,0,0,0,1,0,1,0,1,0,1,0,1,0,0.023931726607981096
1,0,0,0,8,1,0,100.85,819.55,1,0,1,1,0,0,0,0,1,0,0,0,0,0,1,0,1,0,0,0,1,0,0.7105925952450802
0,0,1,1,4,1,0,50.3,217.1,0,0,0,0,0,0,1,0,0,0,0,0,0,0,0,0,0,0,0,0,1,0,0.27425109361028355
1,0,1,1,63,1,1,80.3,4896.35,0,0,0,1,0,0,0,0,1,0,1,0,0,0,0,0,0,0,0,1,0,0,0.10899967339112206
1,0,0,0,72,1,0,19.85,1434.1,0,0,0,0,1,1,0,1,0,1,0,1,0,1,0,1,0,0,1,0,0,0,0.0017796273403471719
0,0,0,0,46,1,1,21.1,937.1,0,0,0,0,1,1,0,1,0,1,0,1,0,1,0,1,0,0,1,0,1,0,0.012328300074877722
0,0,1,0,5,1,0,69.95,330.15,1,0,0,1,0,0,0,0,0,0,0,0,0,0,0,0,0,0,0,0,1,0,0.6104435410110531
1,0,1,0,30,1,1,50.0,1474.9,0,0,0,0,0,0,0,0,0,0,1,0,0,0,0,0,0,0,0,0,0,1,0.17333305341762859
1,0,0,0,63,1,1,104.75,6536.5,0,0,1,1,0,0,0,0,1,0,1,0,0,0,1,0,1,0,1,0,0,0,0.1307414716860755
0,0,0,0,60,1,0,19.85,1128.1,0,0,0,0,1,1,0,1,0,1,0,1,0,1,0,1,0,0,1,0,0,0,0.003394312085920059
0,0,1,0,63,1,1,107.5,6873.75,1,0,1,1,0,0,0,0,1,0,1,0,0,0,1,0,1,1,0,0,1,0,0.2830410044419899
1,0,1,1,25,1,0,85.9,2199.05,0,0,0,1,0,0,0,0,0,0,0,0,1,0,1,0,0,0,0,0,1,0,0.3508825765418761
1,0,0,0,1,1,1,45.85,45.85,1,0,0,0,0,0,0,0,0,0,0,0,0,0,0,0,0,0,0,0,0,1,0.41993288740380974
1,1,1,0,6,1,1,80.8,457.1,0,0,1,1,0,0,0,0,0,0,1,0,0,0,0,0,0,0,0,0,1,0,0.7534374631899204
1,0,0,0,22,1,0,25.25,566.5,0,0,1,0,1,1,0,1,0,1,0,1,0,1,0,1,0,0,1,0,0,1,0.029693859375530346
0,0,1,1,31,1,0,80.55,2471.6,0,0,1,0,0,0,0,0,1,0,0,0,1,0,1,0,1,0,1,0,0,0,0.054936561854464765
0,0,1,1,39,1,1,81.5,3107.3,0,0,0,1,0,0,0,0,0,0,1,0,1,0,0,0,0,0,0,0,0,0,0.20055062878671293
1,0,0,0,26,1,0,20.9,518.3,0,0,0,0,1,1,0,1,0,1,0,1,0,1,0,1,0,0,0,0,0,1,0.06456015656698114
0,0,1,0,53,1,1,106.1,5769.75,1,0,0,1,0,0,1,0,1,0,1,0,0,0,1,0,1,1,0,0,0,0,0.16790675446474515
0,0,0,0,1,1,0,91.7,91.7,1,0,0,1,0,0,0,0,1,0,0,0,1,0,1,0,0,0,0,0,1,0,0.5565315893703329
1,0,0,0,12,1,1,67.25,832.3,0,0,1,0,0,0,1,0,1,0,0,0,1,0,0,0,0,0,0,0,1,0,0.232575652307306
0,0,0,0,16,1,1,95.6,1555.65,1,0,1,1,0,0,0,0,1,0,1,0,0,0,0,0,1,0,0,1,0,0,0.5772161498114671
0,0,0,0,2,1,0,20.35,45.3,0,0,0,0,1,1,0,1,0,1,0,1,0,1,0,1,0,0,0,0,0,1,0.2036660642046087
1,0,0,1,39,0,0,45.05,1790.6,0,1,0,0,0,0,1,0,0,0,0,0,1,0,1,0,0,1,0,0,0,0,0.037352487257223954
1,0,0,0,1,1,1,74.95,74.95,1,0,1,1,0,0,0,0,0,0,0,0,0,0,0,0,0,0,0,0,1,0,0.7343525549814721
0,0,1,1,7,0,0,34.65,246.6,0,1,0,0,0,0,1,0,0,0,0,0,1,0,0,0,0,0,0,0,0,1,0.21761532822592852
1,1,0,0,4,1,0,69.35,261.65,0,0,0,1,0,0,0,0,0,0,0,0,0,0,0,0,0,0,0,0,1,0,0.6617246239612137
1,1,0,0,10,1,1,95.35,898.35,1,0,1,1,0,0,0,0,0,0,0,0,0,0,1,0,1,0,0,0,1,0,0.8123163579747141
0,0,0,0,55,1,1,81.55,4509.5,0,0,0,1,0,0,0,0,1,0,1,0,0,0,0,0,0,0,0,0,1,0,0.23884618078958592
1,0,1,1,72,1,1,75.4,5480.25,0,0,0,0,0,0,0,0,1,0,1,0,0,0,1,0,1,0,1,0,0,0,0.019463523515913145
0,0,1,0,10,1,1,67.8,653.15,0,0,0,0,0,0,0,0,0,0,1,0,0,0,1,0,1,0,0,1,0,0,0.4552599586306967
1,1,0,0,11,1,1,111.4,1183.05,0,0,1,1,0,0,0,0,1,0,1,0,1,0,1,0,1,0,0,0,1,0,0.7139263767026874
0,0,1,1,15,1,0,46.3,639.45,0,0,0,0,0,0,0,0,0,0,0,0,0,0,0,0,0,0,0,0,1,0,0.25839745156389693
0,0,1,1,23,1,0,20.4,478.75,0,0,0,0,1,1,0,1,0,1,0,1,0,1,0,1,0,0,1,0,0,0,0.020404064272374015
1,0,0,1,1,1,0,20.05,20.05,0,0,0,0,1,1,0,1,0,1,0,1,0,1,0,1,0,0,0,0,0,1,0.17360236342661778
0,1,0,0,3,1,0,45.0,127.1,1,0,0,0,0,0,0,0,0,0,0,0,0,0,0,0,0,0,0,0,1,0,0.4846729862408729
1,0,1,1,47,1,1,96.1,4391.45,0,0,0,1,0,0,1,0,1,0,1,0,0,0,0,0,1,1,0,0,1,0,0.13274642605267456
0,0,0,1,15,1,0,19.65,270.6,0,0,0,0,1,1,0,1,0,1,0,1,0,1,0,1,0,1,0,0,0,1,0.04627909125573809
1,0,0,0,66,1,0,99.5,6710.5,1,0,0,1,0,0,0,0,1,0,1,0,0,0,1,0,1,0,0,0,1,0,0.27914530569701435
0,1,1,0,68,1,1,60.65,3975.9,0,0,0,0,0,0,0,0,1,0,1,0,1,0,0,0,0,1,0,0,0,0,0.01809912988902706
0,0,1,1,17,1,0,98.6,1704.95,1,0,0,1,0,0,0,0,0,0,1,0,1,0,1,0,1,1,0,0,0,0,0.2611894536367605
0,0,0,0,7,1,1,59.5,415.95,1,0,0,0,0,0,0,0,0,0,0,0,1,0,1,0,0,0,0,0,0,1,0.3287122996565889
1,1,1,0,12,1,1,80.45,950.2,1,0,0,1,0,0,0,0,0,0,0,0,0,0,0,0,1,0,0,0,1,0,0.7242645942512226
0,1,1,0,21,1,0,71.7,1497.05,0,0,1,0,0,0,0,0,1,0,1,0,0,0,0,0,1,1,0,0,0,0,0.20160037701222222
1,0,0,0,21,0,1,36.0,780.15,0,1,0,0,0,0,0,0,1,0,0,0,1,0,0,0,0,0,0,0,0,1,0.2278650536446953
0,0,1,1,56,1,0,65.2,3512.15,0,0,1,0,0,0,1,0,0,0,0,0,0,0,1,0,0,1,0,0,0,0,0.02636925820087713
0,0,1,1,6,1,1,48.95,273.25,0,0,1,0,0,0,0,0,0,0,0,0,0,0,0,0,0,0,0,1,0,0,0.3730009511211235
0,1,0,0,65,0,1,53.5,3517.9,0,1,0,0,0,0,0,0,1,0,1,0,0,0,1,0,1,0,1,0,0,0,0.046451886898825775
1,0,1,0,42,1,0,80.45,3375.9,0,0,1,0,0,0,1,0,0,0,0,0,1,0,1,0,1,1,0,1,0,0,0.04978802283340273
0,0,1,1,68,1,1,109.05,7508.55,0,0,1,1,0,0,1,0,0,0,1,0,1,0,1,0,1,0,1,0,0,0,0.0589567668403791
1,0,1,1,48,1,0,26.3,1245.05,0,0,1,0,1,1,0,1,0,1,0,1,0,1,0,1,0,0,1,0,0,0,0.007136251971407984
0,1,0,0,50,1,1,106.8,5347.95,0,0,1,1,0,0,0,0,1,0,0,0,1,0,1,0,1,1,0,0,1,0,0.30735516095207216
0,1,0,0,7,1,1,64.95,493.65,0,0,0,0,0,0,0,0,1,0,1,0,0,0,1,0,0,0,0,0,1,0,0.5424731914715083
0,0,1,1,63,1,0,19.35,1263.85,0,0,0,0,1,1,0,1,0,1,0,1,0,1,0,1,0,0,1,0,1,0,0.003295086623934266
1,0,0,0,17,1,0,21.1,385.55,0,0,0,0,1,1,0,1,0,1,0,1,0,1,0,1,0,0,0,1,0,0,0.09480531304411767
0,0,1,1,42,1,1,77.95,3384.0,1,0,0,1,0,0,0,0,0,0,0,0,0,0,1,0,0,0,0,1,0,0,0.2897590195100307
1,0,1,1,4,1,0,18.85,84.2,0,0,0,0,1,1,0,1,0,1,0,1,0,1,0,1,0,0,0,0,0,1,0.1602025128957307
0,0,0,1,62,1,0,26.0,1638.7,0,0,1,0,1,1,0,1,0,1,0,1,0,1,0,1,0,0,1,0,0,0,0.0034880235893676834
1,1,0,0,2,1,1,74.7,165.4,1,0,0,1,0,0,0,0,1,0,0,0,0,0,0,0,0,0,0,0,1,0,0.7123196779886952
0,0,1,0,2,1,1,70.35,120.25,0,0,0,1,0,0,0,0,0,0,0,0,0,0,0,0,0,0,0,0,1,0,0.6966325622268332
1,0,1,0,48,1,1,96.9,4473.45,0,0,1,1,0,0,1,0,1,0,1,0,0,0,1,0,0,0,1,0,0,0,0.09478098875593717
1,0,1,0,27,1,0,19.55,520.55,0,0,0,0,1,1,0,1,0,1,0,1,0,1,0,1,0,0,1,0,0,0,0.019824063485644285
0,0,1,1,70,1,1,80.4,5717.85,0,0,0,0,0,0,0,0,1,0,1,0,1,0,1,0,1,0,1,0,0,0,0.015998119166594948
1,1,0,0,1,1,1,88.8,88.8,1,0,1,1,0,0,0,0,0,0,1,0,0,0,1,0,0,0,0,0,1,0,0.8170745435737978
1,0,1,0,46,1,1,94.65,4312.5,0,0,1,1,0,0,0,0,1,0,1,0,0,0,1,0,0,1,0,0,1,0,0.27694559847036865
1,0,0,0,30,1,1,90.25,2755.35,1,0,0,1,0,0,0,0,0,0,0,0,0,0,1,0,1,0,0,0,1,0,0.592911010246956
0,0,0,0,15,1,1,64.65,994.55,1,0,1,0,0,0,1,0,0,0,0,0,0,0,0,0,1,0,0,0,0,0,0.3223645490586222
1,0,1,1,69,1,0,95.75,6511.25,0,0,1,1,0,0,0,0,1,0,1,0,0,0,1,0,0,1,0,1,0,0,0.0727767088059469
1,0,0,0,65,1,1,19.55,1218.65,0,0,0,0,1,1,0,1,0,1,0,1,0,1,0,1,0,0,1,1,0,0,0.0029145209446631536
1,1,1,1,72,1,1,104.1,7447.7,0,0,0,1,0,0,1,0,0,0,1,0,1,0,1,0,1,0,1,1,0,0,0.04126429418683898
1,1,1,0,13,1,1,89.05,1169.35,1,0,0,1,0,0,0,0,1,0,0,0,1,0,0,0,1,0,0,0,0,0,0.5428382142396028
1,0,0,0,17,1,1,20.1,279.5,0,0,0,0,1,1,0,1,0,1,0,1,0,1,0,1,0,1,0,0,0,1,0.06377130151368732
1,0,1,0,51,1,1,111.55,5720.35,0,0,1,1,0,0,1,0,0,0,1,0,1,0,1,0,1,1,0,0,1,0,0.2063904807217041
1,0,1,1,51,1,0,60.5,3121.45,0,0,0,0,0,0,1,0,1,0,0,0,1,0,0,0,0,0,1,1,0,0,0.005904883041418643
0,0,1,0,72,1,1,90.95,6468.6,0,0,1,0,0,0,1,0,1,0,1,0,1,0,1,0,1,0,1,0,0,0,0.017561029571123297
1,0,1,1,67,1,0,87.4,5918.8,1,0,1,1,0,0,0,0,1,0,1,0,0,0,0,0,0,1,0,0,1,0,0.0792432078983437
1,0,0,0,34,1,0,19.7,675.6,0,0,0,0,1,1,0,1,0,1,0,1,0,1,0,1,0,0,0,0,0,1,0.04369819748856433
1,0,1,0,67,0,1,50.95,3521.7,0,1,0,0,0,0,1,0,1,0,0,0,1,0,0,0,1,0,1,0,0,0,0.011184166914925433
0,0,1,0,49,1,1,20.05,923.1,0,0,0,0,1,1,0,1,0,1,0,1,0,1,0,1,0,1,0,0,0,0,0.014224558859066492
1,0,1,1,53,1,1,19.4,1110.35,0,0,0,0,1,1,0,1,0,1,0,1,0,1,0,1,0,0,1,0,0,1,0.005189583900655228
1,0,0,0,27,1,0,59.45,1611.65,0,0,1,0,0,0,0,0,0,0,1,0,1,0,0,0,0,0,0,0,1,0,0.17684533818952752
0,1,0,0,23,1,1,94.75,2293.6,1,0,0,1,0,0,0,0,1,0,0,0,0,0,1,0,1,0,0,0,1,0,0.6947767633447327
1,0,0,0,69,1,1,81.5,5553.25,0,0,1,0,0,0,1,0,1,0,1,0,1,0,0,0,1,0,1,1,0,0,0.010240220464486678
0,0,1,1,2,0,0,29.05,44.75,0,1,0,0,0,0,0,0,0,0,0,0,1,0,0,0,0,0,0,0,0,0,0.36946243137939017
0,0,0,0,35,1,1,86.45,3029.1,1,0,1,1,0,0,0,0,0,0,0,0,0,0,1,0,0,0,0,0,1,0,0.5399181112312929
0,0,1,0,46,1,0,70.6,3231.05,0,0,0,0,0,0,1,0,1,0,0,0,1,0,0,0,1,1,0,0,0,1,0.02424680061295654
0,0,0,0,54,1,1,97.2,5129.45,0,0,1,1,0,0,0,0,1,0,0,0,0,0,1,0,1,0,1,0,0,0,0.15264997522471832
0,0,1,0,56,1,1,98.25,5508.35,1,0,1,1,0,0,0,0,1,0,0,0,0,0,1,0,1,1,0,0,1,0,0.29517269771508214
0,0,1,0,9,1,1,75.75,655.9,1,0,0,1,0,0,0,0,0,0,1,0,0,0,0,0,0,0,0,0,0,0,0.57096636558532
1,0,0,0,20,1,0,59.2,1191.2,0,0,1,0,0,0,1,0,0,0,0,0,1,0,0,0,0,0,0,0,0,0,0.12491106239637166
1,0,0,0,11,1,1,75.9,866.4,0,0,0,1,0,0,0,0,1,0,0,0,0,0,0,0,0,0,0,0,0,1,0.4978266015487334
0,1,1,0,30,1,1,90.05,2627.2,0,0,1,1,0,0,0,0,1,0,0,0,0,0,1,0,0,0,0,0,1,0,0.6300012874313652
1,0,1,0,68,1,0,70.95,4741.45,0,0,0,0,0,0,1,0,1,0,1,0,0,0,0,0,1,0,1,0,0,0,0.00951093401761429
1,1,1,0,38,1,1,102.6,4009.2,0,0,1,1,0,0,0,0,1,0,1,0,0,0,1,0,1,0,0,0,1,0,0.6673169481351322
0,1,1,0,17,1,1,85.35,1463.45,1,0,1,1,0,0,1,0,0,0,1,0,0,0,0,0,0,0,0,0,0,0,0.5236625636979754
1,0,0,0,48,1,1,106.1,5082.8,1,0,1,1,0,0,0,0,1,0,1,0,0,0,1,0,1,1,0,1,0,0,0.2573489261109806
0,0,0,0,1,1,0,43.8,43.8,0,0,0,0,0,0,0,0,0,0,0,0,0,0,0,0,0,0,0,0,1,0,0.4459579954148637
1,0,1,1,63,0,0,59.0,3707.6,0,1,0,0,0,0,1,0,1,0,1,0,0,0,1,0,1,0,1,0,1,0,0.0226642654649696
0,0,0,0,3,1,1,69.95,220.45,0,0,0,0,0,0,0,0,0,0,1,0,0,0,1,0,1,1,0,0,1,0,0.4200396133751233
0,0,0,0,48,1,0,24.35,1133.7,0,0,1,0,1,1,0,1,0,1,0,1,0,1,0,1,0,1,0,0,0,0,0.014597758123959817
1,0,0,0,66,0,0,29.45,1983.15,0,1,0,0,0,0,0,0,0,0,0,0,1,0,0,0,0,1,0,1,0,0,0.011345858847888985
0,0,1,1,68,1,1,84.4,5746.75,0,0,1,1,0,0,0,0,1,0,1,0,0,0,0,0,0,0,1,1,0,0,0.040518932860768436
1,1,0,0,17,1,1,45.05,770.6,1,0,0,0,0,0,0,0,0,0,0,0,0,0,0,0,0,0,0,0,1,0,0.3892320228810046
0,0,1,1,7,1,0,20.65,134.05,0,0,0,0,1,1,0,1,0,1,0,1,0,1,0,1,0,1,0,0,0,1,0.07204409211378911
1,0,1,0,72,1,1,87.1,6230.1,0,0,1,0,0,0,1,0,1,0,1,0,1,0,1,0,1,0,1,0,0,0,0.016422085041963026
0,0,1,0,29,1,0,19.85,573.05,0,0,0,0,1,1,0,1,0,1,0,1,0,1,0,1,0,0,0,0,0,1,0.06056980621957115
1,0,1,0,37,1,1,90.35,3419.3,0,0,0,1,0,0,0,0,0,0,1,0,1,0,0,0,1,0,0,0,1,0,0.38736840528450833
0,0,0,0,34,1,1,109.8,3587.25,1,0,1,1,0,0,1,0,1,0,1,0,0,0,1,0,1,0,0,0,0,1,0.4326990138459612
0,1,0,0,42,1,1,84.65,3541.35,1,0,1,1,0,0,0,0,0,0,0,0,0,0,1,0,0,0,0,0,1,0,0.5451829108750916
0,0,1,1,59,1,0,65.5,3801.3,0,0,1,0,0,0,1,0,1,0,0,0,1,0,0,0,0,1,0,0,0,1,0.010658907168002784
1,0,1,1,11,1,1,79.5,868.5,1,0,0,1,0,0,0,0,0,0,0,0,0,0,1,0,0,0,0,0,0,0,0.5606642825260064
1,1,1,1,60,1,1,80.95,4859.1,0,0,1,1,0,0,1,0,0,0,0,0,0,0,0,0,0,0,0,0,1,0,0.20300479794089554
0,0,0,0,27,1,1,56.15,1439.35,0,0,0,0,0,0,0,0,1,0,0,0,1,0,0,0,0,0,0,0,0,1,0.12487831774399451
0,0,0,0,1,1,0,85.8,85.8,1,0,1,1,0,0,0,0,0,0,0,0,0,0,0,0,1,0,0,0,0,1,0.6655794017223905
1,1,0,0,1,1,1,79.1,79.1,1,0,0,1,0,0,0,0,0,0,0,0,0,0,1,0,0,0,0,0,1,0,0.7849854739188251
1,0,1,0,17,0,0,34.4,592.75,0,1,0,0,0,0,1,0,0,0,1,0,0,0,0,0,0,0,0,0,0,1,0.23588639907980985
1,0,1,0,58,1,0,20.75,1185.95,0,0,0,0,1,1,0,1,0,1,0,1,0,1,0,1,0,0,1,0,0,1,0.0036988931877127746
1,0,1,1,1,1,0,18.8,18.8,0,0,0,0,1,1,0,1,0,1,0,1,0,1,0,1,0,1,0,0,0,1,0.09522136538727984
0,0,1,1,3,1,0,44.3,134.5,1,0,0,0,0,0,0,0,0,0,0,0,0,0,0,0,0,0,0,0,0,1,0.3082401128511486
0,0,0,0,53,1,0,90.8,4921.2,0,0,1,1,0,0,1,0,1,0,1,0,0,0,0,0,0,0,0,0,1,0,0.19610279503501266
1,0,0,0,35,1,1,25.6,901.25,0,0,1,0,1,1,0,1,0,1,0,1,0,1,0,1,0,0,0,0,1,0,0.09402064794089704
1,0,1,1,50,1,0,105.95,5341.8,1,0,1,1,0,0,1,0,0,0,1,0,0,0,1,0,1,0,0,1,0,0,0.2473530160935284
1,0,1,1,68,1,0,70.8,4859.95,0,0,1,0,0,0,0,0,1,0,0,0,1,0,0,0,1,0,1,1,0,0,0.009114865395285469
1,0,1,0,47,1,0,25.4,1139.2,0,0,1,0,1,1,0,1,0,1,0,1,0,1,0,1,0,0,0,0,1,0,0.04217047937572445
0,1,1,0,65,1,1,108.8,7082.45,0,0,1,1,0,0,0,0,1,0,1,0,0,0,1,0,1,0,0,0,0,0,0.43688337740688243
1,0,0,0,5,1,1,69.75,324.6,1,0,0,1,0,0,0,0,0,0,0,0,0,0,0,0,0,0,0,0,1,0,0.6549029759252538
1,0,1,0,51,1,1,94.65,4812.75,1,0,1,1,0,0,0,0,0,0,0,0,0,0,1,0,1,0,0,0,1,0,0.510081062385885
0,0,0,0,46,1,0,96.05,4399.5,1,0,1,1,0,0,0,0,0,0,0,0,0,0,1,0,1,0,0,0,0,0,0.40987468889496415
0,0,0,0,9,1,1,76.85,663.55,0,0,1,1,0,0,0,0,0,0,0,0,0,0,0,0,0,0,0,0,1,0,0.6767920200587652
0,0,0,0,8,1,0,20.25,174.65,0,0,0,0,1,1,0,1,0,1,0,1,0,1,0,1,0,0,1,0,0,1,0.04898263122249933
1,0,0,0,14,1,1,24.8,321.7,0,0,1,0,1,1,0,1,0,1,0,1,0,1,0,1,0,1,0,1,0,0,0.08732858586103412
0,0,0,0,45,1,1,115.65,5125.5,0,0,1,1,0,0,1,0,1,0,1,0,1,0,1,0,1,0,0,0,1,0,0.36513624604748995
0,0,0,0,8,1,1,74.6,548.9,0,0,1,1,0,0,0,0,0,0,0,0,0,0,0,0,0,0,0,1,0,0,0.5953537811724847
1,1,0,1,1,1,1,50.15,50.15,1,0,0,0,0,0,0,0,0,0,1,0,0,0,0,0,0,0,0,0,0,1,0.4265501870440821
1,0,1,1,66,1,1,103.15,7031.3,0,0,0,1,0,0,1,0,1,0,1,0,0,0,1,0,1,1,0,0,0,0,0.09942264084532942
1,0,1,1,72,1,0,72.1,5016.65,0,0,1,0,0,0,1,0,1,0,1,0,1,0,0,0,0,0,1,1,0,0,0.003666358609804204
0,0,1,0,41,1,1,113.6,4594.95,1,0,1,1,0,0,1,0,1,0,1,0,1,0,1,0,1,0,0,0,0,0,0.3362444741735833
0,0,1,1,23,1,0,25.1,611.45,0,0,1,0,1,1,0,1,0,1,0,1,0,1,0,1,0,0,1,0,0,1,0.02492257127890953
0,0,0,0,29,1,1,78.9,2384.15,1,0,0,1,0,0,0,0,0,0,0,0,0,0,1,0,0,0,0,0,1,0,0.530713277848798
0,0,0,0,4,1,1,80.15,319.85,0,0,1,1,0,0,1,0,0,0,0,0,0,0,0,0,0,0,0,0,1,0,0.6217454811291417
1,0,1,1,6,1,0,25.4,153.3,0,0,1,0,1,1,0,1,0,1,0,1,0,1,0,1,0,0,1,0,0,1,0.05524165164363433
0,1,1,0,67,1,1,105.4,7035.6,0,0,1,1,0,0,1,0,1,0,1,0,1,0,0,0,1,1,0,1,0,0,0.0884160609263594
1,1,0,1,7,1,1,45.75,344.2,0,0,0,0,0,0,0,0,0,0,0,0,0,0,0,0,0,0,0,0,0,1,0.36744064897106243
1,0,1,1,56,1,1,24.45,1431.65,0,0,1,0,1,1,0,1,0,1,0,1,0,1,0,1,0,1,0,0,0,1,0.010151525341933238
0,0,1,0,72,1,0,25.0,1849.2,0,0,1,0,1,1,0,1,0,1,0,1,0,1,0,1,0,0,1,1,0,0,0.002394176757438441
1,0,1,0,72,1,1,85.25,6083.1,0,0,1,0,0,0,1,0,1,0,1,0,0,0,1,0,1,0,1,0,1,0,0.030021837631905298
1,0,1,1,23,1,0,19.6,426.65,0,0,0,0,1,1,0,1,0,1,0,1,0,1,0,1,0,0,1,1,0,0,0.0172726151936678
0,0,0,1,35,1,0,50.15,1655.35,0,0,1,0,0,0,0,0,0,0,0,0,0,0,0,0,0,0,0,0,0,1,0.11199343251808738
1,1,1,0,27,1,1,70.55,1943.9,0,0,0,1,0,0,0,0,0,0,0,0,0,0,0,0,0,0,0,0,1,0,0.5348280466103026
0,0,1,1,26,1,1,60.05,1616.15,1,0,1,0,0,0,0,0,1,0,0,0,1,0,0,0,0,0,0,0,1,0,0.19055894237543816
1,0,1,1,12,1,0,26.4,314.95,0,0,1,0,1,1,0,1,0,1,0,1,0,1,0,1,0,1,0,0,0,1,0.06805356998211504
0,0,0,0,40,1,0,20.15,804.85,0,0,0,0,1,1,0,1,0,1,0,1,0,1,0,1,0,0,1,0,0,1,0.00936846921907003
1,0,1,1,7,0,0,58.85,465.7,0,1,0,0,0,0,1,0,1,0,1,0,0,0,1,0,1,0,0,0,0,1,0.38028351578585917
1,0,1,1,70,1,1,97.55,6669.05,0,0,1,1,0,0,1,0,1,0,0,0,0,0,1,0,0,0,0,1,0,0,0.12202984015915218
1,0,1,1,60,1,0,19.65,1161.75,0,0,0,0,1,1,0,1,0,1,0,1,0,1,0,1,0,0,1,1,0,0,0.002471110994271647
1,0,1,1,39,0,1,25.25,947.75,0,1,0,0,0,0,0,0,0,0,0,0,0,0,0,0,0,1,0,1,0,0,0.06469100700555666
1,0,1,0,72,1,0,114.45,8375.05,0,0,1,1,0,0,1,0,1,0,1,0,1,0,1,0,1,0,1,1,0,0,0.043769091541323316
0,0,0,0,1,0,1,34.7,34.7,1,1,0,0,0,0,0,0,0,0,0,0,0,0,1,0,0,0,0,0,1,0,0.7062854030657469
1,0,1,1,54,1,1,70.7,3770.0,0,0,1,0,0,0,0,0,1,0,0,0,1,0,1,0,0,1,0,0,1,0,0.047263400734546435
1,0,0,0,3,1,1,85.3,264.8,1,0,1,1,0,0,0,0,0,0,0,0,0,0,0,0,1,0,0,0,1,0,0.768113054347137
0,0,1,1,63,1,0,75.55,4707.85,0,0,0,0,0,0,1,0,1,0,1,0,1,0,1,0,0,0,1,1,0,0,0.005989420098719045
1,0,1,1,71,1,1,84.8,6152.4,0,0,1,1,0,0,0,0,1,0,0,0,1,0,0,0,0,0,1,0,1,0,0.03712136798630337
0,0,0,0,42,1,1,20.65,958.1,0,0,0,0,1,1,0,1,0,1,0,1,0,1,0,1,0,1,0,0,0,1,0.019320412737935465
1,0,0,0,47,1,0,20.45,943.0,0,0,0,0,1,1,0,1,0,1,0,1,0,1,0,1,0,0,1,0,0,0,0.006625919584542686
0,0,1,1,66,1,1,102.45,6615.15,1,0,1,1,0,0,0,0,1,0,1,0,0,0,1,0,1,1,0,1,0,0,0.14759903917706543
0,0,1,0,21,1,1,104.4,2200.25,1,0,1,1,0,0,1,0,0,0,1,0,0,0,1,0,1,0,0,0,0,0,0.5756533053935085
1,0,0,0,11,0,1,35.65,425.1,0,1,0,0,0,0,0,0,1,0,0,0,1,0,0,0,0,0,0,0,1,0,0.39933348167530297
1,0,0,1,1,1,1,99.75,99.75,1,0,1,1,0,0,0,0,0,0,1,0,0,0,1,0,1,0,0,0,1,0,0.7784560556781583
0,1,1,0,55,1,0,90.45,5044.8,0,0,1,1,0,0,0,0,1,0,1,0,1,0,0,0,0,0,0,0,1,0,0.23994727630745116
1,0,0,0,69,1,1,97.65,6743.55,0,0,1,1,0,0,0,0,1,0,1,0,1,0,1,0,0,0,1,1,0,0,0.049221010179671114
0,1,0,0,3,1,0,73.85,196.4,0,0,0,1,0,0,0,0,0,0,1,0,0,0,0,0,0,0,0,0,1,0,0.6736913770870923
1,0,0,0,4,1,1,74.4,299.7,1,0,0,0,0,0,0,0,0,0,1,0,1,0,1,0,1,0,0,0,1,0,0.48611864119844506
1,1,0,0,30,1,1,69.1,2093.9,0,0,1,0,0,0,0,0,0,0,1,0,1,0,1,0,0,0,1,1,0,0,0.07647534797716307
0,0,0,0,5,1,1,82.75,417.75,0,0,1,1,0,0,0,0,0,0,1,0,1,0,0,0,0,0,0,0,1,0,0.6210599356999134
0,0,1,0,71,1,1,24.4,1725.4,0,0,1,0,1,1,0,1,0,1,0,1,0,1,0,1,0,0,1,1,0,0,0.0032297635778282476
0,0,0,0,29,1,1,55.25,1620.2,0,0,1,0,0,0,0,0,1,0,0,0,0,0,0,0,0,1,0,0,1,0,0.14376490552935317
1,0,1,0,52,1,0,61.35,3169.55,0,0,1,0,0,0,0,0,1,0,0,0,1,0,0,0,0,0,0,0,0,0,0.05338130579018559
1,0,0,0,68,1,0,76.75,5233.25,0,0,1,0,0,0,1,0,1,0,1,0,0,0,0,0,1,1,0,1,0,0,0.01934017011408404
0,0,1,1,46,1,0,19.4,967.85,0,0,0,0,1,1,0,1,0,1,0,1,0,1,0,1,0,0,1,0,0,1,0.005899934529777009
1,0,0,0,8,1,1,54.75,438.05,0,0,0,0,0,0,0,0,0,0,0,0,0,0,0,0,1,0,0,1,0,0,0.3934686097160192
1,0,1,0,72,1,0,19.7,1421.9,0,0,0,0,1,1,0,1,0,1,0,1,0,1,0,1,0,0,1,1,0,0,0.0016399125262720699
0,0,0,0,17,1,0,19.9,323.15,0,0,0,0,1,1,0,1,0,1,0,1,0,1,0,1,0,1,0,0,0,0,0.054454396079965696
1,0,0,0,3,1,1,107.95,318.6,0,0,0,1,0,0,0,0,1,0,1,0,1,0,1,0,1,0,0,0,1,0,0.6521298884748812
0,1,0,0,2,1,1,83.8,163.7,0,0,0,1,0,0,0,0,1,0,0,0,0,0,1,0,0,0,0,0,0,0,0.7119589191658249
0,0,0,0,9,1,1,74.25,639.65,1,0,0,1,0,0,1,0,0,0,0,0,0,0,0,0,0,0,0,1,0,0,0.42343626070676105
0,0,0,0,51,0,1,56.4,2928.5,0,1,0,0,0,0,0,0,1,0,1,0,0,0,1,0,1,1,0,1,0,0,0.09479537651587278
0,0,1,1,6,1,0,20.1,100.35,0,0,0,0,1,1,0,1,0,1,0,1,0,1,0,1,0,0,1,0,0,1,0.04572618033027494
0,0,1,0,3,1,0,94.9,273.2,0,0,1,1,0,0,0,0,0,0,0,0,0,0,1,0,1,0,0,0,1,0,0.7755714887747092
0,1,0,0,17,1,1,94.2,1608.15,0,0,1,1,0,0,0,0,0,0,0,0,0,0,1,0,1,0,0,0,1,0,0.7880635088536421
1,0,1,0,30,1,0,49.9,1441.95,0,0,1,0,0,0,0,0,0,0,0,0,0,0,0,0,0,0,0,0,1,0,0.2181991048133312
1,0,0,0,31,1,1,71.05,2168.15,0,0,1,0,0,0,0,0,1,0,0,0,1,0,1,0,0,0,0,0,1,0,0.22815030489243274
0,0,0,0,45,1,0,81.65,3618.7,0,0,0,0,0,0,1,0,0,0,1,0,1,0,1,0,1,0,1,0,0,0,0.02345842136850052
1,0,1,0,64,1,0,89.45,5692.65,0,0,1,1,0,0,1,0,1,0,1,0,0,0,0,0,0,1,0,0,0,0,0.05645653734860361
1,0,0,0,1,1,1,59.85,59.85,1,0,1,0,0,0,0,0,0,0,0,0,0,0,1,0,0,0,0,0,1,0,0.6139150533769948
0,1,0,0,1,1,1,69.6,69.6,1,0,0,1,0,0,0,0,0,0,0,0,0,0,0,0,0,0,0,0,1,0,0.7489003331650137
1,1,1,1,61,1,0,99.0,5969.3,0,0,1,1,0,0,0,0,1,0,0,0,0,0,1,0,1,1,0,0,1,0,0.21484698571447486
1,0,0,0,1,1,0,19.05,19.05,0,0,0,0,1,1,0,1,0,1,0,1,0,1,0,1,0,0,0,0,0,1,0.20873504206277696
1,0,0,0,9,0,1,45.4,418.8,1,1,0,0,0,0,0,0,0,0,0,0,0,0,1,0,1,0,0,0,1,0,0.6742553071565954
1,0,1,1,72,1,0,114.45,8100.55,0,0,1,1,0,0,1,0,1,0,1,0,1,0,1,0,1,0,1,0,0,0,0.037057749420033585
0,0,0,0,1,1,0,19.5,19.5,1,0,0,0,1,1,0,1,0,1,0,1,0,1,0,1,0,0,0,0,0,1,0.21347246787637617
0,0,1,0,7,1,1,44.25,313.45,0,0,0,0,0,0,0,0,0,0,0,0,0,0,0,0,0,0,0,0,0,1,0.37809931926988005
0,0,1,0,66,1,1,90.55,6130.95,0,0,1,1,0,0,0,0,1,0,1,0,1,0,0,0,0,1,0,0,0,0,0.07731923759940695
1,0,0,0,1,1,1,69.9,69.9,1,0,0,1,0,0,0,0,0,0,0,0,0,0,0,0,0,0,0,0,1,0,0.6893942981242689
1,0,1,1,40,1,1,20.4,745.3,0,0,0,0,1,1,0,1,0,1,0,1,0,1,0,1,0,0,0,0,0,0,0.03683569800216875
1,0,0,0,16,1,1,71.4,1212.1,0,0,1,0,0,0,0,0,1,0,1,0,0,0,0,0,1,0,0,0,0,0,0.38179522514353864
0,0,0,0,2,1,1,87.15,183.75,1,0,0,1,0,0,0,0,1,0,0,0,0,0,1,0,0,0,0,0,0,0,0.6498659755789353
1,0,1,0,67,1,0,24.85,1583.5,0,0,1,0,1,1,0,1,0,1,0,1,0,1,0,1,0,0,1,1,0,0,0.0028721923580094636
0,0,1,0,41,1,1,104.45,4162.05,0,0,0,1,0,0,1,0,1,0,1,0,0,0,1,0,1,1,0,0,0,0,0.20284324392981073
0,0,1,1,56,1,1,19.8,1119.9,0,0,0,0,1,1,0,1,0,1,0,1,0,1,0,1,0,0,1,1,0,0,0.004181791696346358
0,0,0,0,72,1,1,116.45,8013.55,0,0,1,1,0,0,1,0,1,0,1,0,1,0,1,0,1,0,1,0,0,0,0.05579009807520097
0,0,1,1,3,1,1,84.75,264.85,1,0,1,1,0,0,0,0,0,0,0,0,0,0,0,0,1,0,0,0,0,0,0.6893238921552334
0,0,1,0,54,1,0,20.05,1102.4,0,0,0,0,1,1,0,1,0,1,0,1,0,1,0,1,0,0,1,1,0,0,0.0044185179631263845
1,1,0,0,52,1,1,110.75,5832.0,0,0,1,1,0,0,0,0,1,0,1,0,1,0,1,0,1,0,0,0,1,0,0.4812323239003733
0,0,0,0,50,1,1,89.7,4304.5,0,0,0,1,0,0,0,0,0,0,1,0,1,0,0,0,1,0,1,0,0,0,0.074216589850435
1,0,0,0,14,1,1,89.95,1178.4,1,0,1,1,0,0,0,0,0,0,0,0,1,0,1,0,0,0,0,0,1,0,0.5966306783332409
1,0,1,0,27,1,0,48.7,1421.75,0,0,0,0,0,0,1,0,0,0,0,0,0,0,0,0,0,1,0,1,0,0,0.05157916913067596
0,1,1,0,72,1,1,96.6,6827.5,0,0,1,1,0,0,1,0,1,0,1,0,1,0,0,0,0,0,1,0,0,0,0.03371166759064102
1,0,0,0,62,1,1,74.3,4698.05,0,0,0,0,0,0,1,0,1,0,0,0,0,0,1,0,1,1,0,1,0,0,0.032066412836184166
0,0,0,0,12,1,1,54.3,654.5,0,0,0,0,0,0,0,0,1,0,0,0,1,0,0,0,0,0,0,0,1,0,0.2775288321589496
0,1,0,0,44,1,0,74.85,3268.05,0,0,0,0,0,0,0,0,0,0,1,0,1,0,1,0,1,1,0,0,0,0,0.0748473824660567
1,0,1,1,54,1,1,79.95,4362.05,0,0,0,1,0,0,0,0,1,0,0,0,1,0,0,0,0,0,1,0,0,0,0.03589919045088459
0,0,0,0,68,1,0,20.05,1386.9,0,0,0,0,1,1,0,1,0,1,0,1,0,1,0,1,0,0,1,0,0,0,0.002289428504639408
1,0,0,0,20,1,0,19.4,415.4,0,0,0,0,1,1,0,1,0,1,0,1,0,1,0,1,0,0,0,0,0,1,0.08817448374170009
1,0,1,1,50,1,0,54.9,2614.1,0,0,1,0,0,0,0,0,0,0,1,0,0,0,0,0,0,1,0,0,0,0,0.033543152350351046
1,0,0,0,58,1,1,24.45,1513.6,0,0,1,0,1,1,0,1,0,1,0,1,0,1,0,1,0,0,1,1,0,0,0.005987294006384014
1,0,1,1,35,1,1,89.65,3161.6,0,0,1,1,0,0,0,0,1,0,0,0,0,0,1,0,0,0,0,0,0,0,0.40707632027541585
0,0,0,0,2,1,1,45.4,80.95,0,0,0,0,0,0,0,0,0,0,0,0,0,0,0,0,0,0,0,0,1,0,0.49824538356855486
1,0,1,1,63,1,0,75.7,4676.7,0,0,1,0,0,0,1,0,0,0,1,0,1,0,0,0,1,0,1,0,0,1,0.008787130807026826
0,0,1,0,58,1,1,110.65,6526.65,0,0,1,1,0,0,1,0,1,0,1,0,0,0,1,0,1,1,0,1,0,0,0.1722324460919888
0,0,1,1,27,1,1,20.55,583.3,0,0,0,0,1,1,0,1,0,1,0,1,0,1,0,1,0,1,0,0,0,1,0.03474181132803053
0,0,1,0,71,1,1,115.15,8078.1,0,0,1,1,0,0,1,0,1,0,1,0,1,0,1,0,1,0,1,1,0,0,0.05641814322126602
0,0,0,0,63,1,0,58.55,3503.5,0,0,0,0,0,0,0,0,0,0,1,0,0,0,0,0,1,1,0,1,0,0,0.023109832727913126
1,0,1,0,71,1,1,93.25,6669.45,0,0,1,1,0,0,0,0,1,0,1,0,0,0,0,0,1,0,0,0,0,0,0.2314495894290078
0,1,0,0,41,1,1,113.2,4689.5,1,0,1,1,0,0,1,0,1,0,1,0,0,0,1,0,1,0,0,0,1,0,0.5517190649894974
1,1,0,0,13,1,1,90.5,1201.15,1,0,0,1,0,0,0,0,0,0,0,0,0,0,1,0,1,0,0,0,1,0,0.7614915054378558
1,0,0,0,2,1,0,79.0,143.65,1,0,0,1,0,0,0,0,0,0,0,0,0,0,1,0,0,0,0,0,1,0,0.6733759621870932
0,0,1,1,68,1,1,19.35,1292.65,0,0,0,0,1,1,0,1,0,1,0,1,0,1,0,1,0,0,1,0,0,0,0.0024851608934432397
1,0,1,1,1,1,1,48.75,48.75,0,0,0,0,0,0,1,0,0,0,0,0,0,0,0,0,0,0,0,0,0,1,0.2851225135193262
1,1,0,0,65,1,1,109.05,7108.2,0,0,1,1,0,0,1,0,0,0,1,0,1,0,1,0,1,0,1,0,1,0,0.11408212259200874
1,1,1,0,72,1,1,25.0,1802.55,0,0,1,0,1,1,0,1,0,1,0,1,0,1,0,1,0,0,1,0,0,0,0.004420039837048406
0,0,0,0,28,1,1,54.9,1505.15,0,0,1,0,0,0,0,0,0,0,0,0,1,0,0,0,0,0,0,1,0,0,0.15393501983603247
1,0,1,1,72,1,0,24.75,1859.1,0,0,1,0,1,1,0,1,0,1,0,1,0,1,0,1,0,0,1,1,0,0,0.001873933428318937
0,0,0,0,2,1,1,91.15,168.5,0,0,0,1,0,0,1,0,1,0,0,0,0,0,1,0,0,0,0,0,1,0,0.6094074963251942
0,0,0,1,18,1,0,20.15,390.85,1,0,0,0,1,1,0,1,0,1,0,1,0,1,0,1,0,1,0,0,0,0,0.04255705500872203
1,1,1,0,60,1,1,104.35,6339.45,0,0,1,1,0,0,0,0,1,0,1,0,0,0,1,0,1,1,0,0,1,0,0.34117425048438177
0,1,0,0,26,1,1,66.05,1652.4,0,0,1,0,0,0,0,0,0,0,0,0,1,0,0,0,1,0,0,0,1,0,0.3431655109771603
1,0,0,1,1,1,1,71.65,71.65,1,0,0,1,0,0,0,0,0,0,0,0,0,0,0,0,0,0,0,0,1,0,0.637022000036778
0,0,0,0,4,1,0,20.35,77.5,1,0,0,0,1,1,0,1,0,1,0,1,0,1,0,1,0,0,0,0,0,1,0.18667938710353868
1,0,1,1,68,1,1,92.2,6392.85,0,0,1,0,0,0,1,0,1,0,1,0,1,0,1,0,1,0,1,1,0,0,0.014722116401016906
0,0,0,0,38,1,1,84.25,3264.5,1,0,0,1,0,0,0,0,1,0,1,0,1,0,0,0,0,0,0,1,0,0,0.2081001106386039
0,1,1,0,42,1,1,105.2,4599.15,0,0,1,1,0,0,1,0,0,0,1,0,0,0,1,0,1,1,0,0,0,0,0.3318291898822885
0,0,1,0,57,1,1,19.6,1134.25,0,0,0,0,1,1,0,1,0,1,0,1,0,1,0,1,0,0,1,0,0,0,0.005606156166903581
1,0,1,0,54,0,0,30.4,1621.35,0,1,0,0,0,0,0,0,1,0,0,0,0,0,0,0,0,0,0,0,1,0,0.08483425617929187
0,0,0,0,12,1,0,78.1,947.3,1,0,0,1,0,0,0,0,0,0,0,0,0,0,0,0,1,0,0,0,0,0,0.5419287258910029
0,0,1,0,44,1,1,61.5,2722.2,0,0,0,0,0,0,1,0,1,0,1,0,0,0,0,0,0,1,0,0,0,1,0.0351621829534103
1,0,1,1,42,1,1,69.4,3058.3,0,0,1,0,0,0,1,0,1,0,0,0,0,0,1,0,0,0,0,0,0,0,0.1147096285394852
1,0,1,1,72,1,0,24.75,1769.6,0,0,1,0,1,1,0,1,0,1,0,1,0,1,0,1,0,0,1,0,0,0,0.002073765753154874
0,0,1,1,71,1,0,91.05,6293.75,0,0,1,0,0,0,1,0,1,0,1,0,1,0,1,0,1,0,1,0,0,1,0.010263921801386095
0,0,1,0,19,1,0,89.65,1761.05,1,0,1,1,0,0,0,0,0,0,1,0,0,0,0,0,1,0,0,0,0,1,0.5440870653936454
0,0,1,0,23,1,1,73.65,1642.75,0,0,1,0,0,0,0,0,0,0,0,0,1,0,1,0,1,0,0,1,0,0,0.30281016364818
0,0,0,0,30,1,0,19.4,578.5,0,0,0,0,1,1,0,1,0,1,0,1,0,1,0,1,0,0,1,1,0,0,0.014711903561846304
1,0,0,0,35,1,0,26.2,954.9,0,0,1,0,1,1,0,1,0,1,0,1,0,1,0,1,0,1,0,0,0,0,0.027914205344425534
0,0,0,0,10,1,1,98.7,973.25,1,0,1,1,0,0,1,0,0,0,0,0,0,0,1,0,1,0,0,0,1,0,0.696015801572088
1,0,0,0,1,1,1,43.85,43.85,0,0,0,0,0,0,0,0,0,0,0,0,0,0,0,0,0,0,0,0,0,0,0.4386197681876803
1,0,0,0,22,1,1,69.7,1490.4,0,0,0,1,0,0,0,0,0,0,0,0,0,0,0,0,0,0,0,0,0,1,0.41764995921822323
1,0,1,1,7,0,0,38.55,280.0,0,1,0,0,0,0,1,0,1,0,1,0,0,0,0,0,0,0,1,0,0,1,0.09091151984897762
0,0,0,0,36,0,1,53.1,1901.25,0,1,0,0,0,0,1,0,1,0,1,0,1,0,0,0,1,0,1,0,0,1,0.03851611006670889
0,0,1,1,34,1,0,20.65,716.4,0,0,0,0,1,1,0,1,0,1,0,1,0,1,0,1,0,0,0,0,0,1,0.03846402046852762
1,0,1,1,72,1,0,64.45,4720.0,0,0,1,0,0,0,1,0,1,0,1,0,0,0,0,0,0,0,1,1,0,0,0.005236937714764735
1,0,1,1,36,1,0,25.1,930.95,0,0,1,0,1,1,0,1,0,1,0,1,0,1,0,1,0,0,1,1,0,0,0.011652523832332406
0,0,0,0,1,1,0,76.35,76.35,1,0,0,1,0,0,0,0,0,0,1,0,0,0,0,0,0,0,0,0,1,0,0.6275899765575925
0,0,0,0,23,1,1,79.15,1676.95,1,0,1,1,0,0,0,0,1,0,0,0,0,0,0,0,0,0,0,0,1,0,0.5316384157500552
1,1,1,0,32,1,1,85.0,2642.05,1,0,1,1,0,0,0,0,0,0,0,0,0,0,0,0,1,0,0,0,1,0,0.6286170669617731
0,0,1,1,71,1,1,95.15,6770.85,0,0,1,1,0,0,1,0,1,0,1,0,1,0,0,0,0,1,0,1,0,0,0.033235708103886444
0,1,0,0,23,1,1,79.35,1835.3,0,0,1,1,0,0,0,0,0,0,1,0,0,0,0,0,0,0,0,0,0,1,0.5513302478216432
1,0,1,0,17,1,1,96.65,1588.25,0,0,0,1,0,0,0,0,0,0,1,0,0,0,1,0,1,1,0,0,0,0,0.4444059226411002
1,0,0,0,1,1,1,75.5,75.5,0,0,0,0,0,0,0,0,0,0,1,0,1,0,1,0,1,0,0,0,1,0,0.5105322892374593
1,0,1,1,12,1,0,19.7,258.35,0,0,0,0,1,1,0,1,0,1,0,1,0,1,0,1,0,0,1,0,0,1,0.03315471287319341
0,0,1,0,72,1,0,20.5,1502.25,0,0,0,0,1,1,0,1,0,1,0,1,0,1,0,1,0,0,1,1,0,0,0.0017230079103571466
1,0,0,0,1,1,0,19.2,19.2,0,0,0,0,1,1,0,1,0,1,0,1,0,1,0,1,0,0,0,0,0,1,0.20850107783028793
1,1,1,0,72,1,0,98.35,6929.4,0,0,1,1,0,0,0,0,1,0,0,0,0,0,1,0,1,0,1,0,0,0,0.09682696295059705
1,0,1,1,60,1,0,74.35,4453.3,0,0,1,1,0,0,0,0,0,0,0,0,0,0,0,0,0,0,0,0,0,0,0.1381415983820892
0,0,1,1,61,0,0,51.35,3244.4,0,1,0,0,0,0,0,0,1,0,1,0,1,0,1,0,0,0,1,1,0,0,0.01218034133239118
0,0,1,0,6,1,0,45.65,323.45,0,0,0,0,0,0,0,0,0,0,0,0,0,0,0,0,0,0,0,0,0,1,0.32685645464254454
1,1,1,0,32,1,0,85.3,2661.1,1,0,1,1,0,0,0,0,0,0,0,0,0,0,0,0,1,0,0,0,1,0,0.5636394967675673
0,0,0,1,31,1,1,86.55,2697.4,1,0,1,1,0,0,0,0,0,0,0,0,0,0,1,0,0,0,0,1,0,0,0.41981495495494087
1,0,0,0,19,1,1,73.85,1424.5,1,0,0,1,0,0,0,0,1,0,0,0,0,0,0,0,0,0,0,1,0,0,0.4105922331244266
1,0,1,1,72,1,0,20.3,1401.15,0,0,0,0,1,1,0,1,0,1,0,1,0,1,0,1,0,0,1,0,0,0,0.0014817802597278777
0,0,0,0,32,1,1,54.2,1739.6,0,0,1,0,0,0,0,0,1,0,0,0,0,0,0,0,0,0,0,0,1,0,0.23824439786744103
1,0,1,0,65,1,1,90.65,5931.0,0,0,1,1,0,0,0,0,1,0,0,0,0,0,0,0,1,0,0,0,1,0,0.3093633007848403
0,0,1,1,45,0,1,50.9,2333.85,0,1,0,0,0,0,1,0,0,0,0,0,0,0,1,0,1,0,0,0,0,0,0.15836796509626053
1,0,0,0,42,1,0,25.05,949.85,0,0,1,0,1,1,0,1,0,1,0,1,0,1,0,1,0,1,0,0,1,0,0.024506146726443648
1,0,0,0,8,1,1,74.85,572.45,0,0,1,1,0,0,0,0,0,0,0,0,0,0,0,0,0,0,0,0,1,0,0.6807015716215026
1,0,0,1,32,1,0,20.5,696.8,0,0,0,0,1,1,0,1,0,1,0,1,0,1,0,1,0,0,1,0,0,1,0.011247935648864088
0,1,1,0,22,1,1,63.55,1381.8,0,0,1,0,0,0,1,0,1,0,0,0,1,0,0,0,0,0,0,0,0,1,0.1729362324533161
1,1,1,0,57,0,1,44.85,2572.95,1,1,0,0,0,0,0,0,0,0,0,0,0,0,1,0,1,0,0,0,1,0,0.24390432519568178
1,0,0,0,1,1,0,47.95,47.95,0,0,0,0,0,0,1,0,0,0,0,0,0,0,0,0,0,0,0,0,1,0,0.33432385900125067
1,1,0,0,1,1,0,45.1,45.1,1,0,0,0,0,0,0,0,0,0,0,0,0,0,0,0,0,0,0,0,1,0,0.4994843909357455
0,0,1,0,1,1,1,45.0,45.0,0,0,0,0,0,0,0,0,0,0,0,0,0,0,0,0,0,0,0,0,1,0,0.5235374557574008
1,0,0,0,24,1,1,96.0,2122.45,1,0,0,1,0,0,0,0,0,0,0,0,1,0,1,0,1,0,0,0,1,0,0.5264331989917694
1,0,0,0,1,1,0,20.05,20.05,1,0,0,0,1,1,0,1,0,1,0,1,0,1,0,1,0,0,0,0,0,0,0.2167637149368931
1,1,0,0,54,1,1,90.05,4931.8,0,0,1,1,0,0,0,0,1,0,0,0,0,0,0,0,1,0,0,0,1,0,0.43944483761341957
0,0,0,0,4,1,1,25.3,116.95,0,0,1,0,1,1,0,1,0,1,0,1,0,1,0,1,0,0,1,1,0,0,0.08883487612786753
1,0,1,1,65,1,0,108.65,6937.95,1,0,1,1,0,0,1,0,0,0,1,0,1,0,1,0,1,0,1,0,0,0,0.04436376785110427
0,0,1,0,56,1,0,24.3,1261.7,0,0,1,0,1,1,0,1,0,1,0,1,0,1,0,1,0,1,0,0,1,0,0.01305334258706914
1,0,0,0,45,1,1,75.95,3273.8,0,0,0,0,0,0,1,0,0,0,1,0,0,0,1,0,1,0,0,0,1,0,0.16726466142142474
0,0,1,1,71,1,0,19.7,1415.85,0,0,0,0,1,1,0,1,0,1,0,1,0,1,0,1,0,0,1,1,0,0,0.0014425642429338815
1,0,1,0,59,1,0,66.4,3958.2,0,0,0,0,0,0,1,0,1,0,1,0,0,0,1,0,0,1,0,1,0,0,0.019465990832104874
1,0,0,0,69,0,1,35.75,2492.25,0,1,0,0,0,0,0,0,1,0,1,0,0,0,0,0,0,1,0,0,0,0,0.021429068816112576
1,0,0,0,19,1,0,18.8,279.2,0,0,0,0,1,1,0,1,0,1,0,1,0,1,0,1,0,1,0,0,0,1,0.0445622905249706
0,0,1,1,55,1,0,19.4,1083.0,0,0,0,0,1,1,0,1,0,1,0,1,0,1,0,1,0,0,1,1,0,0,0.003353303692281295
0,0,0,0,38,1,0,19.3,755.5,0,0,0,0,1,1,0,1,0,1,0,1,0,1,0,1,0,1,0,0,0,1,0.017756003918585995
1,0,0,0,10,1,1,45.55,402.6,1,0,0,0,0,0,0,0,0,0,0,0,0,0,0,0,0,0,0,0,1,0,0.397742210943648
0,1,1,0,47,1,1,67.45,3252.0,0,0,1,0,0,0,1,0,1,0,1,0,0,0,0,0,0,0,0,1,0,0,0.10184580496856728
0,0,1,0,2,0,1,35.1,68.75,1,1,0,0,0,0,0,0,0,0,0,0,0,0,0,0,1,0,0,0,1,0,0.7091572841027709
1,0,0,0,1,1,0,46.2,46.2,1,0,0,0,0,0,0,0,0,0,0,0,0,0,0,0,0,0,0,1,0,0,0.3382357773517569
0,0,0,0,1,1,0,45.15,45.15,1,0,0,0,0,0,0,0,0,0,0,0,0,0,0,0,0,0,0,0,1,0,0.4428089023094531
1,1,0,0,1,0,1,43.3,43.3,1,1,0,0,0,0,0,0,1,0,1,0,0,0,0,0,1,0,0,0,1,0,0.7296011339059394
1,0,1,1,46,1,1,20.1,936.85,0,0,0,0,1,1,0,1,0,1,0,1,0,1,0,1,0,0,1,0,0,1,0.007371993288938005
0,1,0,0,38,1,1,57.15,2250.65,1,0,0,0,0,0,1,0,1,0,0,0,0,0,0,0,0,0,0,1,0,0,0.10023887617357771
0,0,1,0,65,1,0,58.9,3857.1,0,0,0,0,0,0,1,0,0,0,1,0,1,0,0,0,0,0,1,1,0,0,0.004676789387124955
0,0,1,0,19,1,1,73.2,1441.1,1,0,0,1,0,0,1,0,0,0,0,0,0,0,0,0,0,0,0,0,1,0,0.45137597751729264
1,0,0,0,52,1,1,85.35,4338.6,1,0,0,1,0,0,0,0,1,0,0,0,0,0,0,0,1,0,0,0,1,0,0.3125079746144946
1,0,1,1,71,1,0,19.45,1378.45,0,0,0,0,1,1,0,1,0,1,0,1,0,1,0,1,0,0,1,0,0,1,0.001486193837877222
0,0,0,0,1,1,0,45.95,45.95,1,0,0,0,0,0,0,0,0,0,0,0,0,0,0,0,0,0,0,0,0,1,0.3624959214832271
0,1,0,0,52,0,1,50.5,2566.3,0,1,0,0,0,0,0,0,1,0,1,0,1,0,1,0,0,0,0,0,1,0,0.15789574537284115
1,0,1,0,6,1,0,25.1,171.0,0,0,1,0,1,1,0,1,0,1,0,1,0,1,0,1,0,1,0,0,0,1,0.11145890923084625
0,1,1,0,26,1,0,60.7,1597.4,0,0,0,0,0,0,0,0,0,0,1,0,0,0,0,0,1,1,0,0,0,1,0.14379626387683722
1,1,0,0,48,1,1,99.0,4744.35,0,0,1,1,0,0,0,0,1,0,0,0,0,0,1,0,1,1,0,0,1,0,0.38660371509905833
0,0,1,1,64,1,1,104.4,6721.6,0,0,1,1,0,0,1,0,0,0,0,0,1,0,1,0,1,1,0,0,0,0,0.09803519816831528
0,0,0,0,3,1,0,83.75,247.25,1,0,0,1,0,0,0,0,1,0,0,0,0,0,1,0,0,0,0,0,1,0,0.6476250147021759
1,0,0,0,1,1,1,44.05,44.05,0,0,0,0,0,0,0,0,0,0,0,0,0,0,0,0,0,0,0,0,0,0,0.4381545624886488
1,0,1,1,72,1,0,24.1,1734.65,0,0,1,0,1,1,0,1,0,1,0,1,0,1,0,1,0,0,1,1,0,0,0.0018154101245657225
1,0,0,0,1,1,1,45.55,45.55,0,0,0,0,0,0,0,0,0,0,0,0,0,0,0,0,0,0,0,0,0,1,0.4206234417634964
0,0,1,1,51,1,1,93.8,4539.35,0,0,1,1,0,0,1,0,1,0,0,0,0,0,0,0,1,0,0,0,1,0,0.26519992917055757
0,0,1,1,41,1,0,19.7,804.25,0,0,0,0,1,1,0,1,0,1,0,1,0,1,0,1,0,0,1,0,0,0,0.007943675768350214
0,0,1,1,72,1,1,70.65,5011.15,0,0,0,0,0,0,1,0,1,0,1,0,0,0,1,0,0,0,1,1,0,0,0.007731590115352737
0,0,1,0,43,1,0,86.45,3574.5,0,0,1,0,0,0,1,0,1,0,0,0,1,0,1,0,1,0,1,1,0,0,0.027026973919730607
1,0,1,0,72,1,1,114.1,8086.4,0,0,1,1,0,0,1,0,1,0,1,0,1,0,1,0,1,0,1,1,0,0,0.052359740540827676
1,0,1,0,47,1,1,95.2,4563.0,0,0,1,1,0,0,0,0,0,0,0,0,0,0,1,0,1,1,0,1,0,0,0.2775771366797661
1,0,0,0,72,1,0,88.55,6362.35,0,0,1,0,0,0,1,0,1,0,1,0,1,0,1,0,1,0,1,1,0,0,0.010796106010336587
1,0,0,0,3,1,1,20.75,67.1,0,0,0,0,1,1,0,1,0,1,0,1,0,1,0,1,0,0,0,1,0,0,0.22256265676389658
1,0,0,0,1,1,1,70.05,70.05,1,0,0,1,0,0,0,0,0,0,0,0,0,0,0,0,0,0,0,0,1,0,0.6890907657031711
1,0,0,0,2,1,1,86.0,165.45,1,0,1,1,0,0,0,0,0,0,0,0,0,0,0,0,1,0,0,0,1,0,0.7719671647483949
1,0,0,0,26,0,1,44.65,1156.55,0,1,0,0,0,0,1,0,1,0,0,0,0,0,0,0,1,0,0,0,0,0,0.24770358204305928
1,0,1,1,29,1,1,60.2,1834.15,0,0,0,0,0,0,1,0,0,0,0,0,0,0,0,0,1,0,0,0,0,1,0.14245771944206867
0,1,1,0,35,1,1,100.5,3653.35,1,0,1,1,0,0,1,0,1,0,0,0,1,0,1,0,0,0,0,0,0,0,0.355610716029435
1,0,0,0,27,1,0,55.45,1477.65,0,0,0,0,0,0,1,0,1,0,0,0,0,0,0,0,0,1,0,0,0,0,0.04951382082647258
1,0,1,1,24,1,1,70.3,1706.45,0,0,0,0,0,0,1,0,1,0,0,0,1,0,0,0,1,0,0,1,0,0,0.10364137407892429
1,0,1,1,67,1,1,60.4,3953.7,0,0,0,0,0,0,1,0,0,0,1,0,1,0,0,0,0,0,1,0,0,0,0.004906155269401874
0,0,0,0,16,1,0,72.65,1194.3,1,0,1,1,0,0,0,0,0,0,0,0,0,0,0,0,0,0,0,0,1,0,0.5636950100012579
0,0,0,0,23,1,0,55.8,1327.85,0,0,0,0,0,0,0,0,1,0,1,0,0,0,0,0,0,1,0,0,0,0,0.09035201738436913
1,0,0,0,14,0,1,31.1,419.7,0,1,0,0,0,0,0,0,1,0,0,0,0,0,0,0,0,0,0,0,0,1,0.378611267007873
0,0,1,1,1,1,1,21.0,21.0,1,0,0,0,1,1,0,1,0,1,0,1,0,1,0,1,0,0,0,0,1,0,0.29177200104881396
0,1,0,0,1,1,0,45.1,45.1,1,0,0,0,0,0,0,0,0,0,0,0,0,0,0,0,0,0,0,0,0,1,0.42639297172086443
1,1,0,0,4,0,1,50.95,207.35,0,1,0,0,0,0,0,0,1,0,0,0,0,0,1,0,1,0,0,1,0,0,0.6661746138228036
1,0,0,1,16,1,1,69.1,1083.7,0,0,1,0,0,0,1,0,1,0,0,0,0,0,0,0,1,0,0,0,1,0,0.2945960763963269
0,0,1,0,46,0,1,43.95,2007.85,0,1,0,0,0,0,0,0,0,0,0,0,0,0,1,0,1,0,0,0,1,0,0.2944973815359069
1,0,0,1,68,1,1,86.5,5882.75,0,0,1,0,0,0,1,0,1,0,0,0,1,0,1,0,1,0,1,0,0,0,0.014053673971028422
1,0,0,0,38,1,0,69.95,2657.55,0,0,1,0,0,0,1,0,1,0,1,0,1,0,0,0,0,0,0,0,1,0,0.07995790334712743
1,1,1,0,30,1,1,50.4,1527.5,1,0,0,0,0,0,0,0,1,0,0,0,0,0,0,0,0,0,0,0,0,0,0.20871320906527102
0,1,0,0,5,1,0,78.95,378.4,1,0,0,1,0,0,0,0,0,0,0,0,0,0,0,0,1,0,0,0,1,0,0.716772160358363
1,0,0,0,17,1,1,90.95,1612.2,0,0,0,1,0,0,0,0,1,0,1,0,0,0,0,0,1,0,0,1,0,0,0.5037666763105809
1,0,1,1,4,1,0,19.9,76.65,0,0,0,0,1,1,0,1,0,1,0,1,0,1,0,1,0,0,1,0,0,1,0.049349087849297056
0,0,0,0,12,1,0,20.15,260.7,0,0,0,0,1,1,0,1,0,1,0,1,0,1,0,1,0,1,0,0,1,0,0.09021715715122308
1,0,1,1,72,1,1,90.6,6441.85,0,0,1,0,0,0,1,0,1,0,1,0,1,0,1,0,1,0,1,1,0,0,0.012020169696630386
1,0,0,0,3,1,1,92.0,266.8,0,0,0,1,0,0,0,0,0,0,0,0,0,0,1,0,1,0,0,0,1,0,0.7668058593476099
1,0,0,0,56,1,1,94.45,5124.6,1,0,1,1,0,0,0,0,1,0,0,0,1,0,0,0,1,0,0,0,1,0,0.27296298380346085
0,0,0,0,41,1,1,24.85,962.25,0,0,1,0,1,1,0,1,0,1,0,1,0,1,0,1,0,1,0,0,0,1,0.0255681283197065
1,0,0,0,40,0,0,36.0,1382.9,0,1,0,0,0,0,0,0,1,0,0,0,1,0,0,0,0,1,0,1,0,0,0.037167689988425456
0,0,0,0,7,1,1,78.5,571.05,0,0,0,0,0,0,1,0,1,0,0,0,1,0,1,0,1,0,0,0,1,0,0.3415014590095376
1,0,0,0,69,1,0,19.95,1399.35,0,0,0,0,1,1,0,1,0,1,0,1,0,1,0,1,0,0,1,1,0,0,0.0018457046475737248
1,0,1,1,7,1,0,20.65,150.0,0,0,0,0,1,1,0,1,0,1,0,1,0,1,0,1,0,1,0,0,0,1,0.07020672860821679
0,0,1,1,5,0,1,30.5,167.2,0,1,0,0,0,0,0,0,1,0,0,0,0,0,0,0,0,0,0,0,1,0,0.5387387381469152
0,0,1,1,72,1,0,106.1,7657.4,0,0,1,1,0,0,1,0,1,0,1,0,1,0,1,0,0,0,1,1,0,0,0.02298182008806563
1,0,1,1,44,1,1,20.5,865.05,0,0,0,0,1,1,0,1,0,1,0,1,0,1,0,1,0,1,0,0,0,0,0.014536161110411382
0,0,0,0,65,1,1,95.5,6153.85,0,0,1,1,0,0,0,0,1,0,1,0,0,0,1,0,0,1,0,0,1,0,0.17624037535274398
0,0,0,0,3,1,0,64.6,174.2,0,0,1,0,0,0,0,0,0,0,0,0,1,0,1,0,0,0,0,0,1,0,0.43033251934715755
1,0,0,0,24,1,1,51.1,1269.6,0,0,0,0,0,0,0,0,0,0,0,0,1,0,0,0,0,0,0,1,0,0,0.14148844226707324
0,0,0,0,44,1,1,84.8,3862.55,1,0,1,1,0,0,0,0,1,0,1,0,0,0,0,0,0,0,0,0,0,0,0.3225287915525435
0,1,1,0,72,1,0,89.1,6352.4,0,0,1,0,0,0,1,0,1,0,1,0,1,0,1,0,1,0,1,1,0,0,0.015006145532516285
1,0,0,0,24,1,0,54.95,1348.5,0,0,0,0,0,0,1,0,0,0,0,0,1,0,0,0,0,0,0,0,1,0,0.11001293882747076
1,0,0,0,1,1,0,50.9,50.9,1,0,0,0,0,0,0,0,0,0,1,0,0,0,0,0,0,0,0,0,0,1,0.3502549935120419
1,0,1,0,22,1,1,20.45,471.55,0,0,0,0,1,1,0,1,0,1,0,1,0,1,0,1,0,0,0,0,0,0,0.1123188804679418
1,0,1,1,70,1,1,85.95,5931.75,0,0,1,0,0,0,0,0,1,0,1,0,1,0,1,0,1,0,1,1,0,0,0.01794801912207661
1,0,1,1,25,1,0,60.35,1404.65,0,0,1,0,0,0,0,0,0,0,0,0,0,0,1,0,0,0,0,0,1,0,0.2713002150969922
1,0,1,1,37,1,0,19.8,726.1,0,0,0,0,1,1,0,1,0,1,0,1,0,1,0,1,0,0,1,0,0,0,0.009481380966656863
0,1,1,1,22,1,0,85.35,1961.6,0,0,1,1,0,0,0,0,0,0,0,0,0,0,1,0,0,0,0,0,0,0,0.5396590525634766
0,0,1,1,59,1,1,72.1,4194.85,0,0,1,0,0,0,0,0,0,0,1,0,1,0,1,0,0,0,1,0,0,0,0.0207146817294749
1,0,1,1,49,1,1,99.8,4872.45,1,0,1,1,0,0,0,0,0,0,1,0,0,0,1,0,1,0,0,0,1,0,0.48356762315677787
1,0,1,1,47,1,1,107.35,5118.95,1,0,1,1,0,0,0,0,0,0,1,0,1,0,1,0,1,0,0,0,0,0,0.3566284410256354
0,0,1,1,31,1,1,19.55,658.95,1,0,0,0,1,1,0,1,0,1,0,1,0,1,0,1,0,0,0,0,0,1,0.05867159721918054
1,0,1,1,1,1,1,81.05,81.05,0,0,0,1,0,0,0,0,0,0,0,0,0,0,0,0,1,0,0,0,1,0,0.7036402675678356
1,0,0,0,3,1,1,20.5,76.95,0,0,0,0,1,1,0,1,0,1,0,1,0,1,0,1,0,0,0,0,1,0,0.30015481862293886
0,0,1,0,53,1,1,111.8,5809.75,0,0,1,1,0,0,0,0,1,0,1,0,1,0,1,0,1,1,0,0,0,0,0.2056664554918223
1,0,0,0,1,1,0,20.2,20.2,0,0,0,0,1,1,0,1,0,1,0,1,0,1,0,1,0,0,0,0,0,1,0.20694625383013235
1,0,0,0,20,1,1,19.7,415.9,0,0,0,0,1,1,0,1,0,1,0,1,0,1,0,1,0,1,0,0,0,1,0.05636143418193727
0,0,0,0,3,1,1,79.1,246.5,1,0,0,1,0,0,1,0,1,0,0,0,0,0,0,0,0,0,0,0,1,0,0.55046976954844
0,0,0,0,51,1,1,19.85,996.95,0,0,0,0,1,1,0,1,0,1,0,1,0,1,0,1,0,1,0,0,0,0,0.012354988695627976
0,0,1,0,51,1,1,60.5,3145.15,0,0,0,0,0,0,1,0,1,0,0,0,1,0,0,0,0,1,0,0,0,0,0.019284954686168292
0,0,1,1,13,1,0,19.55,265.3,0,0,0,0,1,1,0,1,0,1,0,1,0,1,0,1,0,0,1,0,0,1,0.03243347992278791
0,0,0,0,1,1,0,20.9,20.9,0,0,0,0,1,1,0,1,0,1,0,1,0,1,0,1,0,0,0,0,0,1,0.21126011211233695
1,0,0,1,1,1,1,21.05,21.05,0,0,0,0,1,1,0,1,0,1,0,1,0,1,0,1,0,0,0,0,0,1,0.21475402625182152
1,0,0,0,63,1,0,71.5,4576.3,0,0,1,0,0,0,1,0,1,0,1,0,1,0,0,0,0,1,0,0,1,0,0.01633028708944796
1,0,0,0,3,1,0,54.65,189.1,0,0,0,0,0,0,0,0,0,0,0,0,0,0,0,0,1,0,0,0,0,1,0.3978116605752626
1,0,0,0,46,1,0,19.2,908.15,0,0,0,0,1,1,0,1,0,1,0,1,0,1,0,1,0,0,1,1,0,0,0.006190569518403167
1,0,0,0,1,1,1,49.8,49.8,0,0,1,0,0,0,0,0,0,0,0,0,0,0,0,0,0,0,0,1,0,0,0.4589216633909094
1,0,0,1,8,0,0,25.5,215.2,1,1,0,0,0,0,0,0,0,0,0,0,0,0,0,0,0,0,0,0,0,1,0.36195571677457494
0,0,1,1,71,1,0,20.5,1500.95,0,0,0,0,1,1,0,1,0,1,0,1,0,1,0,1,0,0,1,0,0,0,0.0016709764213629966
1,0,1,1,55,1,1,90.4,5099.15,0,0,1,1,0,0,0,0,0,0,1,0,0,0,1,0,0,0,0,1,0,0,0.26908064958852224
0,0,0,0,70,1,1,90.25,6385.95,0,0,1,1,0,0,0,0,1,0,1,0,1,0,0,0,0,1,0,0,0,0,0.06394009106100705
0,0,0,0,2,1,0,80.75,159.45,1,0,0,1,0,0,0,0,0,0,0,0,0,0,0,0,1,0,0,0,1,0,0.6815769361873079
1,0,1,1,67,1,0,104.6,6885.75,0,0,1,1,0,0,1,0,0,0,0,0,1,0,1,0,1,0,1,0,0,0,0.039521118055102056
1,0,1,0,65,1,1,91.85,5940.85,1,0,1,1,0,0,0,0,1,0,0,0,0,0,1,0,0,0,0,0,0,0,0.24998726450362146
1,0,1,0,14,1,0,50.2,668.85,0,0,0,0,0,0,0,0,0,0,1,0,0,0,0,0,0,0,0,1,0,0,0.22945225958033763
0,0,1,1,20,1,1,95.5,1916.2,0,0,1,1,0,0,0,0,0,0,1,0,1,0,0,0,1,0,0,0,0,0,0.4616293304993452
1,0,0,1,1,1,1,75.35,75.35,1,0,0,1,0,0,0,0,1,0,0,0,0,0,0,0,0,0,0,0,1,0,0.6114832897154961
1,0,0,0,1,1,1,75.45,75.45,1,0,1,1,0,0,0,0,0,0,0,0,0,0,0,0,0,0,0,0,1,0,0.7334300245466329
0,0,1,1,49,1,1,95.4,4613.95,0,0,1,1,0,0,0,0,0,0,0,0,0,0,1,0,1,0,0,0,0,0,0.40968772464760606
0,0,0,0,72,1,1,101.3,7261.25,0,0,1,1,0,0,1,0,1,0,1,0,0,0,1,0,0,0,1,0,0,0,0.05321180106631966
0,0,1,0,46,1,0,53.1,2459.8,0,0,1,0,0,0,1,0,0,0,0,0,0,0,0,0,0,0,0,0,1,0,0.09053408201023964
1,0,0,0,24,1,1,84.85,2048.8,0,0,1,1,0,0,0,0,1,0,1,0,0,0,0,0,0,0,0,0,0,0,0.4624656485858277
0,0,1,1,5,0,0,34.25,163.55,0,1,0,0,0,0,0,0,1,0,0,0,1,0,0,0,0,0,0,0,1,0,0.3705022953007468
0,0,1,1,33,1,0,88.6,2888.7,0,0,1,1,0,0,0,0,1,0,1,0,1,0,0,0,0,0,0,1,0,0,0.20200479058856913
0,0,0,0,42,1,1,60.15,2421.6,0,0,1,0,0,0,1,0,1,0,0,0,0,0,0,0,0,1,0,0,0,0,0.04636936031083935
1,0,0,0,23,1,1,99.95,2292.75,0,0,0,1,0,0,1,0,0,0,1,0,0,0,1,0,1,1,0,1,0,0,0.2745071362515699
1,0,0,0,8,1,0,70.7,553.4,0,0,0,1,0,0,0,0,0,0,0,0,0,0,0,0,0,0,0,0,0,0,0.4953292267515801
1,0,0,0,66,1,1,54.8,3465.7,0,0,0,0,0,0,1,0,1,0,0,0,0,0,0,0,0,1,0,0,0,1,0.011825090746195949
1,0,0,0,24,1,1,49.55,1210.4,1,0,0,0,0,0,1,0,0,0,0,0,0,0,0,0,0,0,0,0,0,0,0.15414626814664822
1,1,0,0,24,1,0,54.8,1291.3,0,0,1,0,0,0,0,0,1,0,0,0,0,0,0,0,0,0,0,1,0,0,0.2178779576380079
1,0,0,0,69,1,1,78.6,5356.45,1,0,1,0,0,0,1,0,1,0,1,0,1,0,0,0,1,1,0,1,0,0,0.01684851467791417
0,0,0,0,53,1,1,100.3,5200.8,0,0,0,1,0,0,0,0,1,0,1,0,0,0,1,0,1,1,0,0,0,1,0.19384687257205369
0,0,0,0,60,0,0,53.6,3237.05,0,1,0,0,0,0,1,0,0,0,1,0,0,0,1,0,1,0,1,0,1,0,0.03220774840984666
0,0,1,0,7,1,1,81.1,576.65,1,0,0,1,0,0,0,0,0,0,0,0,0,0,1,0,0,0,0,0,1,0,0.7100826107817929
0,0,0,0,20,1,1,19.35,433.75,0,0,0,0,1,1,0,1,0,1,0,1,0,1,0,1,0,1,0,1,0,0,0.05478816049563186
0,0,1,1,23,1,0,85.6,1868.4,0,0,1,1,0,0,0,0,0,0,0,0,0,0,0,0,1,0,0,0,1,0,0.5239591136251439
1,0,1,1,72,1,1,80.8,5728.55,0,0,0,0,0,0,1,0,0,0,1,0,1,0,1,0,1,0,1,0,1,0,0.013041066183586646
1,0,1,0,11,1,1,74.95,825.7,1,0,1,1,0,0,0,0,0,0,0,0,0,0,0,0,0,0,0,0,1,0,0.6694807761156087
1,0,0,0,21,1,0,19.6,390.4,0,0,0,0,1,1,0,1,0,1,0,1,0,1,0,1,0,0,1,0,0,1,0.02427527429888787
1,1,0,0,1,1,1,93.55,93.55,1,0,1,1,0,0,0,0,0,0,0,0,0,0,1,0,1,0,0,0,1,0,0.8541341846720756
1,1,0,0,31,1,1,90.7,2845.15,0,0,1,1,0,0,0,0,1,0,0,0,0,0,1,0,0,0,0,0,1,0,0.6110208504208925
0,0,0,0,57,1,0,69.75,3894.4,0,0,0,0,0,0,0,0,1,0,1,0,1,0,1,0,0,0,1,0,0,1,0.013256708693244619
0,0,1,1,45,1,1,20.0,886.4,0,0,0,0,1,1,0,1,0,1,0,1,0,1,0,1,0,0,1,0,0,0,0.008425500630014552
1,0,0,0,10,1,1,95.25,1021.55,0,0,1,1,0,0,0,0,1,0,1,0,0,0,0,0,1,0,0,0,1,0,0.7050373186956623
0,0,1,0,58,1,1,102.1,5885.4,1,0,1,1,0,0,0,0,0,0,1,0,1,0,1,0,1,0,0,1,0,0,0.3033712656133371
1,0,0,1,14,1,0,19.95,268.4,0,0,0,0,1,1,0,1,0,1,0,1,0,1,0,1,0,0,0,0,0,1,0.09529403533990118
1,0,1,0,27,1,0,80.85,2204.35,0,0,1,0,0,0,1,0,0,0,0,0,1,0,1,0,1,1,0,0,0,1,0.08669143420799277
0,0,1,1,14,1,1,90.9,1259.0,1,0,1,1,0,0,0,0,1,0,0,0,0,0,0,0,1,0,0,0,0,0,0.5788992384535337
0,0,1,1,12,0,0,29.2,309.1,1,1,0,0,0,0,0,0,1,0,0,0,0,0,0,0,0,0,0,0,0,1,0.3095411452812074
0,0,1,1,69,1,1,93.3,6398.05,0,0,1,1,0,0,0,0,1,0,0,0,1,0,0,0,1,0,1,0,0,0,0.04561903082628733
0,0,1,1,25,1,1,89.15,2257.75,1,0,0,1,0,0,0,0,1,0,1,0,0,0,1,0,0,0,0,0,0,0,0.4338305380708623
1,1,1,0,58,1,1,108.85,6287.25,1,0,1,1,0,0,1,0,1,0,1,0,0,0,1,0,1,1,0,0,1,0,0.26900805721067994
0,0,1,1,35,0,1,46.35,1662.05,0,1,0,0,0,0,1,0,0,0,0,0,1,0,1,0,0,0,1,1,0,0,0.033068418081428914
0,1,0,0,16,1,1,84.75,1350.15,1,0,1,1,0,0,0,0,0,0,0,0,0,0,1,0,0,0,0,0,1,0,0.7395703508393694
1,0,1,1,45,1,0,78.75,3600.65,0,0,1,0,0,0,0,0,1,0,1,0,0,0,1,0,1,1,0,1,0,0,0.07360633032345672
0,0,0,0,17,1,1,83.55,1329.15,0,0,0,1,0,0,0,0,1,0,0,0,0,0,1,0,0,0,0,0,1,0,0.5960055093558572
0,0,1,1,1,1,1,45.7,45.7,1,0,0,0,0,0,0,0,0,0,0,0,0,0,0,0,0,0,0,0,1,0,0.46737448772123075
1,0,0,0,22,1,0,19.6,422.5,0,0,0,0,1,1,0,1,0,1,0,1,0,1,0,1,0,1,0,0,0,1,0.03893030409203853
0,1,0,0,1,1,1,69.95,69.95,1,0,0,1,0,0,0,0,0,0,0,0,0,0,0,0,0,0,0,0,1,0,0.7482780105247542
1,0,1,1,67,1,0,67.85,4627.65,0,0,0,0,0,0,1,0,0,0,1,0,1,0,0,0,1,0,1,0,0,1,0.005666721885808889
0,0,1,1,67,1,1,105.65,6717.9,0,0,1,1,0,0,0,0,0,0,1,0,1,0,1,0,1,0,1,0,0,0,0.07443721074634177
0,0,1,0,2,0,0,44.6,97.1,1,1,0,0,0,0,0,0,0,0,0,0,0,0,1,0,1,0,0,0,1,0,0.7023930582076446
1,0,0,0,23,1,1,74.95,1710.45,1,0,1,1,0,0,0,0,0,0,0,0,0,0,0,0,0,0,0,0,1,0,0.5545837184537645
0,1,0,0,9,1,0,75.5,637.4,0,0,0,1,0,0,0,0,0,0,1,0,0,0,0,0,0,0,0,1,0,0,0.5227295875646446
0,0,0,0,5,1,0,20.15,117.95,0,0,0,0,1,1,0,1,0,1,0,1,0,1,0,1,0,0,0,0,0,1,0.17998930700927102
1,0,0,0,54,0,0,45.2,2460.55,0,1,0,0,0,0,1,0,0,0,0,0,1,0,1,0,0,0,1,1,0,0,0.012391752054055297
0,0,0,0,57,1,1,95.25,5464.65,1,0,0,1,0,0,0,0,0,0,1,0,0,0,1,0,1,0,1,0,1,0,0.1588638894894875
1,0,0,0,24,1,1,89.85,2165.05,1,0,1,1,0,0,0,0,0,0,1,0,0,0,1,0,0,0,0,0,0,1,0.5442948973806355
0,0,1,1,49,1,0,100.45,4941.8,1,0,1,1,0,0,0,0,1,0,0,0,0,0,1,0,1,1,0,0,0,1,0.18679456497369323
1,0,0,0,5,1,0,47.15,223.15,1,0,1,0,0,0,0,0,0,0,0,0,0,0,0,0,0,0,0,0,1,0,0.4510757849108405
1,0,0,0,2,1,1,80.2,181.1,1,0,0,1,0,0,0,0,0,0,0,0,0,0,0,0,1,0,0,0,1,0,0.733720074139955
0,0,0,1,4,1,1,87.1,341.45,1,0,1,1,0,0,0,0,0,0,1,0,1,0,0,0,0,0,0,0,0,1,0.48544447085199127
1,0,1,1,70,1,1,79.25,5731.85,0,0,1,0,0,0,1,0,1,0,1,0,1,0,1,0,0,0,1,0,0,0,0.009847914824344089
1,0,0,0,5,1,1,75.9,357.75,1,0,1,1,0,0,0,0,0,0,0,0,0,0,0,0,0,0,0,0,0,0,0.6429611809282608
1,0,1,1,53,1,0,85.7,4616.1,0,0,1,0,0,0,1,0,0,0,1,0,1,0,1,0,1,0,0,0,1,0,0.09024742237272855
0,0,1,0,47,1,1,98.75,4533.7,1,0,1,1,0,0,1,0,1,0,1,0,0,0,1,0,0,0,0,0,1,0,0.353044541347407
0,0,0,1,31,1,0,20.1,589.25,0,0,0,0,1,1,0,1,0,1,0,1,0,1,0,1,0,1,0,1,0,0,0.018918942158059043
1,0,1,1,13,1,0,61.8,750.1,0,0,0,0,0,0,0,0,1,0,1,0,1,0,0,0,0,0,0,0,0,0,0.14451160710680244
0,0,1,1,28,1,0,49.9,1410.25,0,0,1,0,0,0,0,0,0,0,0,0,0,0,0,0,0,0,0,0,0,1,0.15700839679186515
0,0,0,0,10,1,0,86.45,830.85,1,0,1,1,0,0,0,0,0,0,0,0,0,0,0,0,1,0,0,0,1,0,0.6695433884157105
1,0,1,0,38,1,0,20.4,743.5,0,0,0,0,1,1,0,1,0,1,0,1,0,1,0,1,0,0,1,0,0,0,0.01109441754979695
0,0,0,0,1,1,1,45.3,45.3,1,0,0,0,0,0,0,0,0,0,0,0,0,0,0,0,0,0,0,0,0,1,0.4291906554279131
1,0,1,0,67,1,0,104.1,7040.85,1,0,1,1,0,0,0,0,1,0,1,0,0,0,1,0,1,1,0,0,1,0,0.19986427107432503
1,0,1,0,52,1,1,75.4,3865.45,0,0,0,0,0,0,1,0,1,0,0,0,0,0,1,0,1,1,0,0,0,1,0.049173332121147474
1,0,1,1,62,1,0,108.15,6825.65,0,0,0,1,0,0,1,0,1,0,1,0,1,0,1,0,1,0,1,0,0,1,0.034858631774310776
0,0,0,0,16,1,1,86.25,1340.1,0,0,0,1,0,0,0,0,1,0,0,0,0,0,0,0,1,0,0,0,1,0,0.6087265423818988
0,1,1,0,5,1,1,81.0,371.65,1,0,1,1,0,0,0,0,1,0,0,0,0,0,0,0,0,0,0,0,1,0,0.746604161574675
1,0,0,0,12,1,0,95.7,1184.0,0,0,0,1,0,0,0,0,0,0,1,0,0,0,1,0,1,1,0,0,1,0,0.4761506202730955
0,0,1,1,72,1,1,116.85,8477.7,0,0,1,1,0,0,1,0,1,0,1,0,1,0,1,0,1,0,1,0,0,0,0.05419595380881739
1,1,0,0,71,1,0,105.75,7382.85,0,0,1,1,0,0,0,0,1,0,0,0,1,0,1,0,1,1,0,0,0,0,0.11980553377331159
0,0,1,0,24,1,0,20.15,456.85,0,0,0,0,1,1,0,1,0,1,0,1,0,1,0,1,0,1,0,0,0,1,0.03779112391423872
0,0,0,0,15,1,0,19.6,331.6,0,0,0,0,1,1,0,1,0,1,0,1,0,1,0,1,0,0,1,0,0,1,0.03472827712471124
1,0,1,0,67,1,1,90.6,6056.15,1,0,0,1,0,0,1,0,1,0,0,0,0,0,0,0,1,1,0,1,0,0,0.06294828959324347
1,0,0,1,2,1,0,60.95,134.6,0,0,1,0,0,0,1,0,1,0,0,0,0,0,0,0,0,0,0,0,0,0,0.24180343003802657
0,0,1,1,5,0,0,25.05,125.5,0,1,0,0,0,0,0,0,0,0,0,0,0,0,0,0,0,0,0,0,0,1,0.418029506548762
0,0,1,0,15,1,0,88.15,1390.6,1,0,0,1,0,0,0,0,0,0,0,0,0,0,1,0,1,0,0,0,1,0,0.662086837775541
1,0,0,0,1,1,1,20.2,20.2,1,0,0,0,1,1,0,1,0,1,0,1,0,1,0,1,0,0,0,0,0,1,0.2553689749970723
1,0,1,1,41,1,1,60.3,2511.3,0,0,0,0,0,0,1,0,1,0,1,0,0,0,0,0,0,1,0,0,0,0,0.03288154314826862
0,0,0,1,43,1,1,63.95,2737.05,0,0,0,0,0,0,1,0,1,0,0,0,0,0,0,0,1,0,0,0,1,0,0.10482112247744536
1,1,1,0,1,1,0,74.3,74.3,0,0,1,1,0,0,0,0,0,0,0,0,0,0,0,0,0,0,0,0,1,0,0.7424919880734449
0,1,0,0,1,1,1,70.6,70.6,0,0,0,1,0,0,0,0,0,0,0,0,0,0,0,0,0,0,0,0,0,1,0.6805040036146669
0,0,1,1,26,1,1,90.8,2361.8,1,0,0,1,0,0,0,0,0,0,0,0,0,0,1,0,1,0,0,0,1,0,0.5865992895974527
1,0,0,0,22,1,1,79.35,1730.35,1,0,1,1,0,0,0,0,1,0,0,0,0,0,0,0,0,0,0,0,1,0,0.5417683475948947
1,0,1,0,71,1,0,90.55,6404.0,0,0,1,0,0,0,1,0,1,0,1,0,1,0,1,0,1,0,1,0,0,0,0.013557483500048866
1,0,0,0,7,1,0,19.45,165.35,0,0,0,0,1,1,0,1,0,1,0,1,0,1,0,1,0,0,1,0,0,1,0.05046075627164471
0,1,0,0,28,1,0,64.45,1867.6,0,0,1,0,0,0,0,0,1,0,1,0,1,0,0,0,0,0,0,0,0,0,0.16542454335397272
1,1,0,0,16,1,0,69.65,1043.3,0,0,0,1,0,0,0,0,0,0,0,0,0,0,0,0,0,0,0,0,1,0,0.5496279460170799
1,0,0,0,7,1,0,19.5,128.6,0,0,0,0,1,1,0,1,0,1,0,1,0,1,0,1,0,1,0,0,0,1,0.08242215513018544
0,0,0,0,69,1,1,110.5,7455.45,0,0,1,1,0,0,0,0,1,0,1,0,1,0,1,0,1,0,1,0,0,0,0.0858937846894915
0,0,0,1,1,0,0,24.7,24.7,0,1,0,0,0,0,0,0,0,0,0,0,0,0,0,0,0,0,0,0,0,1,0.4572214506574254
1,0,0,0,3,1,1,77.4,206.15,0,0,0,0,0,0,1,0,0,0,1,0,0,0,1,0,1,0,0,0,1,0,0.48005509255644485
1,1,0,0,21,1,1,96.8,2030.3,1,0,0,1,0,0,0,0,0,0,1,0,0,0,1,0,1,0,0,0,0,0,0.6541800809071768
0,0,1,0,69,1,1,85.4,5869.4,0,0,1,1,0,0,0,0,1,0,1,0,0,0,0,0,0,0,0,0,0,0,0.17369816770398167
0,0,1,0,71,0,1,47.6,3377.8,0,1,0,0,0,0,1,0,1,0,1,0,1,0,0,0,0,0,1,0,0,0,0.0066104749497427565
0,0,1,1,69,1,0,19.4,1346.2,0,0,0,0,1,1,0,1,0,1,0,1,0,1,0,1,0,0,1,0,0,1,0.0017114820276920113
0,0,0,0,48,1,1,103.85,4946.05,0,0,1,1,0,0,0,0,0,0,1,0,1,0,1,0,1,0,0,0,1,0,0.4510607505488208
1,0,1,0,47,1,1,83.35,4065.0,1,0,1,1,0,0,0,0,1,0,1,0,0,0,0,0,0,0,0,0,0,0,0.30439024700509565
0,0,0,0,2,1,1,49.4,106.55,1,0,1,0,0,0,0,0,0,0,0,0,0,0,0,0,0,0,0,0,1,0,0.5570132065637515
1,0,0,0,45,1,1,108.45,4964.7,0,0,1,1,0,0,1,0,0,0,1,0,1,0,1,0,1,0,0,1,0,0,0.29117246763134613
1,0,0,0,51,1,0,81.0,4085.75,0,0,1,1,0,0,0,0,1,0,0,0,0,0,0,0,0,0,0,0,0,0,0.20069017623003838
0,0,1,0,22,1,1,79.2,1742.75,1,0,1,0,0,0,1,0,0,0,0,0,1,0,1,0,1,0,0,0,1,0,0.3101510956415619
1,0,0,0,72,1,0,86.65,6224.8,0,0,1,0,0,0,1,0,1,0,1,0,1,0,1,0,1,0,1,0,0,0,0.011981039602495564
1,0,1,1,37,1,1,92.95,3415.25,0,0,1,1,0,0,0,0,1,0,1,0,0,0,1,0,0,0,0,0,1,0,0.46190390090109473
1,0,1,1,71,1,0,90.35,6325.25,0,0,1,0,0,0,1,0,1,0,1,0,1,0,1,0,1,0,1,0,1,0,0.013955822004664224
1,0,1,1,7,1,0,48.7,340.25,1,0,0,0,0,0,0,0,0,0,1,0,0,0,0,0,0,0,0,0,1,0,0.33098120744456017
0,0,0,0,66,1,1,25.15,1683.6,0,0,1,0,1,1,0,1,0,1,0,1,0,1,0,1,0,0,1,1,0,0,0.004044274268324565
1,0,1,1,51,1,1,76.4,3966.3,0,0,0,0,0,0,1,0,0,0,0,0,1,0,1,0,1,1,0,0,0,0,0.03412055592334351
0,0,1,1,30,1,0,19.55,608.5,0,0,0,0,1,1,0,1,0,1,0,1,0,1,0,1,0,1,0,0,0,0,0.024128602409596415
0,0,0,0,34,1,0,85.35,2896.6,0,0,1,1,0,0,0,0,0,0,0,0,0,0,1,0,0,0,0,0,1,0,0.478994125232114
1,0,1,1,64,1,1,24.8,1514.85,0,0,1,0,1,1,0,1,0,1,0,1,0,1,0,1,0,0,1,0,0,1,0.003808364959100613
1,1,1,0,65,1,1,103.15,6792.45,0,0,1,1,0,0,0,0,1,0,1,0,0,0,1,0,1,1,0,0,0,0,0.25491627443672044
1,0,0,0,47,1,0,100.75,4669.2,0,0,1,1,0,0,1,0,1,0,0,0,1,0,1,0,0,0,0,0,0,1,0.15887225753763476
0,0,0,0,1,1,1,95.6,95.6,1,0,0,1,0,0,1,0,0,0,0,0,0,0,1,0,1,0,0,0,1,0,0.701360938945023
0,0,0,0,49,1,1,59.75,2934.3,1,0,1,0,0,0,1,0,1,0,0,0,0,0,0,0,0,0,0,1,0,0,0.06583412477800672
0,0,1,1,67,1,0,94.1,6302.8,0,0,1,1,0,0,0,0,1,0,0,0,1,0,1,0,0,0,1,1,0,0,0.03296065526564877
1,0,0,1,39,1,0,19.35,779.2,0,0,0,0,1,1,0,1,0,1,0,1,0,1,0,1,0,1,0,0,0,0,0.013939685199214829
1,0,0,0,14,1,0,19.9,283.75,0,0,0,0,1,1,0,1,0,1,0,1,0,1,0,1,0,0,0,0,0,1,0.11638081372395141
0,1,0,0,43,1,1,108.15,4600.7,1,0,0,1,0,0,1,0,1,0,0,0,1,0,1,0,1,0,0,1,0,0,0.2779042295573972
1,1,0,0,56,1,1,101.05,5594.0,0,0,1,1,0,0,0,0,0,0,1,0,0,0,1,0,1,0,0,0,1,0,0.5396183600162086
0,0,0,0,14,1,0,59.1,772.85,0,0,0,0,0,0,0,0,0,0,0,0,1,0,0,0,1,1,0,1,0,0,0.10967768531276631
0,0,0,0,1,1,0,71.35,71.35,1,0,0,1,0,0,0,0,0,0,0,0,0,0,0,0,0,0,0,0,1,0,0.632518465382137
1,0,1,1,16,1,1,55.85,857.8,0,0,0,0,0,0,1,0,1,0,0,0,0,0,0,0,0,1,0,0,0,1,0.07927062889901636
1,0,1,1,70,1,1,106.05,7554.05,0,0,1,1,0,0,1,0,1,0,0,0,0,0,1,0,1,0,0,0,1,0,0.26025808614684137
1,1,1,0,72,1,1,84.1,5981.65,0,0,1,0,0,0,1,0,1,0,1,0,0,0,1,0,1,0,1,1,0,0,0.025729377018557216
0,0,1,1,23,1,1,75.3,1702.9,0,0,0,1,0,0,0,0,0,0,1,0,0,0,0,0,0,0,0,1,0,0,0.3629186704864302
1,0,0,1,21,1,0,24.7,467.15,0,0,1,0,1,1,0,1,0,1,0,1,0,1,0,1,0,0,0,0,0,1,0.0845512494591309
0,0,0,0,1,1,1,20.15,20.15,1,0,0,0,1,1,0,1,0,1,0,1,0,1,0,1,0,0,0,0,0,1,0.2617276626788059
1,0,0,1,1,1,0,69.75,69.75,1,0,0,1,0,0,0,0,0,0,0,0,0,0,0,0,0,0,0,0,0,0,0.5093310713034535
0,1,1,0,32,1,1,93.2,2931.0,1,0,1,1,0,0,0,0,0,0,0,0,0,0,1,0,1,0,0,0,1,0,0.7093404783274904
1,0,1,1,17,1,0,80.85,1400.85,1,0,0,1,0,0,0,0,0,0,0,0,0,0,1,0,0,0,0,0,1,0,0.5090439409618257
0,0,0,0,4,0,1,33.65,137.85,1,1,0,0,0,0,1,0,1,0,0,0,0,0,0,0,0,0,0,0,1,0,0.4859493814079722
0,0,0,0,36,1,0,55.8,1941.5,0,0,1,0,0,0,0,0,0,0,1,0,0,0,0,0,0,1,0,0,1,0,0.09298563905598564
0,0,0,0,50,0,0,39.7,1932.75,0,1,0,0,0,0,0,0,1,0,1,0,1,0,0,0,0,0,1,1,0,0,0.014916898804531438
0,0,1,1,48,0,1,29.5,1423.05,0,1,0,0,0,0,0,0,0,0,0,0,1,0,0,0,0,0,0,1,0,0,0.06370048786254402
0,0,0,1,50,1,0,20.15,970.85,0,0,0,0,1,1,0,1,0,1,0,1,0,1,0,1,0,0,1,1,0,0,0.0041096785700635375
1,0,1,0,72,1,0,79.55,5810.9,0,0,1,0,0,0,1,0,1,0,1,0,1,0,0,0,1,0,1,1,0,0,0.0075831974399488185
1,0,0,1,10,1,0,24.8,223.9,0,0,1,0,1,1,0,1,0,1,0,1,0,1,0,1,0,0,0,1,0,0,0.13241428836647934
0,0,0,0,18,1,0,19.65,391.7,0,0,0,0,1,1,0,1,0,1,0,1,0,1,0,1,0,0,0,0,0,1,0.10019400192226104
1,0,0,0,1,1,1,79.95,79.95,1,0,0,1,0,0,0,0,0,0,0,0,0,0,1,0,0,0,0,0,1,0,0.7363329623387466
0,0,0,0,1,1,0,19.3,19.3,1,0,0,0,1,1,0,1,0,1,0,1,0,1,0,1,0,0,0,0,1,0,0.273882848882998
1,0,0,0,9,1,1,94.05,811.65,0,0,0,1,0,0,0,0,0,0,1,0,0,0,1,0,1,0,0,0,1,0,0.7328635143016025
1,0,0,0,2,1,0,90.75,174.75,0,0,1,1,0,0,1,0,0,0,0,0,0,0,0,0,1,0,0,0,0,1,0.5438190938049585
0,0,1,0,40,1,1,78.85,3126.85,0,0,1,1,0,0,0,0,0,0,0,0,1,0,0,0,0,0,0,1,0,0,0.2535903008930289
1,0,1,0,69,1,0,99.5,6841.45,0,0,1,1,0,0,0,0,0,0,1,0,0,0,1,0,1,1,0,0,0,0,0.1522191201008202
0,0,1,0,37,1,1,99.2,3754.6,1,0,1,1,0,0,1,0,0,0,1,0,1,0,0,0,1,1,0,0,1,0,0.21515543495375264
1,0,0,1,18,1,1,80.55,1406.65,0,0,1,1,0,0,0,0,0,0,1,0,0,0,0,0,0,0,0,1,0,0,0.4441556592438124
1,1,1,0,11,1,1,70.2,834.7,0,0,0,1,0,0,0,0,0,0,0,0,0,0,0,0,0,0,0,0,1,0,0.6786598083023927
0,0,1,0,8,1,1,85.2,627.4,1,0,1,1,0,0,0,0,0,0,0,0,0,0,0,0,1,0,0,1,0,0,0.6677084573728972
0,0,0,0,3,1,0,75.25,242.0,1,0,1,1,0,0,0,0,0,0,0,0,0,0,0,0,0,0,0,0,1,0,0.6696177035398071
1,0,1,1,55,1,0,59.45,3157.0,0,0,0,0,0,0,1,0,0,0,0,0,0,0,0,0,1,1,0,1,0,0,0.017734605006825287
1,0,1,0,33,1,1,93.35,3092.0,0,0,1,1,0,0,0,0,1,0,1,0,0,0,0,0,1,0,0,0,1,0,0.5537578749851395
0,0,0,0,46,1,0,44.95,2168.9,0,0,0,0,0,0,0,0,0,0,0,0,0,0,0,0,0,0,0,0,0,0,0.0756217220680902
1,0,0,0,34,1,0,26.1,980.35,0,0,1,0,1,1,0,1,0,1,0,1,0,1,0,1,0,0,1,0,0,0,0.017651073376690366
0,0,0,0,3,1,0,20.2,65.95,0,0,0,0,1,1,0,1,0,1,0,1,0,1,0,1,0,0,0,0,1,0,0.2520783360631494
1,0,1,1,30,1,0,21.25,711.9,0,0,0,0,1,1,0,1,0,1,0,1,0,1,0,1,0,0,1,0,0,1,0.013234990265235445
0,0,0,0,33,1,0,59.4,1952.8,0,0,1,0,0,0,1,0,0,0,0,0,1,0,0,0,0,1,0,0,1,0,0.05056922709102338
1,0,1,1,45,1,1,95.0,4368.85,0,0,1,1,0,0,0,0,1,0,1,0,0,0,0,0,1,1,0,1,0,0,0.1844039702911651
1,0,0,0,40,1,1,61.9,2647.1,0,0,0,0,0,0,1,0,1,0,0,0,1,0,0,0,0,0,0,0,0,1,0.055568715377130005
0,0,0,0,71,1,1,118.65,8477.6,0,0,1,1,0,0,1,0,1,0,1,0,1,0,1,0,1,0,1,0,1,0,0.08477407636677588
1,0,0,0,1,1,0,54.35,54.35,1,0,1,0,0,0,0,0,0,0,1,0,0,0,0,0,0,0,0,0,1,0,0.4859904395574441
0,0,1,1,72,0,0,64.45,4528.0,0,1,0,0,0,0,1,0,1,0,1,0,1,0,1,0,1,0,1,0,0,0,0.008936402079164461
0,0,1,1,22,1,1,80.15,1790.65,0,0,0,1,0,0,0,0,0,0,0,0,0,0,0,0,1,0,0,0,1,0,0.5474298775674017
1,0,1,1,46,1,1,20.2,845.6,0,0,0,0,1,1,0,1,0,1,0,1,0,1,0,1,0,1,0,0,0,0,0.012899715747491571
0,0,1,1,55,1,0,21.0,1210.3,0,0,0,0,1,1,0,1,0,1,0,1,0,1,0,1,0,0,1,0,0,1,0.0036860813060568304
1,0,0,0,1,1,0,20.45,20.45,0,0,0,0,1,1,0,1,0,1,0,1,0,1,0,1,0,0,0,0,0,1,0.20655888942717351
0,0,0,0,12,1,1,75.85,854.45,0,0,1,0,0,0,0,0,0,0,0,0,1,0,1,0,1,1,0,0,0,1,0.23547484710578498
1,0,0,0,31,1,1,80.45,2429.1,0,0,1,1,0,0,0,0,1,0,0,0,0,0,0,0,0,0,0,0,1,0,0.45996897700160494
1,0,1,0,5,0,1,24.95,100.4,1,1,0,0,0,0,0,0,0,0,0,0,0,0,0,0,0,0,0,0,1,0,0.6102789845226377
0,0,1,1,67,1,1,75.5,5229.45,0,0,1,0,0,0,1,0,0,0,0,0,0,0,1,0,1,0,1,0,1,0,0.029760619995154596
1,0,0,0,1,1,0,44.45,44.45,0,0,0,0,0,0,0,0,0,0,0,0,0,0,0,0,0,0,0,0,0,1,0.3582253866495371
1,0,1,0,40,0,1,42.35,1716.45,1,1,0,0,0,0,1,0,1,0,1,0,0,0,0,0,0,1,0,0,1,0,0.0764112456822179
1,0,1,1,41,1,1,74.55,3023.55,0,0,1,0,0,0,1,0,1,0,1,0,0,0,1,0,0,0,0,1,0,0,0.10449829121285203
1,0,0,0,1,1,1,75.3,75.3,1,0,1,1,0,0,0,0,0,0,0,0,0,0,0,0,0,0,0,0,1,0,0.7337069976970375
1,0,0,0,51,1,1,94.8,4837.6,1,0,1,1,0,0,1,0,1,0,0,0,0,0,1,0,0,1,0,0,1,0,0.17213216050664779
1,0,1,1,42,0,0,48.15,2032.3,0,1,0,0,0,0,1,0,0,0,1,0,1,0,1,0,0,0,1,1,0,0,0.018473970365959325
1,0,1,1,23,1,0,19.65,436.9,0,0,0,0,1,1,0,1,0,1,0,1,0,1,0,1,0,1,0,0,0,1,0.031360161282212
0,1,0,0,1,1,1,70.55,70.55,1,0,0,1,0,0,0,0,0,0,0,0,0,0,0,0,0,0,0,0,1,0,0.7472087929731157
0,0,0,0,1,1,0,20.15,20.15,0,0,0,0,1,1,0,1,0,1,0,1,0,1,0,1,0,0,0,0,0,1,0.21244320924968937
0,0,0,0,56,1,1,106.6,5893.95,0,0,1,1,0,0,1,0,1,0,0,0,0,0,1,0,1,0,0,1,0,0,0.2830737075704226
1,0,0,1,15,1,1,91.0,1430.05,0,0,1,1,0,0,0,0,1,0,0,0,0,0,1,0,0,0,0,0,1,0,0.6180789742690475
1,0,1,1,12,1,1,25.4,313.0,0,0,1,0,1,1,0,1,0,1,0,1,0,1,0,1,0,0,1,0,0,0,0.0565815357585311
0,0,1,1,54,1,0,69.95,3871.85,0,0,0,0,0,0,1,0,0,0,1,0,1,0,0,0,1,0,1,0,0,0,0.01033313534202982
0,0,0,0,7,1,1,66.85,458.1,0,0,0,0,0,0,0,0,0,0,0,0,0,0,1,0,1,0,0,0,1,0,0.5672219512726222
0,0,1,1,33,1,0,86.15,2745.7,1,0,1,1,0,0,0,0,0,0,0,0,0,0,0,0,1,0,0,1,0,0,0.34756421476978366
1,0,1,1,16,1,0,20.15,341.35,0,0,0,0,1,1,0,1,0,1,0,1,0,1,0,1,0,0,0,0,1,0,0.1221993401165059
0,0,0,1,21,1,0,64.85,1336.8,0,0,0,0,0,0,1,0,0,0,1,0,0,0,0,0,1,1,0,0,0,1,0.07333222634408618
1,1,1,0,30,1,0,74.85,2181.75,0,0,1,0,0,0,0,0,0,0,1,0,0,0,1,0,1,0,1,0,1,0,0.1639048905413718
1,0,0,0,3,1,1,50.5,147.75,0,0,0,0,0,0,0,0,0,0,0,0,1,0,0,0,0,0,0,0,0,1,0.30372379492692225
1,0,0,0,11,1,0,72.9,818.45,0,0,0,1,0,0,0,0,0,0,1,0,0,0,0,0,0,0,0,0,1,0,0.5398881948526535
0,0,0,0,62,1,1,115.05,7133.45,0,0,1,1,0,0,1,0,1,0,1,0,1,0,1,0,1,1,0,1,0,0,0.11039376380663933
1,0,0,0,18,1,0,19.0,348.8,0,0,0,0,1,1,0,1,0,1,0,1,0,1,0,1,0,0,0,0,1,0,0.12927851206129057
1,0,0,1,6,1,0,19.55,128.6,0,0,0,0,1,1,0,1,0,1,0,1,0,1,0,1,0,0,0,0,0,1,0.13975482497092898
0,0,0,0,46,1,1,101.1,4674.4,0,0,1,1,0,0,0,0,0,0,1,0,0,0,1,0,1,1,0,0,1,0,0.3745722297141756
1,0,0,0,21,1,1,84.1,1737.45,0,0,1,1,0,0,0,0,0,0,0,0,0,0,0,0,1,0,0,0,1,0,0.645201163069137
1,0,0,0,68,1,1,24.15,1498.85,0,0,1,0,1,1,0,1,0,1,0,1,0,1,0,1,0,0,1,0,0,0,0.0037769264813141286
0,0,0,0,1,1,1,50.1,50.1,0,0,1,0,0,0,0,0,0,0,0,0,0,0,0,0,0,0,0,0,1,0,0.5656088565042183
0,0,1,0,25,1,1,74.6,1797.75,0,0,0,1,0,0,0,0,0,0,1,0,0,0,0,0,0,0,0,0,1,0,0.49304504952332906
0,0,0,1,24,1,0,19.75,498.1,0,0,0,0,1,1,0,1,0,1,0,1,0,1,0,1,0,0,1,0,0,1,0.01755205646142718
0,0,1,0,30,1,1,85.0,2624.25,1,0,1,1,0,0,0,0,0,0,0,0,0,0,0,0,1,0,0,0,1,0,0.6014860692913255
0,0,0,0,2,1,0,80.55,184.1,1,0,0,1,0,0,0,0,0,0,0,0,0,0,0,0,1,0,0,0,1,0,0.6836357263682746
1,0,1,0,51,1,1,106.8,5498.8,0,0,1,1,0,0,0,0,1,0,1,0,0,0,1,0,1,1,0,0,0,0,0.2813046965433845
0,0,1,1,57,1,1,84.5,4845.4,0,0,1,0,0,0,1,0,0,0,1,0,1,0,1,0,1,0,1,0,1,0,0.030834985997362792
0,0,0,0,15,1,0,25.05,369.1,0,0,1,0,1,1,0,1,0,1,0,1,0,1,0,1,0,0,1,0,0,0,0.0455685880150542
0,0,1,1,72,1,1,83.7,6096.9,0,0,0,0,0,0,1,0,1,0,1,0,1,0,1,0,1,0,1,0,0,0,0.010425198766926474
0,0,0,0,2,1,1,75.8,160.75,1,0,0,1,0,0,0,0,0,0,1,0,0,0,0,0,0,0,0,0,1,0,0.6829442208533577
1,0,1,0,28,1,0,96.6,2684.35,0,0,1,1,0,0,0,0,1,0,1,0,0,0,1,0,0,0,0,1,0,0,0.417105752558329
1,1,1,0,29,1,1,98.5,3004.15,1,0,1,1,0,0,0,0,0,0,1,0,0,0,1,0,1,0,0,0,1,0,0.7375712805589678
1,0,1,1,70,1,1,101.1,6994.8,0,0,0,1,0,0,1,0,1,0,1,0,1,0,1,0,0,0,1,1,0,0,0.021612068442656934
0,0,0,0,13,1,0,20.2,273.25,0,0,0,0,1,1,0,1,0,1,0,1,0,1,0,1,0,1,0,0,0,1,0.06333551219138539
0,1,1,0,59,1,1,94.05,5483.9,0,0,1,1,0,0,1,0,1,0,1,0,1,0,0,0,0,1,0,0,1,0,0.10261458866044704
1,1,1,0,13,1,1,95.25,1233.65,1,0,1,1,0,0,0,0,0,0,0,0,0,0,1,0,1,0,0,0,1,0,0.8086187152498878
1,1,1,0,7,1,1,74.4,527.9,1,0,1,1,0,0,0,0,0,0,0,0,0,0,0,0,0,0,0,0,0,1,0.6875742897541378
0,0,1,0,62,1,0,81.0,4985.9,0,0,0,0,0,0,1,0,0,0,1,0,1,0,1,0,1,0,1,0,0,1,0.013187998425281629
0,0,0,0,21,1,1,60.25,1258.35,0,0,0,0,0,0,1,0,0,0,1,0,1,0,0,0,0,1,0,0,1,0,0.08217960480497365
0,0,0,0,2,1,0,60.85,111.4,0,0,0,0,0,0,0,0,0,0,1,0,0,0,0,0,1,0,0,0,1,0,0.48654605222808184
0,0,0,0,1,1,0,43.95,43.95,0,0,0,0,0,0,0,0,0,0,0,0,0,0,0,0,0,0,0,1,0,0,0.3504161772962797
1,0,0,0,4,1,0,86.05,308.1,0,0,0,1,0,0,0,0,0,0,1,0,0,0,0,0,1,0,0,0,1,0,0.6525363889975714
0,0,0,0,19,1,0,20.25,383.65,0,0,0,0,1,1,0,1,0,1,0,1,0,1,0,1,0,1,0,1,0,0,0.04367656705401135
0,0,0,0,30,1,0,85.15,2555.9,1,0,0,1,0,0,0,0,0,0,0,0,1,0,1,0,0,0,0,0,1,0,0.35617614690522725
1,0,1,1,67,1,1,19.4,1284.2,0,0,0,0,1,1,0,1,0,1,0,1,0,1,0,1,0,0,1,1,0,0,0.0022364630341867686
1,1,1,0,72,1,1,102.65,7550.3,0,0,1,1,0,0,1,0,1,0,1,0,0,0,0,0,1,0,1,1,0,0,0.06668668494222607
1,0,1,0,53,1,0,19.9,1110.05,0,0,0,0,1,1,0,1,0,1,0,1,0,1,0,1,0,0,1,1,0,0,0.004553096642355638
0,0,0,0,5,1,0,19.55,99.6,0,0,0,0,1,1,0,1,0,1,0,1,0,1,0,1,0,1,0,0,1,0,0.12550768898635595
1,1,1,0,71,1,1,95.5,6707.15,0,0,0,1,0,0,0,0,1,0,1,0,1,0,0,0,1,0,1,1,0,0,0.04697055705718364
0,0,1,1,50,1,1,84.15,4164.4,0,0,1,0,0,0,0,0,1,0,1,0,1,0,1,0,1,1,0,1,0,0,0.05862897063688997
1,0,1,1,56,1,1,103.2,5873.75,0,0,1,1,0,0,0,0,0,0,1,0,1,0,1,0,1,0,1,0,1,0,0.1336923309722857
1,0,0,0,2,1,1,50.2,109.25,0,0,0,0,0,0,0,0,0,0,0,0,1,0,0,0,0,0,0,1,0,0,0.29921805265458934
0,1,0,0,2,1,1,88.55,179.25,1,0,1,1,0,0,0,0,0,0,1,0,0,0,0,0,1,0,0,0,1,0,0.8201749670070586
1,0,1,1,24,1,0,54.75,1338.15,1,0,1,0,0,0,1,0,0,0,0,0,0,0,0,0,0,0,0,0,1,0,0.1653176966537881
1,0,1,1,46,1,0,19.95,862.4,0,0,0,0,1,1,0,1,0,1,0,1,0,1,0,1,0,0,1,1,0,0,0.005123279407585105
1,0,1,0,71,1,1,116.25,8564.75,0,0,1,1,0,0,1,0,1,0,1,0,1,0,1,0,1,0,1,0,1,0,0.09009700518355722
0,0,0,0,29,0,1,31.2,926.2,0,1,0,0,0,0,0,0,0,0,0,0,1,0,0,0,0,0,0,0,1,0,0.23735914775223454
1,0,1,1,69,1,0,24.45,1718.2,0,0,1,0,1,1,0,1,0,1,0,1,0,1,0,1,0,0,1,0,0,0,0.0024430963223755564
1,0,1,0,71,1,0,84.2,5956.85,0,0,1,0,0,0,0,0,1,0,1,0,1,0,1,0,1,0,1,1,0,0,0.016441081582564753
0,1,0,0,1,1,1,91.3,91.3,1,0,0,1,0,0,0,0,0,0,0,0,0,0,1,0,1,0,0,0,1,0,0.8255075038199033
1,1,1,0,56,1,1,85.65,4824.45,0,0,0,0,0,0,1,0,1,0,1,0,1,0,1,0,1,0,1,0,0,0,0.027334598276374744
1,0,0,1,56,1,1,21.2,1238.65,0,0,0,0,1,1,0,1,0,1,0,1,0,1,0,1,0,1,0,0,0,1,0.007218124158040722
1,0,0,0,1,1,1,79.5,79.5,1,0,0,1,0,0,0,0,0,0,0,0,0,0,1,0,0,0,0,0,1,0,0.7371575294616404
0,0,1,0,28,1,0,25.55,672.2,0,0,1,0,1,1,0,1,0,1,0,1,0,1,0,1,0,1,0,0,0,1,0.03944005950798595
0,0,1,1,19,1,0,20.2,382.2,0,0,0,0,1,1,0,1,0,1,0,1,0,1,0,1,0,0,0,0,0,1,0.08081309388912566
1,0,1,0,66,1,0,63.85,4264.6,0,0,1,0,0,0,0,0,0,0,0,0,1,0,0,0,1,0,0,0,1,0,0.06266379884958316
0,0,1,1,17,1,1,61.95,1070.7,0,0,1,0,0,0,0,0,0,0,1,0,1,0,0,0,0,1,0,0,0,1,0.11103367040810636
1,0,1,1,52,1,0,25.75,1345.85,0,0,1,0,1,1,0,1,0,1,0,1,0,1,0,1,0,0,1,0,0,1,0.00552644172629813
0,0,0,0,19,1,0,58.2,1045.25,0,0,0,0,0,0,0,0,1,0,0,0,0,0,1,0,0,1,0,0,1,0,0.16592074469737175
0,0,0,0,36,1,0,85.85,3003.55,0,0,0,0,0,0,1,0,1,0,1,0,1,0,1,0,1,1,0,0,0,0,0.04906729354292433
1,1,1,0,7,1,1,70.1,467.55,1,0,0,1,0,0,0,0,0,0,0,0,0,0,0,0,0,0,0,0,0,1,0.6329784307992526
1,0,1,1,72,1,1,104.9,7537.5,0,0,1,1,0,0,1,0,1,0,1,0,1,0,0,0,1,1,0,1,0,0,0.048311526124302284
1,0,1,1,67,1,1,111.3,7482.1,1,0,1,1,0,0,1,0,1,0,1,0,0,0,1,0,1,1,0,0,1,0,0.1588244425894819
1,1,0,0,34,1,1,99.85,3343.15,0,0,0,1,0,0,0,0,1,0,1,0,0,0,1,0,1,1,0,0,1,0,0.42216298454945184
1,1,1,0,57,1,1,95.25,5427.05,1,0,1,1,0,0,0,0,1,0,1,0,0,0,0,0,1,0,0,0,0,0,0.3742753056969372
0,0,1,0,7,1,1,86.25,587.1,1,0,0,1,0,0,0,0,0,0,1,0,0,0,1,0,0,0,0,0,1,0,0.7057532841693432
0,1,1,0,1,1,1,100.8,100.8,1,0,1,1,0,0,0,0,0,0,1,0,0,0,1,0,1,0,0,0,1,0,0.859001072050786
1,0,1,0,8,1,1,19.55,161.15,0,0,0,0,1,1,0,1,0,1,0,1,0,1,0,1,0,0,0,0,0,0,0.209629187396081
0,0,0,0,69,1,0,104.0,7028.5,0,0,1,1,0,0,0,0,0,0,1,0,1,0,1,0,1,0,1,0,1,0,0.08614000657405602
0,0,1,0,50,1,1,104.4,5232.9,0,0,1,1,0,0,1,0,0,0,1,0,0,0,1,0,1,1,0,0,0,1,0.21627159279444327
1,0,0,0,10,1,0,19.5,225.85,0,0,0,0,1,1,0,1,0,1,0,1,0,1,0,1,0,1,0,0,0,1,0.07194557654593893
0,0,1,1,12,1,0,25.25,274.7,0,0,1,0,1,1,0,1,0,1,0,1,0,1,0,1,0,0,1,1,0,0,0.039407356298732696
0,0,0,0,14,1,1,86.3,1180.95,1,0,0,1,0,0,0,0,1,0,0,0,0,0,0,0,1,0,0,0,1,0,0.6249887782210766
0,0,1,0,70,0,1,49.85,3370.2,0,1,0,0,0,0,1,0,0,0,1,0,1,0,0,0,1,0,1,0,0,0,0.010332870371243707
0,1,0,0,64,1,1,108.95,7111.3,0,0,1,1,0,0,1,0,0,0,1,0,1,0,1,0,1,0,0,0,0,0,0.2815205224608162
0,0,1,1,66,1,0,89.9,5958.85,0,0,1,0,0,0,1,0,1,0,1,0,1,0,1,0,1,0,1,1,0,0,0.011697732158546414
0,0,1,1,71,1,1,82.0,5999.85,0,0,0,0,0,0,1,0,0,0,1,0,1,0,1,0,1,0,1,1,0,0,0.010331610009387919
1,1,0,0,20,1,0,89.95,1648.45,0,0,0,1,0,0,0,0,0,0,0,0,0,0,1,0,1,0,0,0,1,0,0.6494926887637171
1,0,1,0,72,1,1,79.35,5753.25,0,0,0,0,0,0,1,0,1,0,0,0,1,0,1,0,1,0,1,0,0,0,0.011470956991773031
0,0,1,1,71,1,0,64.05,4492.9,0,0,0,0,0,0,1,0,1,0,1,0,1,0,0,0,0,0,1,1,0,0,0.002836530218401951
1,0,1,1,38,1,1,101.15,3956.7,0,0,1,1,0,0,0,0,0,0,1,0,0,0,1,0,1,0,0,1,0,0,0.47279769933957355
0,0,0,0,28,1,1,89.95,2625.55,1,0,1,1,0,0,0,0,1,0,0,0,0,0,0,0,1,0,0,0,1,0,0.5886926993253097
1,1,1,0,17,1,1,76.45,1233.4,1,0,0,1,0,0,0,0,1,0,0,0,0,0,0,0,0,0,0,0,1,0,0.5940341855308302
1,0,0,0,33,0,1,39.1,1309.0,0,1,0,0,0,0,0,0,1,0,0,0,0,0,1,0,0,1,0,0,1,0,0.1790144103697303
0,0,1,1,23,0,0,34.6,813.45,0,1,0,0,0,0,1,0,0,0,0,0,1,0,0,0,0,0,1,0,0,1,0.03426038071081022
1,0,1,1,58,1,1,19.55,1108.8,0,0,0,0,1,1,0,1,0,1,0,1,0,1,0,1,0,1,0,0,1,0,0.009110957713609468
0,1,1,0,70,1,1,104.45,7349.35,0,0,1,1,0,0,0,0,1,0,0,0,1,0,1,0,1,0,1,0,0,0,0.10772439323213023
1,0,1,0,4,1,0,70.5,294.2,0,0,0,1,0,0,0,0,0,0,0,0,0,0,0,0,0,0,0,0,1,0,0.612807821464989
1,0,1,1,45,1,0,20.35,929.2,0,0,0,0,1,1,0,1,0,1,0,1,0,1,0,1,0,0,1,0,0,1,0.005930655928882898
1,0,0,0,10,1,1,70.0,740.0,1,0,0,1,0,0,0,0,0,0,0,0,0,0,0,0,0,0,0,0,1,0,0.6154629329439293
1,0,1,1,36,1,0,19.45,754.5,0,0,0,0,1,1,0,1,0,1,0,1,0,1,0,1,0,0,1,1,0,0,0.008953650557467635
1,0,0,0,54,1,1,69.9,3883.3,0,0,0,0,0,0,1,0,1,0,0,0,1,0,1,0,0,0,0,0,0,1,0.0459116047895793
1,0,1,1,23,1,0,59.7,1414.2,0,0,1,0,0,0,0,0,1,0,0,0,1,0,0,0,0,0,1,0,0,1,0.03733159206478
0,0,1,1,41,1,1,78.35,3211.2,0,0,1,0,0,0,1,0,1,0,1,0,0,0,1,0,0,1,0,1,0,0,0.05481602079032567
1,1,0,0,5,1,1,71.45,371.6,0,0,0,1,0,0,0,0,0,0,0,0,0,0,0,0,0,0,0,0,0,1,0.6390384806270663
1,0,1,1,27,0,1,45.85,1246.4,0,1,0,0,0,0,0,0,1,0,1,0,0,0,0,0,1,1,0,1,0,0,0.14449233775510362
0,0,0,0,1,1,1,95.85,95.85,0,0,0,1,0,0,0,0,0,0,0,0,1,0,1,0,1,0,0,0,1,0,0.706161901216106
0,0,1,1,67,0,0,35.7,2545.7,0,1,0,0,0,0,1,0,0,0,0,0,1,0,0,0,0,0,1,1,0,0,0.004119767010130313
0,1,1,1,72,1,1,89.55,6448.85,0,0,1,0,0,0,1,0,1,0,1,0,1,0,1,0,1,0,1,1,0,0,0.01623755826162678
0,0,1,1,56,1,1,24.95,1468.9,0,0,1,0,1,1,0,1,0,1,0,1,0,1,0,1,0,0,1,1,0,0,0.005772295071444797
1,0,1,1,44,1,0,24.85,1013.6,0,0,1,0,1,1,0,1,0,1,0,1,0,1,0,1,0,1,0,0,1,0,0.01889887202232055
0,1,1,0,66,1,1,100.8,6690.75,0,0,1,1,0,0,0,0,1,0,0,0,0,0,1,0,1,0,0,0,1,0,0.4722575617829583
0,0,0,0,34,1,1,64.4,2088.75,1,0,1,0,0,0,1,0,1,0,0,0,1,0,0,0,0,1,0,0,0,1,0.04202364160993107
0,0,1,0,69,1,0,105.35,7240.65,0,0,1,1,0,0,0,0,0,0,1,0,1,0,1,0,1,0,1,0,0,0,0.07375515922532962
0,0,1,1,1,1,1,102.45,102.45,1,0,1,1,0,0,1,0,0,0,1,0,0,0,1,0,1,0,0,0,1,0,0.7137016136667519
0,0,0,0,40,1,0,19.65,830.25,0,0,0,0,1,1,0,1,0,1,0,1,0,1,0,1,0,0,1,1,0,0,0.008837343020672546
1,0,1,1,30,1,1,54.45,1588.7,0,0,1,0,0,0,1,0,0,0,0,0,0,0,0,0,0,0,0,0,0,0,0.13121510891912716
0,0,0,0,11,1,0,70.5,829.3,0,0,0,0,0,0,0,0,0,0,0,0,1,0,1,0,1,0,0,0,0,1,0.29685314707966165
0,0,0,0,15,1,0,20.1,302.45,0,0,0,0,1,1,0,1,0,1,0,1,0,1,0,1,0,1,0,1,0,0,0.05347533251909368
1,0,0,0,11,1,1,69.35,712.25,0,0,0,0,0,0,0,0,0,0,1,0,0,0,1,0,1,0,0,0,1,0,0.5203078223086846
0,0,1,1,64,1,0,19.8,1336.65,0,0,0,0,1,1,0,1,0,1,0,1,0,1,0,1,0,1,0,0,0,0,0.004125945637462821
1,1,1,0,72,1,0,74.4,5360.75,0,0,0,0,0,0,1,0,1,0,1,0,1,0,1,0,0,0,1,0,0,0,0.007711435781462901
1,1,1,0,72,1,1,93.05,6735.05,0,0,1,1,0,0,1,0,1,0,1,0,1,0,0,0,0,0,1,0,0,0,0.03286233017491077
0,0,0,1,1,1,0,51.2,51.2,0,0,0,0,0,0,1,0,0,0,0,0,0,0,0,0,0,0,0,0,0,1,0.2257944491962137
0,0,0,1,15,1,0,65.6,1010.0,0,0,0,0,0,0,1,0,1,0,1,0,1,0,0,0,0,1,0,1,0,0,0.04103380270531403
0,0,0,0,60,1,0,80.55,4847.05,0,0,1,0,0,0,0,0,0,0,1,0,1,0,1,0,1,1,0,1,0,0,0.04099355952257389
1,0,0,0,56,1,0,52.7,3019.7,0,0,0,0,0,0,1,0,0,0,1,0,0,0,0,0,0,1,0,0,0,1,0.015911211932040613
0,0,0,0,8,1,0,20.85,161.65,0,0,0,0,1,1,0,1,0,1,0,1,0,1,0,1,0,0,1,0,0,1,0.04852650702283724
0,0,0,0,3,1,0,80.1,217.55,1,0,0,1,0,0,0,0,0,0,1,0,1,0,0,0,0,0,0,1,0,0,0.4103191770615018
0,0,1,0,49,1,1,52.15,2583.75,0,0,1,0,0,0,0,0,0,0,0,0,0,0,0,0,0,0,0,1,0,0,0.1031470736572793
0,0,0,0,2,1,1,80.2,146.05,1,0,0,1,0,0,0,0,0,0,0,0,0,0,1,0,0,0,0,0,1,0,0.7346755999066754
0,0,0,0,6,1,1,98.15,567.45,1,0,0,1,0,0,1,0,1,0,1,0,1,0,0,0,1,0,0,0,0,0,0.41619637738609333
1,0,0,0,70,1,1,114.95,7711.25,0,0,1,1,0,0,1,0,1,0,1,0,1,0,1,0,1,0,1,0,0,0,0.05618009510113544
1,0,0,0,12,1,1,112.95,1384.75,1,0,1,1,0,0,0,0,1,0,1,0,1,0,1,0,1,0,0,0,0,1,0.5781105725234501
1,1,1,0,52,1,1,104.45,5481.25,0,0,0,1,0,0,1,0,0,0,1,0,1,0,1,0,1,1,0,0,0,0,0.1561723216952905
0,0,1,0,72,1,1,113.65,8124.2,0,0,1,1,0,0,1,0,1,0,1,0,1,0,1,0,1,0,1,1,0,0,0.05482786887181231
0,0,0,0,40,1,1,20.6,827.3,0,0,0,0,1,1,0,1,0,1,0,1,0,1,0,1,0,0,1,0,0,0,0.01302384949633168
0,0,0,0,1,1,0,70.9,70.9,1,0,0,1,0,0,0,0,0,0,0,0,0,0,0,0,0,0,0,0,0,1,0.5547961090785559
0,1,0,0,3,1,1,86.85,220.95,1,0,0,1,0,0,0,0,0,0,1,0,0,0,1,0,0,0,0,0,1,0,0.7691566586959386
0,1,0,0,40,1,1,91.55,3673.6,0,0,0,1,0,0,0,0,0,0,0,0,0,0,1,0,1,0,0,0,1,0,0.5858849303347162
1,0,0,1,1,1,1,49.85,49.85,0,0,0,0,0,0,0,0,0,0,1,0,0,0,0,0,0,0,0,0,1,0,0.4437835562846198
1,0,1,0,30,1,0,19.8,576.65,0,0,0,0,1,1,0,1,0,1,0,1,0,1,0,1,0,1,0,1,0,0,0.02519774566636716
1,0,1,1,23,1,1,99.85,2331.3,1,0,0,1,0,0,1,0,0,0,0,0,1,0,1,0,1,0,0,0,1,0,0.40674155546495366
1,0,1,1,1,1,1,74.5,74.5,1,0,1,1,0,0,0,0,0,0,0,0,0,0,0,0,0,0,0,0,1,0,0.7010067424099592
0,1,1,0,44,1,0,104.15,4495.65,0,0,1,1,0,0,0,0,0,0,1,0,1,0,1,0,1,0,0,0,1,0,0.48371190779660606
1,0,0,0,65,1,1,109.15,6941.2,1,0,1,1,0,0,0,0,1,0,1,0,1,0,1,0,1,0,0,0,1,0,0.3214731505802136
0,1,0,0,7,1,1,48.2,340.35,0,0,0,0,0,0,1,0,0,0,0,0,0,0,0,0,0,0,0,0,1,0,0.4037538748351792
1,1,0,0,72,1,1,25.1,1789.9,0,0,1,0,1,1,0,1,0,1,0,1,0,1,0,1,0,0,1,1,0,0,0.0036831621137639933
0,1,0,0,8,1,1,100.15,908.55,0,0,1,1,0,0,0,0,0,0,0,0,1,0,1,0,1,0,0,1,0,0,0.6897689590513163
0,0,0,0,16,1,1,65.2,1043.35,1,0,1,0,0,0,0,0,0,0,1,0,0,0,0,0,1,0,0,1,0,0,0.3786098621623846
1,1,1,1,66,1,1,99.5,6822.15,1,0,1,1,0,0,0,0,0,0,1,0,0,0,1,0,1,0,0,1,0,0,0.352545221466737
1,0,0,0,1,1,1,71.55,71.55,1,0,0,1,0,0,0,0,0,0,0,0,0,0,0,0,0,0,0,0,0,1,0.6117041465690887
1,0,0,1,3,1,0,55.9,157.55,0,0,0,0,0,0,1,0,0,0,1,0,0,0,0,0,0,0,0,0,0,1,0.2025971568981407
1,0,1,0,53,1,0,93.9,5029.2,1,0,1,1,0,0,1,0,0,0,1,0,0,0,0,0,1,0,0,0,1,0,0.27374818622906305
1,1,1,0,8,1,1,64.4,581.7,0,0,0,0,0,0,0,0,0,0,1,0,1,0,0,0,1,0,0,1,0,0,0.3724067722467388
1,1,1,0,69,1,1,108.4,7318.2,1,0,1,1,0,0,0,0,1,0,1,0,1,0,1,0,1,0,1,0,0,0,0.10814356565807327
0,0,0,0,5,1,1,85.3,420.45,0,0,0,1,0,0,0,0,1,0,0,0,0,0,1,0,0,0,0,0,0,1,0.6164558168874306
0,0,1,1,72,1,0,107.45,7576.7,0,0,1,1,0,0,1,0,0,0,1,0,1,0,1,0,1,0,1,0,0,1,0.03555534559894314
0,0,1,0,13,0,1,48.75,633.4,1,1,0,0,0,0,0,0,0,0,1,0,0,0,1,0,1,0,0,0,0,0,0.5896996070320966
0,0,0,0,4,1,1,85.65,321.65,1,0,1,1,0,0,0,0,0,0,0,0,0,0,1,0,0,0,0,0,1,0,0.7628364860313114
0,0,1,1,54,1,0,91.3,4965.0,0,0,1,0,0,0,1,0,1,0,1,0,1,0,1,0,1,0,1,1,0,0,0.01718533791753304
1,0,1,0,72,1,0,85.95,6151.9,0,0,1,0,0,0,0,0,1,0,1,0,1,0,1,0,1,0,1,0,0,0,0.01836466129973211
1,0,0,0,12,1,1,106.7,1253.9,1,0,1,1,0,0,0,0,1,0,1,0,0,0,1,0,1,0,0,0,1,0,0.7383666559783838
1,0,0,0,1,0,1,25.15,25.15,1,1,0,0,0,0,0,0,0,0,0,0,0,0,0,0,0,0,0,0,1,0,0.6480051633776622
1,1,0,0,1,1,0,45.2,45.2,0,0,0,0,0,0,0,0,0,0,0,0,0,0,0,0,0,0,0,0,1,0,0.49924820202002035
0,0,1,0,54,1,0,110.35,5893.15,1,0,1,1,0,0,0,0,1,0,1,0,1,0,1,0,1,1,0,0,1,0,0.20197347044606015
1,0,1,1,69,1,1,79.2,5420.65,0,0,1,1,0,0,0,0,0,0,1,0,0,0,0,0,0,0,1,1,0,0,0.037994362386065565
0,0,0,0,48,1,0,55.5,2627.35,0,0,0,0,0,0,1,0,1,0,0,0,0,0,0,0,0,0,1,1,0,0,0.011256233768312682
0,0,1,1,48,1,1,103.25,5037.55,1,0,1,1,0,0,1,0,1,0,0,0,0,0,1,0,1,1,0,1,0,0,0.1668668277697679
0,0,1,0,8,1,1,90.25,743.75,0,0,1,1,0,0,0,0,0,0,0,0,1,0,0,0,1,0,0,0,1,0,0.6700969821604226
1,0,1,1,71,1,1,91.25,6589.6,0,0,1,0,0,0,1,0,1,0,1,0,1,0,1,0,1,0,1,0,0,1,0.014209086087793971
1,0,0,0,2,1,1,47.8,92.45,1,0,0,0,0,0,1,0,0,0,0,0,0,0,0,0,0,0,0,0,1,0,0.38713416946306667
1,0,1,0,67,1,1,100.9,6733.15,0,0,0,1,0,0,1,0,1,0,0,0,0,0,1,0,1,1,0,1,0,0,0.09373772832396644
1,0,1,1,34,1,1,97.7,3410.0,0,0,1,1,0,0,0,0,1,0,0,0,0,0,1,0,1,0,0,0,0,0,0.5055661570695369
0,0,0,0,3,1,1,69.85,199.85,0,0,0,1,0,0,0,0,0,0,0,0,0,0,0,0,0,0,0,0,1,0,0.6796636962115616
0,0,1,1,9,1,1,65.6,593.3,0,0,0,0,0,0,0,0,1,0,0,0,1,0,1,0,0,1,0,0,0,1,0.13794354079568513
1,0,1,1,71,1,1,104.65,7288.4,0,0,0,1,0,0,1,0,1,0,1,0,0,0,1,0,1,1,0,0,0,0,0.08056663778745184
1,0,0,0,57,1,1,90.45,5229.8,0,0,1,1,0,0,0,0,0,0,0,0,1,0,1,0,0,0,1,1,0,0,0.069250190099758
1,0,0,0,72,0,1,63.7,4464.8,0,1,0,0,0,0,1,0,1,0,1,0,1,0,1,0,1,0,1,0,0,0,0.013240259193816847
0,1,1,1,48,1,1,104.5,5068.05,0,0,0,1,0,0,1,0,0,0,1,0,1,0,1,0,1,0,0,0,1,0,0.32269780034599177
1,0,0,0,18,1,0,20.1,401.85,0,0,0,0,1,1,0,1,0,1,0,1,0,1,0,1,0,1,0,0,0,1,0.048275297552457276
1,0,1,1,43,1,1,104.3,4451.85,0,0,1,1,0,0,0,0,0,0,1,0,1,0,1,0,1,1,0,1,0,0,0.19626798755217326
0,0,1,1,72,1,1,93.25,6688.95,0,0,1,0,0,0,1,0,1,0,1,0,1,0,1,0,1,0,1,0,0,0,0.014809345430396477
1,0,1,1,35,1,1,73.45,2661.1,0,0,1,0,0,0,0,0,0,0,0,0,1,0,1,0,1,1,0,0,0,0,0.10883147184153692
1,0,0,0,4,1,0,20.7,73.05,0,0,0,0,1,1,0,1,0,1,0,1,0,1,0,1,0,0,0,0,0,1,0.1810560984407523
0,0,1,1,49,1,0,25.25,1211.65,0,0,1,0,1,1,0,1,0,1,0,1,0,1,0,1,0,0,1,0,0,1,0.006566954302695914
0,0,1,1,71,1,0,100.5,7030.65,0,0,1,1,0,0,1,0,1,0,1,0,0,0,1,0,0,0,1,0,0,0,0.03472893492129841
1,0,1,1,11,1,0,90.6,1020.2,0,0,0,1,0,0,0,0,0,0,0,0,0,0,1,0,1,0,0,0,1,0,0.627232520203662
1,0,1,1,63,1,1,89.4,5597.65,0,0,1,0,0,0,1,0,1,0,1,0,1,0,1,0,1,0,1,1,0,0,0.01591061526331932
0,1,0,0,65,1,1,95.45,6223.3,0,0,1,1,0,0,0,0,1,0,1,0,0,0,1,0,0,0,0,0,0,0,0.3147821326958808
0,0,0,1,49,1,0,20.45,1024.65,0,0,0,0,1,1,0,1,0,1,0,1,0,1,0,1,0,0,1,1,0,0,0.004417712468760792
0,0,0,0,29,1,1,98.6,2933.2,1,0,1,1,0,0,0,0,0,0,1,0,0,0,1,0,1,0,0,1,0,0,0.58305785421248
0,1,1,0,15,1,1,83.05,1258.3,1,0,1,1,0,0,0,0,0,0,1,0,1,0,0,0,0,0,0,0,1,0,0.6148124962008025
0,0,1,1,4,1,1,19.95,82.9,0,0,0,0,1,1,0,1,0,1,0,1,0,1,0,1,0,0,0,0,1,0,0.2621779900374925
0,0,1,0,72,1,0,109.15,7789.6,0,0,1,1,0,0,0,0,1,0,1,0,1,0,1,0,1,1,0,1,0,0,0.0959877869170758
0,1,1,0,26,1,1,85.7,2067.0,0,0,0,1,0,0,0,0,0,0,1,0,0,0,1,0,0,0,0,1,0,0,0.5182864430172536
0,1,1,0,35,1,0,102.05,3452.55,0,0,1,1,0,0,0,0,0,0,1,0,0,0,1,0,1,0,0,0,0,0,0.5674765535574735
0,0,0,0,57,1,0,94.7,5468.95,0,0,1,1,0,0,0,0,1,0,0,0,1,0,0,0,1,1,0,0,1,0,0.12691956684990968
1,0,1,1,28,1,0,64.4,1802.15,0,0,1,0,0,0,0,0,1,0,0,0,0,0,0,0,1,0,0,0,1,0,0.24236790927728813
0,0,1,0,25,1,1,26.8,733.55,0,0,1,0,1,1,0,1,0,1,0,1,0,1,0,1,0,1,0,0,0,1,0.06089434265753713
0,0,1,0,47,1,1,66.05,3021.45,0,0,0,0,0,0,1,0,0,0,1,0,0,0,1,0,0,1,0,1,0,0,0.04250371509715896
0,0,1,1,57,1,0,65.2,3687.85,0,0,1,0,0,0,1,0,1,0,0,0,1,0,0,0,0,0,0,0,0,0,0.02571276775238619
1,1,1,0,16,1,1,85.05,1391.15,0,0,1,1,0,0,0,0,0,0,0,0,0,0,1,0,0,0,0,1,0,0,0.6617751514678172
1,0,0,0,5,1,1,55.8,274.35,0,0,0,0,0,0,1,0,0,0,1,0,0,0,0,0,0,0,0,0,0,1,0.2768989916032426
1,0,1,0,17,1,1,70.4,1214.05,1,0,0,1,0,0,0,0,0,0,0,0,0,0,0,0,0,0,0,0,0,0,0.4944853504005452
0,1,0,0,56,1,1,104.75,5510.65,1,0,1,1,0,0,0,0,1,0,1,0,0,0,1,0,1,1,0,0,0,0,0.27563613800390724
1,0,1,1,72,1,0,19.95,1322.85,0,0,0,0,1,1,0,1,0,1,0,1,0,1,0,1,0,0,1,0,0,0,0.0014516488247405838
0,1,0,0,21,1,1,94.25,1973.75,1,0,1,1,0,0,0,0,0,0,0,0,0,0,1,0,1,0,0,0,1,0,0.7665065692843769
0,0,1,1,48,0,0,45.0,2196.3,0,1,0,0,0,0,1,0,0,0,1,0,0,0,0,0,1,1,0,1,0,0,0.03608341394671846
0,0,1,0,68,1,0,114.9,7843.55,0,0,1,1,0,0,1,0,1,0,1,0,1,0,1,0,1,0,1,0,0,0,0.05449931269225796
0,0,0,0,30,1,0,106.4,3211.9,0,0,1,1,0,0,1,0,0,0,0,0,1,0,1,0,1,0,0,0,0,0,0.34097778883466234
0,0,1,0,3,1,1,46.1,130.15,0,0,0,0,0,0,0,0,0,0,0,0,0,0,0,0,0,0,0,0,0,1,0.41685359720485604
0,1,0,0,14,0,0,39.7,692.35,0,1,0,0,0,0,1,0,0,0,1,0,1,0,0,0,0,0,1,0,0,1,0.0802115739708745
0,0,0,1,4,1,1,20.05,85.5,0,0,0,0,1,1,0,1,0,1,0,1,0,1,0,1,0,0,0,0,0,0,0.20521574881008198
0,0,1,1,71,1,1,95.75,6849.4,0,0,1,1,0,0,0,0,1,0,1,0,0,0,0,0,1,0,1,1,0,0,0.0588067892280803
1,0,1,1,8,1,0,24.4,203.95,0,0,1,0,1,1,0,1,0,1,0,1,0,1,0,1,0,1,0,0,0,1,0.08352742533183244
1,0,1,1,61,0,0,33.6,2117.2,0,1,0,0,0,0,1,0,0,0,1,0,0,0,0,0,0,0,0,0,0,0,0.030508410908239216
1,0,1,1,72,1,0,90.45,6565.85,0,0,1,1,0,0,0,0,1,0,1,0,1,0,0,0,0,0,1,0,0,0,0.022749511168411594
0,0,0,0,5,1,1,84.0,424.75,0,0,1,1,0,0,0,0,0,0,0,0,0,0,1,0,0,0,0,0,1,0,0.7607769013297372
0,0,0,0,49,1,0,67.4,3306.85,0,0,0,0,0,0,1,0,1,0,1,0,1,0,0,0,0,0,1,0,0,0,0.009361143086955712
1,0,0,0,8,1,1,19.7,168.9,0,0,0,0,1,1,0,1,0,1,0,1,0,1,0,1,0,0,0,0,0,0,0.2017213277811679
1,0,0,0,3,1,1,80.35,253.8,0,0,0,1,0,0,0,0,0,0,0,0,0,0,0,0,1,0,0,0,1,0,0.7261862987108941
1,0,1,1,9,1,0,19.6,197.4,0,0,0,0,1,1,0,1,0,1,0,1,0,1,0,1,0,0,1,0,0,1,0.038662331210400046
1,0,1,1,67,1,1,54.2,3838.2,0,0,0,0,0,0,1,0,1,0,0,0,0,0,0,0,0,0,1,0,0,0,0.006607477227074433
1,0,0,0,46,1,1,45.2,2065.15,0,0,0,0,0,0,0,0,0,0,0,0,0,0,0,0,0,0,0,1,0,0,0.08121188130671485
0,0,1,0,67,1,0,75.1,5064.45,0,0,1,0,0,0,1,0,1,0,1,0,0,0,0,0,1,1,0,0,0,1,0.022998603052400743
0,0,1,0,55,1,0,19.7,1140.05,0,0,0,0,1,1,0,1,0,1,0,1,0,1,0,1,0,1,0,0,1,0,0.010706047711757559
1,0,1,0,33,1,1,72.75,2447.45,0,0,1,0,0,0,1,0,1,0,1,0,0,0,1,0,0,0,0,0,0,0,0.1842718284384266
1,0,1,1,62,1,0,20.05,1263.9,0,0,0,0,1,1,0,1,0,1,0,1,0,1,0,1,0,0,1,1,0,0,0.0022574023881520803
0,0,0,1,1,1,0,45.95,45.95,1,0,0,0,0,0,0,0,0,0,0,0,0,0,0,0,0,0,0,0,0,1,0.31370783339966557
1,0,1,1,49,0,1,39.2,1838.15,0,1,0,0,0,0,1,0,0,0,0,0,0,0,0,0,1,0,0,0,1,0,0.11590349044220573
1,0,0,0,1,1,1,44.75,44.75,0,0,0,0,0,0,0,0,0,0,0,0,0,0,0,0,0,0,0,0,1,0,0.5036406511153442
1,0,1,0,14,1,1,82.65,1185.0,0,0,1,1,0,0,0,0,1,0,1,0,0,0,0,0,0,0,0,0,1,0,0.6261783014088304
1,1,0,0,18,1,0,93.9,1743.9,0,0,1,1,0,0,0,0,0,0,1,0,1,0,1,0,0,0,0,0,0,0,0.5082462478741926
0,1,0,0,1,1,1,70.15,70.15,1,0,0,1,0,0,0,0,0,0,0,0,0,0,0,0,0,0,0,0,1,0,0.7479219383800505
0,0,0,0,1,1,1,85.55,85.55,1,0,0,1,0,0,0,0,0,0,1,0,0,0,1,0,0,0,0,1,0,0,0.653419281005728
0,0,1,0,72,1,1,117.15,8529.5,0,0,1,1,0,0,1,0,1,0,1,0,1,0,1,0,1,0,1,1,0,0,0.059684782386787066
1,0,0,0,64,1,0,99.25,6549.45,0,0,1,1,0,0,1,0,0,0,1,0,1,0,0,0,1,0,1,1,0,0,0.03479437095135624
1,0,1,0,69,1,1,112.55,7806.5,0,0,1,1,0,0,1,0,1,0,1,0,1,0,1,0,1,0,1,0,0,0,0.06534893463267616
0,0,0,0,1,1,1,25.7,25.7,0,0,1,0,1,1,0,1,0,1,0,1,0,1,0,1,0,0,0,0,1,0,0.3787205134637263
1,0,1,1,71,1,0,90.3,6287.3,0,0,1,0,0,0,1,0,1,0,1,0,1,0,1,0,1,0,1,1,0,0,0.009306236750318811
0,0,1,1,66,1,1,49.4,3251.85,0,0,0,0,0,0,0,0,0,0,0,0,1,0,0,0,0,1,0,1,0,0,0.010488114496149533
1,0,0,0,2,1,0,19.4,50.6,0,0,0,0,1,1,0,1,0,1,0,1,0,1,0,1,0,0,0,0,0,1,0.20015183598135677
0,1,1,0,71,1,1,109.7,7904.25,0,0,0,1,0,0,1,0,1,0,1,0,1,0,1,0,1,0,1,0,0,0,0.06324801148508737
1,0,0,0,11,1,1,61.25,729.95,0,0,0,0,0,0,0,0,1,0,0,0,0,0,1,0,0,1,0,0,1,0,0.26340075740744306
1,0,0,1,47,1,1,55.3,2654.05,0,0,0,0,0,0,1,0,1,0,0,0,0,0,0,0,0,0,0,0,1,0,0.06318826296878563
0,0,1,0,35,1,1,70.3,2416.55,1,0,0,1,0,0,0,0,0,0,0,0,0,0,0,0,0,0,0,0,1,0,0.3982651777532368
1,1,1,0,32,1,0,106.35,3520.75,1,0,1,1,0,0,0,0,1,0,1,0,0,0,1,0,1,0,0,0,0,0,0.579556458390174
1,0,1,1,60,1,1,103.75,5969.95,0,0,1,1,0,0,0,0,1,0,0,0,1,0,1,0,1,0,0,0,0,0,0.23836924845524923
1,0,0,0,11,1,0,19.5,226.8,0,0,0,0,1,1,0,1,0,1,0,1,0,1,0,1,0,1,0,0,0,1,0.06812085304408931
0,0,0,0,29,0,0,39.5,1082.75,0,1,0,0,0,0,1,0,1,0,0,0,1,0,0,0,0,1,0,1,0,0,0.043178606689283
1,0,1,1,21,0,1,26.05,565.75,0,1,0,0,0,0,0,0,0,0,0,0,0,0,0,0,0,0,0,0,1,0,0.35836722104051655
1,1,1,0,48,1,1,91.05,4370.75,0,0,1,1,0,0,0,0,0,0,1,0,0,0,0,0,1,0,0,1,0,0,0.4206069031900895
0,0,0,1,3,0,0,29.65,90.05,0,1,0,0,0,0,0,0,1,0,0,0,0,0,0,0,0,0,0,0,0,1,0.40328167024176387
0,0,1,1,43,1,0,50.2,2169.4,0,0,0,0,0,0,0,0,1,0,0,0,0,0,0,0,0,0,0,0,0,1,0.06430462002205362
1,0,0,0,5,1,0,105.3,550.6,0,0,1,1,0,0,0,0,1,0,1,0,0,0,1,0,1,0,0,0,1,0,0.726243555728365
0,0,0,0,1,1,1,55.45,55.45,0,0,0,0,0,0,0,0,0,0,0,0,0,0,0,0,1,0,0,0,1,0,0.5714797880774206
1,0,1,1,71,1,0,85.45,6300.85,0,0,1,0,0,0,1,0,0,0,1,0,1,0,1,0,1,1,0,0,1,0,0.02641928406327065
0,0,1,1,8,1,0,19.8,160.05,0,0,0,0,1,1,0,1,0,1,0,1,0,1,0,1,0,1,0,0,1,0,0.09353128465995249
1,0,0,0,8,1,1,59.25,436.6,0,0,1,0,0,0,0,0,0,0,0,0,0,0,1,0,0,0,0,0,1,0,0.5428598928056865
1,0,0,0,20,1,1,90.7,1781.35,0,0,1,1,0,0,0,0,0,0,1,0,0,0,1,0,0,0,0,1,0,0,0.5538815159185357
0,0,1,1,33,1,1,103.7,3467.0,1,0,1,1,0,0,1,0,0,0,1,0,0,0,1,0,1,1,0,0,0,1,0.2618288516276329
1,0,0,0,71,1,1,79.05,5552.5,0,0,1,1,0,0,0,0,1,0,0,0,0,0,0,0,0,1,0,1,0,0,0.06284276293127361
0,1,1,0,31,1,1,90.7,2835.5,0,0,1,1,0,0,0,0,0,0,1,0,0,0,1,0,0,1,0,0,1,0,0.46963951340972876
0,1,1,0,38,1,0,95.0,3591.25,0,0,1,1,0,0,1,0,1,0,0,0,0,0,0,0,1,1,0,1,0,0,0.18242606820617147
1,0,0,0,1,1,1,88.35,88.35,1,0,0,1,0,0,0,0,0,0,0,0,0,0,1,0,1,0,0,0,1,0,0.784037889506558
0,0,1,1,2,0,1,30.25,63.75,0,1,0,0,0,0,0,0,1,0,0,0,0,0,0,0,0,0,0,0,0,1,0.493971042260977
0,0,1,0,12,0,1,49.85,617.15,0,1,0,0,0,0,0,0,0,0,1,0,0,0,1,0,1,0,0,0,0,0,0.6001394900041749
0,0,0,1,9,1,0,93.0,870.25,0,0,0,1,0,0,1,0,0,0,1,0,1,0,0,0,1,0,0,0,0,0,0.312149163456791
1,1,0,1,11,1,1,54.55,601.25,0,0,0,0,0,0,0,0,1,0,0,0,1,0,0,0,0,0,0,0,1,0,0.28750484394491793
1,0,0,1,6,1,0,19.7,111.65,0,0,0,0,1,1,0,1,0,1,0,1,0,1,0,1,0,0,0,0,0,1,0.13895654070877883
0,0,1,0,71,1,1,84.8,6046.1,0,0,0,0,0,0,1,0,1,0,1,0,1,0,1,0,1,1,0,0,0,0,0.022634763048726726
0,0,1,1,42,1,1,94.45,3923.8,0,0,1,1,0,0,1,0,1,0,0,0,0,0,1,0,0,1,0,1,0,0,0.1357659013217392
0,0,1,1,8,1,1,94.2,777.3,1,0,0,1,0,0,0,0,0,0,1,0,0,0,1,0,1,0,0,0,1,0,0.7150355991912611
0,0,0,0,5,1,1,96.25,512.45,1,0,0,1,0,0,0,0,1,0,0,0,0,0,1,0,1,0,0,0,1,0,0.7436162500889305
0,0,1,0,2,1,1,70.7,141.45,1,0,0,1,0,0,0,0,0,0,0,0,0,0,0,0,0,0,0,0,1,0,0.6972832988346491
0,0,1,1,45,1,0,20.85,892.15,0,0,0,0,1,1,0,1,0,1,0,1,0,1,0,1,0,0,1,0,0,1,0.006028554796276925
1,0,1,1,28,0,1,60.0,1682.05,0,1,0,0,0,0,0,0,1,0,1,0,1,0,1,0,1,1,0,1,0,0,0.131042075546712
0,0,1,0,43,1,0,80.45,3398.9,0,0,1,1,0,0,0,0,1,0,0,0,0,0,0,0,0,0,0,0,1,0,0.31800510702111734
1,0,0,1,60,1,1,84.95,4984.85,0,0,1,0,0,0,1,0,0,0,1,0,1,0,1,0,1,0,1,0,1,0,0.024878419086073633
0,0,1,0,42,0,0,33.55,1445.3,1,1,0,0,0,0,0,0,1,0,0,0,1,0,0,0,0,1,0,0,0,1,0.04008242696394094
1,0,1,1,7,0,0,49.65,305.55,0,1,0,0,0,0,1,0,0,0,1,0,1,0,0,0,1,0,1,1,0,0,0.08067118583035518
0,0,1,0,25,1,1,20.2,507.9,0,0,0,0,1,1,0,1,0,1,0,1,0,1,0,1,0,1,0,0,0,0,0.049717856137313644
0,1,1,1,40,1,1,94.55,3640.45,1,0,1,1,0,0,0,0,0,0,0,0,0,0,1,0,1,0,0,1,0,0,0.5017626123942774
1,0,0,0,27,1,1,100.5,2673.45,0,0,1,1,0,0,0,0,0,0,1,0,0,0,1,0,1,1,0,0,0,0,0.4253693271123061
1,0,0,0,10,0,0,35.75,389.8,0,1,0,0,0,0,0,0,1,0,0,0,1,0,0,0,0,0,0,0,1,0,0.34654631081644455
0,1,0,0,27,1,1,86.45,2401.05,0,0,1,1,0,0,0,0,1,0,1,0,0,0,0,0,0,0,0,0,0,0,0.5143538857827908
0,0,0,0,11,1,0,53.8,651.55,0,0,0,0,0,0,0,0,0,0,1,0,1,0,0,0,0,1,0,0,0,0,0.11016156965272479
1,0,1,1,4,0,0,38.55,156.1,0,1,0,0,0,0,1,0,0,0,0,0,0,0,1,0,0,0,0,1,0,0,0.3604262789459235
1,0,0,0,68,0,1,39.9,2796.35,0,1,0,0,0,0,0,0,0,0,1,0,0,0,0,0,1,0,0,0,0,0,0.07298955384855535
1,1,0,0,1,1,1,70.05,70.05,0,0,0,1,0,0,0,0,0,0,0,0,0,0,0,0,0,0,0,0,1,0,0.7418882208417616
0,0,0,0,18,1,0,20.1,407.05,0,0,0,0,1,1,0,1,0,1,0,1,0,1,0,1,0,1,0,0,0,1,0.04987545805905804
0,0,0,0,57,1,1,112.95,6465.0,1,0,1,1,0,0,1,0,1,0,1,0,0,0,1,0,1,0,1,0,0,0,0.1182407536532649
1,0,0,0,26,1,1,20.3,511.25,0,0,0,0,1,1,0,1,0,1,0,1,0,1,0,1,0,0,0,0,1,0,0.11212118726650862
0,0,1,0,17,0,1,35.65,646.05,0,1,0,0,0,0,0,0,1,0,1,0,0,0,0,0,0,0,0,1,0,0,0.35182667798565004
1,0,0,0,1,0,0,35.9,35.9,1,1,0,0,0,0,0,0,0,0,0,0,0,0,0,0,1,0,0,0,1,0,0.6404198547762605
1,0,0,1,38,1,1,99.25,3777.15,1,0,1,1,0,0,0,0,0,0,1,0,0,0,1,0,1,0,0,0,0,0,0.4835645847879087
1,1,1,0,59,1,1,82.95,4903.15,0,0,0,1,0,0,1,0,1,0,1,0,0,0,0,0,0,1,0,1,0,0,0.07159165829775004
1,0,0,0,30,1,1,55.65,1653.85,0,0,0,0,0,0,1,0,0,0,1,0,0,0,0,0,0,0,1,0,0,1,0.035553530161874146
1,1,0,0,2,0,1,24.45,47.5,1,1,0,0,0,0,0,0,0,0,0,0,0,0,0,0,0,0,0,0,0,1,0.6219048419696711
0,1,1,0,50,1,0,25.2,1306.3,0,0,1,0,1,1,0,1,0,1,0,1,0,1,0,1,0,1,0,0,1,0,0.0239728057460021
1,0,0,0,9,0,0,50.8,463.6,0,1,0,0,0,0,1,0,0,0,1,0,1,0,0,0,1,1,0,0,0,1,0.14970165901120838
0,0,1,1,3,1,0,19.65,60.65,0,0,0,0,1,1,0,1,0,1,0,1,0,1,0,1,0,0,0,0,0,1,0.1707939285707253
0,0,0,1,14,1,1,59.8,824.85,0,0,0,0,0,0,0,0,0,0,1,0,0,0,1,0,0,0,0,1,0,0,0.29023153145604
0,1,0,0,31,1,1,73.55,2094.65,0,0,0,1,0,0,1,0,0,0,0,0,0,0,0,0,0,0,0,1,0,0,0.29011396126597033
0,0,0,0,7,1,0,61.4,438.9,0,0,0,0,0,0,1,0,1,0,1,0,0,0,0,0,0,0,0,0,1,0,0.2555066153539331
0,0,0,0,8,1,1,103.35,847.3,1,0,1,1,0,0,1,0,0,0,0,0,1,0,1,0,1,0,0,0,0,0,0.5543600855685297
1,0,1,1,17,1,0,19.9,329.75,0,0,0,0,1,1,0,1,0,1,0,1,0,1,0,1,0,1,0,0,0,0,0.04504297175882496
1,0,1,1,32,1,1,19.45,674.55,0,0,0,0,1,1,0,1,0,1,0,1,0,1,0,1,0,0,0,1,0,0,0.050552453319428196
0,1,0,0,2,1,0,81.5,162.55,0,0,0,1,0,0,0,0,0,0,0,0,0,0,1,0,0,0,0,0,0,1,0.6615731546975084
1,1,0,0,7,1,1,84.8,546.95,1,0,1,1,0,0,0,0,0,0,0,0,0,0,1,0,0,0,0,0,1,0,0.7851192563326831
0,0,1,1,72,1,0,109.55,7887.25,0,0,1,1,0,0,1,0,1,0,1,0,0,0,1,0,1,0,1,1,0,0,0.047564492992220195
0,1,0,0,31,1,1,99.95,3186.65,1,0,1,1,0,0,0,0,1,0,0,0,0,0,1,0,1,0,0,0,1,0,0.6985540773714567
0,0,1,1,27,1,0,74.4,1972.35,0,0,0,1,0,0,1,0,0,0,0,0,0,0,0,0,0,0,0,0,0,1,0.2083218528123254
0,0,0,0,18,1,1,90.0,1527.35,1,0,1,1,0,0,0,0,1,0,0,0,0,0,1,0,0,0,0,1,0,0,0.5488658959787812
1,0,0,0,7,1,1,74.9,490.55,0,0,0,1,0,0,0,0,0,0,1,0,0,0,0,0,0,0,0,0,1,0,0.6339736582321062
0,1,0,0,14,1,1,104.85,1531.4,1,0,1,1,0,0,0,0,1,0,1,0,0,0,1,0,1,0,0,0,1,0,0.7883701478988787
1,0,1,1,11,1,1,59.65,683.25,0,0,0,0,0,0,0,0,0,0,1,0,0,0,1,0,0,0,0,0,0,0,0.3512568023762327
0,0,1,1,72,1,1,110.45,8058.85,0,0,1,1,0,0,1,0,0,0,1,0,1,0,1,0,1,0,1,0,0,0,0.054610551875161166
1,0,1,1,28,1,0,106.1,2847.4,1,0,1,1,0,0,1,0,1,0,0,0,0,0,1,0,1,1,0,0,1,0,0.26243622347603085
1,1,0,0,15,1,1,74.2,1133.9,1,0,1,1,0,0,0,0,0,0,0,0,0,0,0,0,0,0,0,1,0,0,0.5946662242953573
0,1,0,0,4,1,1,74.45,294.45,0,0,1,1,0,0,0,0,0,0,0,0,0,0,0,0,0,0,0,0,1,0,0.7693215748751474
0,0,0,0,71,1,0,24.55,1719.15,0,0,1,0,1,1,0,1,0,1,0,1,0,1,0,1,0,0,1,0,1,0,0.003472908104874551
0,0,0,0,5,1,1,89.35,461.7,1,0,0,1,0,0,0,0,1,0,0,0,1,0,0,0,1,0,0,0,1,0,0.6029013781986455
1,0,1,1,47,1,0,24.55,1160.45,0,0,1,0,1,1,0,1,0,1,0,1,0,1,0,1,0,0,1,0,0,1,0.007085370368879724
1,1,1,0,57,1,1,90.65,5199.8,0,0,0,1,0,0,0,0,1,0,1,0,0,0,1,0,0,1,0,0,1,0,0.21324890598559001
1,1,1,0,50,1,1,105.05,5163.3,0,0,1,1,0,0,1,0,0,0,1,0,0,0,1,0,1,0,1,1,0,0,0.15496775067496496
1,0,0,0,8,1,1,20.45,162.3,0,0,0,0,1,1,0,1,0,1,0,1,0,1,0,1,0,0,0,1,0,0,0.18036829053838246
0,0,1,1,48,1,0,19.55,883.35,0,0,0,0,1,1,0,1,0,1,0,1,0,1,0,1,0,0,1,0,0,1,0.0051055514547608755
0,0,0,0,70,1,0,19.7,1341.5,0,0,0,0,1,1,0,1,0,1,0,1,0,1,0,1,0,1,0,0,0,0,0.003439195961553741
1,0,0,1,1,1,1,70.45,70.45,0,0,0,0,0,0,1,0,1,0,0,0,1,0,0,0,1,0,0,0,0,0,0.22745239909938225
1,0,1,0,8,1,1,85.65,659.45,0,0,1,1,0,0,0,0,0,0,0,0,0,0,0,0,1,0,0,0,0,0,0.6898709690233954
0,0,0,0,1,1,1,77.15,77.15,1,0,1,1,0,0,0,0,0,0,0,0,0,0,0,0,0,0,0,0,1,0,0.7366702379893894
1,0,0,0,1,0,1,35.25,35.25,1,1,0,0,0,0,0,0,0,0,0,0,0,0,0,0,1,0,0,0,0,0,0.6426188931428966
1,0,1,1,60,1,0,20.55,1205.05,0,0,0,0,1,1,0,1,0,1,0,1,0,1,0,1,0,0,1,0,0,1,0.002665835905962131
1,0,1,1,49,1,1,97.95,4917.9,0,0,1,1,0,0,0,0,0,0,0,0,1,0,1,0,1,1,0,0,1,0,0.23387392574054777
1,0,1,0,4,0,1,48.55,201.0,1,1,0,0,0,0,0,0,1,0,0,0,0,0,1,0,1,0,0,0,1,0,0.7110648142384859
0,0,0,0,29,1,0,20.0,599.3,0,0,0,0,1,1,0,1,0,1,0,1,0,1,0,1,0,1,0,0,0,1,0.028290677340451768
0,0,1,0,67,1,1,25.25,1733.15,0,0,1,0,1,1,0,1,0,1,0,1,0,1,0,1,0,0,1,1,0,0,0.0040624174198627
0,0,1,0,53,1,1,98.4,5149.5,1,0,1,1,0,0,0,0,1,0,0,0,0,0,1,0,1,0,0,1,0,0,0.3890817577673913
1,0,1,0,67,1,0,70.9,4677.1,0,0,1,0,0,0,1,0,1,0,1,0,1,0,0,0,0,0,1,1,0,0,0.005575631562857452
0,0,1,1,6,1,0,19.85,119.3,0,0,0,0,1,1,0,1,0,1,0,1,0,1,0,1,0,0,0,0,0,1,0.14917521411057863
0,0,0,0,47,1,1,106.35,4849.1,0,0,1,1,0,0,0,0,1,0,1,0,0,0,1,0,1,0,0,0,1,0,0.5272190744564393
0,0,0,0,53,1,0,99.5,5424.25,0,0,0,1,0,0,1,0,1,0,1,0,1,0,0,0,1,0,1,0,0,1,0.037053030857589875
1,0,1,0,69,1,1,84.7,5878.9,0,0,0,0,0,0,1,0,1,0,1,0,1,0,1,0,1,0,1,0,0,1,0.013069831996966043
1,0,0,0,3,1,1,86.05,244.85,0,0,0,1,0,0,1,0,0,0,0,0,0,0,0,0,1,0,0,0,0,1,0.5473646995530699
1,0,0,0,4,1,0,44.55,220.75,0,0,0,0,0,0,0,0,0,0,0,0,0,0,0,0,0,0,0,0,0,1,0.3302334376387153
1,0,1,1,56,1,1,75.85,4261.2,0,0,1,0,0,0,1,0,1,0,0,0,1,0,0,0,1,0,1,1,0,0,0.012874625247244939
1,1,1,0,59,1,1,93.85,5574.75,1,0,1,1,0,0,0,0,0,0,0,0,0,0,1,0,1,0,0,0,0,0,0.4500277694983411
1,1,1,0,61,1,0,25.0,1501.75,0,0,1,0,1,1,0,1,0,1,0,1,0,1,0,1,0,0,1,0,0,0,0.005862792273318611
0,0,1,0,2,1,1,45.0,89.75,0,0,0,0,0,0,0,0,0,0,0,0,0,0,0,0,0,0,0,0,1,0,0.5122222780801133
1,1,1,1,46,1,1,100.7,4541.2,1,0,1,1,0,0,1,0,1,0,1,0,0,0,1,0,0,0,0,0,1,0,0.3648362897319378
1,0,1,1,12,1,0,20.5,255.5,0,0,0,0,1,1,0,1,0,1,0,1,0,1,0,1,0,0,0,0,0,1,0.10982019878933831
0,0,0,0,14,1,1,80.45,1072.0,1,0,1,1,0,0,0,0,0,0,1,0,0,0,0,0,0,0,0,0,1,0,0.6364593057915965
0,0,1,1,28,1,1,90.45,2509.25,0,0,1,1,0,0,0,0,0,0,0,0,1,0,0,0,1,1,0,0,1,0,0.28830094930721356
1,0,0,0,24,1,0,60.45,1440.75,0,0,0,0,0,0,1,0,1,0,0,0,1,0,0,0,0,0,0,0,0,0,0.07872634470244586
1,0,0,0,31,1,1,55.25,1715.65,1,0,0,0,0,0,0,0,0,0,1,0,1,0,0,0,0,0,0,0,1,0,0.15509982598805036
0,0,1,1,68,1,1,78.45,5333.35,0,0,1,0,0,0,1,0,1,0,1,0,1,0,0,0,1,1,0,0,1,0,0.022964304404707193
1,0,0,1,39,1,0,100.55,3895.35,0,0,1,1,0,0,0,0,0,0,0,0,1,0,1,0,1,0,1,0,0,1,0.1070409635423228
0,0,1,0,42,1,0,20.35,869.9,0,0,0,0,1,1,0,1,0,1,0,1,0,1,0,1,0,0,0,1,0,0,0.029473049516059332
1,0,1,0,13,0,1,54.45,706.85,1,1,0,0,0,0,1,0,0,0,0,0,1,0,1,0,1,0,0,0,1,0,0.441892770991016
0,0,1,0,6,1,1,90.75,512.25,0,0,1,1,0,0,0,0,1,0,0,0,0,0,0,0,1,0,0,0,1,0,0.7410264808213342
1,0,0,0,35,1,0,75.35,2636.05,1,0,1,1,0,0,0,0,0,0,0,0,0,0,0,0,0,0,0,1,0,0,0.29286340592554627
0,0,1,0,38,1,1,20.25,814.75,0,0,0,0,1,1,0,1,0,1,0,1,0,1,0,1,0,1,0,1,0,0,0.022905283205541648
1,0,0,0,18,1,0,20.05,388.6,0,0,0,0,1,1,0,1,0,1,0,1,0,1,0,1,0,0,1,1,0,0,0.02677543905110076
0,0,1,0,4,1,0,19.6,93.45,0,0,0,0,1,1,0,1,0,1,0,1,0,1,0,1,0,0,0,0,0,1,0.1962007740173953
1,0,1,0,27,1,1,53.8,1389.85,0,0,0,0,0,0,0,0,1,0,0,0,1,0,0,0,0,0,0,0,1,0,0.16862188052521637
1,0,0,1,41,1,0,70.2,2894.55,0,0,0,0,0,0,1,0,1,0,1,0,0,0,1,0,0,1,0,0,0,1,0.03180328153365358
1,0,1,1,50,1,0,75.5,4025.6,0,0,0,0,0,0,1,0,0,0,0,0,1,0,1,0,1,1,0,0,1,0,0.03694842219794743
1,0,1,1,72,1,0,20.35,1354.4,0,0,0,0,1,1,0,1,0,1,0,1,0,1,0,1,0,0,1,0,1,0,0.0019113980246416975
0,0,0,0,70,1,0,26.05,1856.4,0,0,1,0,1,1,0,1,0,1,0,1,0,1,0,1,0,1,0,1,0,0,0.004342430022783674
1,0,1,1,44,1,0,20.6,926.0,0,0,0,0,1,1,0,1,0,1,0,1,0,1,0,1,0,1,0,0,0,0,0.011295087000408049
1,0,0,0,2,1,1,75.7,189.2,1,0,0,1,0,0,1,0,0,0,0,0,0,0,0,0,0,0,0,0,1,0,0.5789498340405302
0,0,1,1,34,1,1,20.1,682.1,0,0,0,0,1,1,0,1,0,1,0,1,0,1,0,1,0,1,0,0,0,0,0.02544112037069968
0,1,1,0,72,1,0,24.3,1778.7,0,0,1,0,1,1,0,1,0,1,0,1,0,1,0,1,0,0,1,0,0,0,0.003476628671021214
1,0,1,0,71,1,1,24.5,1816.2,0,0,1,0,1,1,0,1,0,1,0,1,0,1,0,1,0,0,1,0,1,0,0.004776828526056214
0,0,0,0,64,1,1,110.5,7069.25,0,0,1,1,0,0,0,0,1,0,1,0,1,0,1,0,1,0,1,1,0,0,0.08972908668367688
0,0,1,0,72,1,1,25.25,1841.2,0,0,1,0,1,1,0,1,0,1,0,1,0,1,0,1,0,0,1,0,0,0,0.0035579394991400127
1,0,0,0,1,1,1,74.25,74.25,1,0,1,1,0,0,0,0,0,0,0,0,0,0,0,0,0,0,0,0,0,1,0.6673476257334103
1,1,1,0,29,1,0,90.1,2656.7,0,0,0,1,0,0,1,0,0,0,1,0,0,0,0,0,1,1,0,0,0,0,0.2178591843250453
0,0,1,0,23,1,1,68.75,1689.45,0,0,0,0,0,0,1,0,0,0,1,0,1,0,0,0,1,1,0,0,0,0,0.086212470124005
1,0,1,1,52,1,0,19.2,1054.75,0,0,0,0,1,1,0,1,0,1,0,1,0,1,0,1,0,0,1,0,0,1,0.004130557333844663
0,1,0,0,25,1,1,89.7,2187.55,1,0,1,1,0,0,0,0,1,0,0,0,0,0,0,0,1,0,0,0,1,0,0.6601224488814146
0,0,0,0,64,1,1,115.1,7334.05,0,0,1,1,0,0,1,0,1,0,1,0,1,0,1,0,1,0,1,0,0,0,0.07232475281730408
0,1,0,0,16,1,1,96.4,1581.2,1,0,1,1,0,0,0,0,0,0,0,0,0,0,1,0,1,0,0,0,1,0,0.792918374758073
1,1,0,0,1,1,1,69.5,69.5,1,0,0,1,0,0,0,0,0,0,0,0,0,0,0,0,0,0,0,0,0,0,0.6880826656241503
1,0,0,0,24,1,1,99.65,2404.85,0,0,1,1,0,0,0,0,1,0,0,0,0,0,1,0,1,0,0,0,0,0,0.6117280817434385
1,0,1,0,2,1,1,91.45,171.45,0,0,1,1,0,0,0,0,0,0,1,0,0,0,1,0,0,0,0,0,1,0,0.7732019253893903
0,0,1,1,34,1,0,84.75,2839.45,0,0,0,0,0,0,1,0,1,0,1,0,1,0,1,0,1,0,1,0,0,1,0.02536379648245112
1,1,1,0,36,1,1,85.25,3132.75,1,0,1,1,0,0,0,0,0,0,0,0,0,0,0,0,1,0,0,1,0,0,0.509819659812055
1,0,1,1,53,1,1,78.75,3942.45,0,0,1,0,0,0,0,0,0,0,1,0,1,0,1,0,1,1,0,0,0,1,0.05438681513230882
0,0,1,1,47,1,0,20.25,873.4,0,0,0,0,1,1,0,1,0,1,0,1,0,1,0,1,0,0,1,1,0,0,0.004993004537535893
1,0,0,1,72,1,0,19.9,1529.65,0,0,0,0,1,1,0,1,0,1,0,1,0,1,0,1,0,0,1,1,0,0,0.0012949015022140004
1,0,1,1,72,1,1,97.75,6991.6,0,0,1,1,0,0,1,0,1,0,0,0,1,0,0,0,1,0,1,1,0,0,0.025560649433160786
1,0,0,0,1,1,0,19.4,19.4,1,0,0,0,1,1,0,1,0,1,0,1,0,1,0,1,0,0,0,0,0,1,0.20818942608141433
0,0,0,0,9,1,1,83.3,803.3,1,0,1,1,0,0,0,0,0,0,0,0,0,0,0,0,1,0,0,0,1,0,0.74282201464371
0,0,0,0,8,1,1,80.1,679.3,1,0,0,1,0,0,0,0,0,0,0,0,0,0,1,0,0,0,0,0,0,0,0.6361762448494543
1,1,0,0,45,1,0,62.7,2791.5,1,0,0,0,0,0,1,0,0,0,1,0,0,0,0,0,1,1,0,1,0,0,0.042585809428861685
0,0,0,0,7,1,1,100.4,715.0,0,0,0,1,0,0,0,0,0,0,1,0,1,0,1,0,1,0,0,0,1,0,0.6668630471274557
0,0,1,0,71,1,1,24.45,1681.6,0,0,1,0,1,1,0,1,0,1,0,1,0,1,0,1,0,0,1,1,0,0,0.003185302062207149
0,1,0,0,41,1,1,101.1,4016.2,0,0,0,1,0,0,0,0,0,0,1,0,1,0,1,0,1,1,0,0,0,0,0.2552764182617242
1,0,1,1,67,0,0,50.9,3281.65,0,1,0,0,0,0,1,0,0,0,0,0,0,0,1,0,1,0,1,1,0,0,0.012097717055021377
1,0,1,0,69,1,1,107.2,7317.1,0,0,1,1,0,0,1,0,1,0,1,0,1,0,0,0,1,1,0,1,0,0,0.06445637584821584
0,1,1,0,70,1,1,92.2,6474.45,0,0,1,0,0,0,1,0,1,0,1,0,1,0,1,0,1,0,1,0,0,0,0.025166288043924612
1,0,0,0,25,1,0,25.3,676.35,1,0,1,0,1,1,0,1,0,1,0,1,0,1,0,1,0,1,0,0,0,0,0.04580111874139862
1,0,0,0,72,1,0,113.4,8164.1,0,0,1,1,0,0,1,0,1,0,1,0,1,0,1,0,1,0,1,0,0,0,0.044837750482078643
1,0,1,1,34,0,1,40.55,1325.85,0,1,0,0,0,0,0,0,0,0,0,0,1,0,1,0,0,0,1,0,1,0,0.069325598225181
0,0,1,1,65,1,0,26.0,1654.85,0,0,1,0,1,1,0,1,0,1,0,1,0,1,0,1,0,0,1,1,0,0,0.0027137788452567244
0,0,0,0,70,1,1,111.95,7795.95,0,0,1,1,0,0,1,0,1,0,1,0,1,0,1,0,1,0,1,1,0,0,0.05404338270946452
0,0,1,1,72,0,1,53.8,3952.45,0,1,0,0,0,0,1,0,0,0,1,0,0,0,1,0,1,0,1,1,0,0,0.014943062076899284
1,0,0,1,35,1,1,72.1,2495.15,0,0,0,0,0,0,0,0,0,0,0,0,1,0,1,0,1,1,0,0,0,1,0.07485798123155854
1,0,0,0,13,1,0,98.15,1230.25,1,0,1,1,0,0,1,0,0,0,0,0,0,0,1,0,1,0,0,0,0,1,0.5255364965337281
0,0,1,0,12,1,0,78.85,876.75,0,0,1,0,0,0,1,0,0,0,1,0,0,0,1,0,1,1,0,0,1,0,0.25047295309038503
0,0,1,1,62,1,1,70.75,4263.45,0,0,0,0,0,0,1,0,0,0,1,0,1,0,1,0,0,1,0,0,0,0,0.015839934096703964
0,0,0,0,25,1,1,76.15,1992.95,0,0,0,0,0,0,1,0,0,0,0,0,1,0,1,0,1,0,0,1,0,0,0.1700264155879855
0,0,0,0,52,0,0,39.1,1982.1,0,1,0,0,0,0,1,0,1,0,0,0,1,0,0,0,0,0,1,0,0,1,0.009549917720546216
1,1,0,0,8,1,1,69.95,562.7,0,0,0,1,0,0,0,0,0,0,0,0,0,0,0,0,0,0,0,1,0,0,0.5976591773067046
1,0,0,0,2,1,0,20.05,33.7,0,0,0,0,1,1,0,1,0,1,0,1,0,1,0,1,0,0,0,0,0,1,0.19831433683873054
0,0,1,1,56,1,0,20.05,1090.1,0,0,0,0,1,1,0,1,0,1,0,1,0,1,0,1,0,0,1,0,0,1,0.0033813690555111967
0,0,0,0,12,1,0,19.45,227.45,0,0,0,0,1,1,0,1,0,1,0,1,0,1,0,1,0,0,0,0,0,0,0.1380156769876629
0,0,1,0,47,1,0,26.9,1250.85,0,0,1,0,1,1,0,1,0,1,0,1,0,1,0,1,0,1,0,0,1,0,0.021394753022492295
1,1,0,0,2,1,0,19.2,37.2,0,0,0,0,1,1,0,1,0,1,0,1,0,1,0,1,0,0,0,0,1,0,0.3099513306259711
0,0,0,0,18,1,1,50.0,892.7,0,0,0,0,0,0,0,0,0,0,1,0,0,0,0,0,0,0,0,0,0,1,0.2594539938492859
0,0,0,0,8,1,1,60.0,487.75,0,0,0,0,0,0,1,0,0,0,0,0,0,0,1,0,0,0,0,0,1,0,0.3883872391579237
1,0,1,0,45,1,1,84.55,3713.95,0,0,1,1,0,0,1,0,0,0,1,0,0,0,0,0,0,0,0,0,0,1,0.2295460800860273
1,0,0,0,3,1,0,45.45,141.7,0,0,0,0,0,0,0,0,0,0,0,0,0,0,0,0,0,0,0,0,0,1,0.3360168090690637
0,0,0,0,38,1,0,20.05,678.2,0,0,0,0,1,1,0,1,0,1,0,1,0,1,0,1,0,1,0,0,0,1,0.017223391786247492
1,0,1,0,72,1,1,115.55,8425.3,0,0,1,1,0,0,1,0,1,0,1,0,1,0,1,0,1,0,1,0,1,0,0.08261195947335546
1,0,0,0,46,1,1,93.7,4154.8,1,0,1,1,0,0,1,0,1,0,0,0,0,0,0,0,1,0,0,0,1,0,0.3308099912906539
0,0,1,1,71,1,1,99.0,7061.65,0,0,1,1,0,0,1,0,1,0,1,0,0,0,1,0,0,0,1,1,0,0,0.04083978726997129
1,0,1,1,66,0,0,50.55,3364.55,0,1,0,0,0,0,0,0,0,0,0,0,1,0,1,0,1,0,1,0,0,0,0.0153618291069907
1,1,0,0,25,1,0,105.95,2655.25,1,0,1,1,0,0,0,0,1,0,1,0,0,0,1,0,1,0,0,0,0,1,0.590540799958342
1,0,0,0,18,1,1,82.0,1425.45,1,0,1,0,0,0,0,0,0,0,1,0,1,0,1,0,1,1,0,1,0,0,0.18316497829308628
0,0,1,1,13,1,1,25.0,332.5,0,0,1,0,1,1,0,1,0,1,0,1,0,1,0,1,0,0,1,0,0,0,0.05570949651048175
0,0,1,1,65,1,0,91.55,5963.95,0,0,1,0,0,0,1,0,1,0,1,0,1,0,1,0,1,0,1,0,0,0,0.013882472129232033
1,0,1,0,60,1,1,95.75,5742.9,1,0,1,1,0,0,0,0,1,0,1,0,0,0,1,0,0,0,0,0,1,0,0.3529061890621032
1,0,1,1,15,1,0,19.35,278.85,0,0,0,0,1,1,0,1,0,1,0,1,0,1,0,1,0,0,1,0,0,1,0.02818842725601236
0,0,1,0,72,1,0,24.85,1871.85,0,0,1,0,1,1,0,1,0,1,0,1,0,1,0,1,0,0,1,1,0,0,0.0024143291444013062
1,0,1,0,30,1,1,94.05,2866.45,1,0,1,1,0,0,0,0,0,0,0,0,0,0,1,0,1,0,0,1,0,0,0.5721839351419585
0,0,1,1,42,1,1,100.4,4303.65,0,0,0,1,0,0,0,0,0,0,1,0,1,0,1,0,1,0,1,0,1,0,0.15052035000978042
0,0,1,0,71,1,0,25.0,1753.0,0,0,1,0,1,1,0,1,0,1,0,1,0,1,0,1,0,0,1,0,0,0,0.0028042406080243157
0,0,0,0,1,1,1,54.75,54.75,1,0,0,0,0,0,0,0,0,0,0,0,0,0,0,0,1,0,0,0,0,1,0.4918219984633193
1,1,0,0,39,1,1,95.65,3759.05,1,0,1,1,0,0,0,0,0,0,0,0,0,0,1,0,1,0,0,0,0,0,0.5882917212519349
0,0,0,0,35,1,0,19.25,617.65,0,0,0,0,1,1,0,1,0,1,0,1,0,1,0,1,0,0,0,0,0,0,0.04444352247983317
0,0,1,1,53,1,1,108.25,5935.1,0,0,0,1,0,0,0,0,1,0,1,0,1,0,1,0,1,0,0,0,0,0,0.26669691098044185
0,0,0,0,1,1,1,94.6,94.6,1,0,1,1,0,0,0,0,0,0,0,0,0,0,1,0,1,0,0,0,1,0,0.8220423166294278
0,1,1,1,31,1,1,98.9,2911.3,1,0,0,1,0,0,0,0,0,0,1,0,1,0,1,0,1,0,0,0,1,0,0.5139361026700727
1,0,0,0,48,1,0,20.15,982.95,0,0,0,0,1,1,0,1,0,1,0,1,0,1,0,1,0,0,1,1,0,0,0.005580230258655793
0,1,0,1,30,1,1,101.3,2974.5,0,0,1,1,0,0,0,0,0,0,0,0,1,0,1,0,1,0,0,0,1,0,0.5750705080504822
1,0,0,0,10,1,0,20.0,198.7,0,0,0,0,1,1,0,1,0,1,0,1,0,1,0,1,0,0,0,1,0,0,0.13128704463114346
0,0,0,1,12,1,1,105.3,1275.65,0,0,1,1,0,0,0,0,1,0,1,0,0,0,1,0,1,0,0,0,1,0,0.7052074630500073
0,1,0,0,57,1,0,69.85,4003.0,0,0,0,0,0,0,1,0,0,0,1,0,1,0,1,0,0,0,1,0,0,0,0.013571683310087344
0,0,1,0,58,1,1,65.25,3791.6,0,0,0,0,0,0,1,0,1,0,0,0,0,0,1,0,0,0,0,1,0,0,0.05375542298684496
0,0,0,0,37,1,0,19.8,813.3,0,0,0,0,1,1,0,1,0,1,0,1,0,1,0,1,0,0,1,0,0,1,0.01122970932942563
0,0,1,1,44,1,0,19.6,780.25,0,0,0,0,1,1,0,1,0,1,0,1,0,1,0,1,0,0,0,0,0,1,0.022328506350798905
1,0,0,1,27,1,0,20.05,552.9,0,0,0,0,1,1,0,1,0,1,0,1,0,1,0,1,0,1,0,1,0,0,0.022849370225898672
0,0,0,0,8,1,0,49.4,408.25,0,0,0,0,0,0,0,0,0,0,0,0,1,0,0,0,0,0,0,0,1,0,0.2793723833123334
1,1,0,0,3,1,1,76.05,231.8,1,0,1,1,0,0,0,0,0,0,0,0,0,0,0,0,0,0,0,0,1,0,0.7678153116253282
0,1,1,0,25,1,0,88.4,2191.15,0,0,0,1,0,0,0,0,1,0,1,0,0,0,0,0,1,0,0,0,0,0,0.4856818626395439
0,0,1,1,57,1,1,100.6,5611.7,0,0,1,1,0,0,0,0,1,0,0,0,0,0,1,0,1,0,0,0,1,0,0.40451942847002365
0,0,0,0,12,1,0,19.45,246.25,0,0,0,0,1,1,0,1,0,1,0,1,0,1,0,1,0,0,0,0,0,1,0.1319875587199165
0,0,1,1,62,1,0,20.3,1296.15,0,0,0,0,1,1,0,1,0,1,0,1,0,1,0,1,0,0,1,0,0,0,0.00267215619798136
0,0,1,0,65,1,1,107.65,7082.85,0,0,1,1,0,0,0,0,1,0,1,0,1,0,1,0,1,0,1,0,0,0,0.10286892635492342
0,0,1,0,71,1,1,80.45,5662.25,0,0,1,0,0,0,0,0,0,0,1,0,1,0,1,0,1,0,1,0,0,0,0.025675184070650177
0,0,1,1,21,1,1,58.85,1215.45,0,0,0,0,0,0,0,0,1,0,0,0,0,0,1,0,0,1,0,1,0,0,0.12115103874647631
1,0,1,0,71,1,1,109.6,7854.15,0,0,1,1,0,0,1,0,1,0,1,0,0,0,1,0,1,1,0,0,1,0,0.1744712246680885
0,0,0,0,7,1,1,75.15,525.0,0,0,0,1,0,0,0,0,0,0,1,0,0,0,0,0,0,0,0,0,1,0,0.6433918898235175
0,0,0,0,72,1,1,73.0,5265.2,0,0,0,0,0,0,1,0,1,0,1,0,1,0,0,0,1,0,1,1,0,0,0.00677235220032309
0,0,0,0,1,1,0,70.1,70.1,0,0,0,1,0,0,0,0,0,0,0,0,0,0,0,0,0,0,0,0,1,0,0.6352591230103201
0,0,1,1,72,1,1,98.65,7129.45,0,0,1,1,0,0,0,0,1,0,1,0,1,0,0,0,1,0,1,0,0,0,0.04653734072944825
0,0,1,1,64,1,1,111.45,7266.95,0,0,1,1,0,0,0,0,1,0,1,0,1,0,1,0,1,1,0,0,1,0,0.1825452078300338
0,0,0,0,72,1,1,114.9,8496.7,0,0,1,1,0,0,1,0,1,0,1,0,1,0,1,0,1,0,1,0,1,0,0.0834948503451648
0,0,0,0,29,1,0,100.55,2878.75,0,0,1,1,0,0,0,0,0,0,1,0,0,0,1,0,1,0,0,0,0,0,0.5387548658351526
0,0,0,0,13,1,1,20.4,261.3,0,0,0,0,1,1,0,1,0,1,0,1,0,1,0,1,0,0,1,0,0,1,0.04913116269104763
0,0,0,0,31,1,0,104.35,3205.6,0,0,1,1,0,0,1,0,1,0,0,0,0,0,1,0,1,0,0,0,1,0,0.4676334776232291
1,1,0,0,1,1,1,69.75,69.75,1,0,0,1,0,0,0,0,0,0,0,0,0,0,0,0,0,0,0,0,1,0,0.7424305835660604
1,0,1,1,7,0,1,34.5,279.25,1,1,0,0,0,0,1,0,0,0,0,0,1,0,0,0,0,0,0,0,1,0,0.33172831804972436
1,0,1,0,61,1,1,105.55,6281.45,1,0,1,1,0,0,0,0,1,0,1,0,0,0,1,0,1,0,0,0,1,0,0.43679069123799763
0,0,0,1,39,0,0,30.1,1131.3,1,1,0,0,0,0,0,0,0,0,1,0,0,0,0,0,0,0,0,1,0,0,0.10212785182748982
1,0,1,0,10,1,1,70.3,738.2,1,0,0,1,0,0,0,0,0,0,0,0,0,0,0,0,0,0,0,0,1,0,0.6262533109013948
0,0,1,1,14,1,0,80.45,1137.05,0,0,1,0,0,0,0,0,1,0,0,0,1,0,1,0,1,0,0,1,0,0,0.2517248806682039
0,0,0,0,1,1,1,80.2,80.2,1,0,1,1,0,0,0,0,1,0,0,0,0,0,0,0,0,0,0,0,0,1,0.6453689528107829
0,0,1,1,67,1,1,94.35,6341.45,1,0,1,1,0,0,1,0,0,0,0,0,1,0,0,0,1,1,0,1,0,0,0.053739089697285566
0,0,0,0,72,1,1,91.35,6697.2,0,0,1,0,0,0,1,0,1,0,1,0,1,0,1,0,1,0,1,0,0,0,0.01785346957337951
1,0,1,1,6,1,1,44.6,260.8,1,0,0,0,0,0,0,0,0,0,0,0,0,0,0,0,0,0,0,0,0,0,0.34259721575935853
0,0,0,0,1,1,1,19.6,19.6,1,0,0,0,1,1,0,1,0,1,0,1,0,1,0,1,0,0,0,0,0,1,0.2627329406766987
1,0,1,1,25,1,0,19.9,505.45,0,0,0,0,1,1,0,1,0,1,0,1,0,1,0,1,0,1,0,0,1,0,0.039066754556055
0,1,0,0,33,1,1,110.45,3655.45,1,0,1,1,0,0,0,0,1,0,1,0,1,0,1,0,1,0,0,0,1,0,0.6023533688457845
1,0,0,0,18,1,1,68.35,1299.8,0,0,0,0,0,0,1,0,0,0,1,0,1,0,1,0,0,0,0,0,1,0,0.22130986158669763
1,0,1,0,71,1,1,79.1,5564.85,0,0,0,0,0,0,0,0,1,0,1,0,1,0,1,0,1,0,1,1,0,0,0.01543242661381593
1,1,1,1,28,1,1,51.0,1381.8,0,0,1,0,0,0,0,0,0,0,0,0,0,0,0,0,0,1,0,0,1,0,0.16455735052203116
0,0,0,1,2,1,0,80.55,188.1,0,0,1,1,0,0,1,0,0,0,0,0,0,0,0,0,0,0,0,1,0,0,0.4207818626950528
1,0,1,1,17,1,1,66.7,1077.05,0,0,1,0,0,0,0,0,1,0,1,0,1,0,0,0,0,0,0,0,0,1,0.18558481220735884
1,0,0,0,56,1,1,86.4,4922.4,0,0,1,1,0,0,1,0,1,0,0,0,0,0,0,0,0,0,0,0,1,0,0.20912993781905806
0,0,1,0,60,0,0,50.05,2911.5,0,1,0,0,0,0,1,0,1,0,1,0,0,0,0,0,1,1,0,0,1,0,0.036243966229846256
0,0,0,0,33,1,0,25.7,826.1,0,0,1,0,1,1,0,1,0,1,0,1,0,1,0,1,0,0,1,1,0,0,0.016306955913928244
0,0,0,0,1,1,1,83.4,83.4,0,0,0,1,0,0,1,0,1,0,0,0,1,0,0,0,0,0,0,0,0,1,0.38393475217002426
1,0,0,0,2,1,0,70.7,140.7,1,0,0,1,0,0,0,0,0,0,0,0,0,0,0,0,0,0,0,1,0,0,0.5200183263309344
1,0,1,0,63,1,1,84.65,5377.8,0,0,1,1,0,0,1,0,0,0,0,0,1,0,0,0,0,0,1,1,0,0,0.028591488517486458
1,1,1,0,7,1,1,99.25,665.45,1,0,1,1,0,0,0,0,0,0,1,0,0,0,1,0,1,0,0,0,1,0,0.8331674006942578
0,0,0,0,55,1,1,64.75,3617.1,0,0,0,0,0,0,0,0,1,0,1,0,0,0,0,0,1,0,1,0,0,1,0.027562951649346683
0,0,1,0,65,1,1,100.15,6643.5,0,0,1,1,0,0,1,0,1,0,0,0,1,0,1,0,0,1,0,0,0,0,0.0788459515898834
1,0,1,0,1,1,1,84.8,84.8,1,0,0,1,0,0,0,0,0,0,0,0,1,0,1,0,0,0,0,0,1,0,0.6583868406030249
1,0,0,0,63,1,0,25.25,1559.3,0,0,1,0,1,1,0,1,0,1,0,1,0,1,0,1,0,0,1,0,0,1,0.0036741259717125423
0,1,1,0,70,1,1,113.0,7987.6,0,0,1,1,0,0,1,0,1,0,1,0,1,0,1,0,1,0,1,1,0,0,0.07553053408314625
0,0,1,1,36,0,0,40.65,1547.35,0,1,0,0,0,0,1,0,0,0,1,0,1,0,0,0,0,0,1,1,0,0,0.018236316613817114
1,0,0,0,52,1,1,105.0,5426.85,1,0,0,1,0,0,0,0,1,0,1,0,1,0,1,0,1,1,0,0,0,0,0.1554531222874425
1,0,0,0,22,1,1,54.45,1127.35,1,0,1,0,0,0,1,0,0,0,0,0,0,0,0,0,0,0,0,0,1,0,0.24590928142710805
1,0,0,0,22,1,1,94.95,2142.8,0,0,0,1,0,0,0,0,1,0,1,0,1,0,0,0,1,0,0,0,0,0,0.4008370584806302
0,1,0,0,5,1,0,59.9,287.85,0,0,0,0,0,0,1,0,1,0,0,0,1,0,0,0,0,0,0,1,0,0,0.17911460646169594
0,0,1,0,47,1,1,85.3,4045.65,1,0,0,1,0,0,0,0,0,0,1,0,0,0,0,0,1,0,0,0,1,0,0.40120092263507423
0,0,0,0,33,1,1,83.35,2757.85,1,0,1,1,0,0,0,0,0,0,0,0,0,0,0,0,1,0,0,0,1,0,0.5602740077151983
1,0,0,0,18,0,1,33.5,600.0,1,1,0,0,0,0,0,0,1,0,1,0,0,0,0,0,0,0,0,1,0,0,0.321866911764041
0,0,0,0,1,1,0,19.8,19.8,0,0,0,0,1,1,0,1,0,1,0,1,0,1,0,1,0,0,0,1,0,0,0.20124805605918966
1,0,0,0,56,1,1,81.8,4534.45,0,0,0,0,0,0,0,0,1,0,1,0,1,0,1,0,1,0,1,1,0,0,0.02504765592028093
0,0,0,0,2,1,1,20.0,40.9,0,0,0,0,1,1,0,1,0,1,0,1,0,1,0,1,0,0,0,0,0,1,0.25195389238760696
1,0,0,0,35,1,1,59.6,2094.9,0,0,1,0,0,0,1,0,0,0,1,0,0,0,0,0,0,0,0,0,1,0,0.16580393226947202
0,0,1,0,64,1,0,25.0,1584.8,0,0,1,0,1,1,0,1,0,1,0,1,0,1,0,1,0,0,1,1,0,0,0.003536488296694464
0,0,0,0,15,1,1,84.35,1302.65,0,0,1,1,0,0,1,0,0,0,1,0,0,0,0,0,0,0,0,1,0,0,0.4341528181599085
1,0,0,0,24,1,1,90.35,2238.5,1,0,0,1,0,0,0,0,0,0,0,0,0,0,1,0,1,0,0,0,1,0,0.6389651413290781
1,0,0,0,1,1,0,55.55,55.55,0,0,0,0,0,0,0,0,0,0,0,0,0,0,0,0,1,0,0,0,0,1,0.4142983383150789
0,0,1,1,70,1,0,75.35,5437.75,0,0,0,0,0,0,1,0,0,0,0,0,1,0,1,0,1,0,1,1,0,0,0.007319838062874529
1,0,1,0,1,1,1,90.75,90.75,1,0,0,1,0,0,0,0,0,0,0,0,0,0,1,0,1,0,0,0,1,0,0.7885154362273524
0,0,0,1,4,1,0,89.6,365.65,1,0,1,1,0,0,0,0,1,0,0,0,0,0,1,0,0,0,0,0,0,1,0.5623058332934656
0,0,0,0,39,1,0,59.3,2209.15,0,0,0,0,0,0,0,0,0,0,0,0,1,0,0,0,1,1,0,0,1,0,0.06105737376266574
0,0,0,0,29,1,1,66.1,1912.15,0,0,1,0,0,0,1,0,0,0,0,0,0,0,0,0,1,0,0,0,1,0,0.2625910974249966
0,0,1,1,14,1,0,18.8,255.55,0,0,0,0,1,1,0,1,0,1,0,1,0,1,0,1,0,0,1,0,0,1,0.030760065212886142
0,0,0,0,61,1,0,86.45,5175.3,0,0,1,0,0,0,1,0,0,0,1,0,1,0,1,0,1,0,1,1,0,0,0.01622389529735316
1,0,0,1,13,1,1,52.1,670.65,0,0,0,0,0,0,1,0,0,0,0,0,0,0,0,0,0,0,0,1,0,0,0.1693019205574506
0,0,0,0,66,0,1,47.4,3177.25,0,1,0,0,0,0,1,0,1,0,1,0,1,0,0,0,0,0,1,0,0,1,0.007513486079223521
1,0,0,0,2,0,1,49.25,90.35,1,1,0,0,0,0,0,0,0,0,1,0,0,0,1,0,1,0,0,0,1,0,0.7366488292685601
0,0,1,0,59,1,1,109.15,6557.75,0,0,1,1,0,0,1,0,1,0,1,0,0,0,1,0,1,1,0,1,0,0,0.16731753569686325
1,0,1,1,62,1,1,94.95,5791.85,0,0,1,1,0,0,1,0,1,0,0,0,0,0,1,0,0,1,0,1,0,0,0.07608334992819334
1,1,1,0,33,1,1,93.55,3055.5,0,0,0,1,0,0,1,0,1,0,0,0,1,0,0,0,1,1,0,0,1,0,0.20470791947160408
1,0,0,1,66,1,1,79.5,5196.1,0,0,0,0,0,0,0,0,1,0,1,0,1,0,1,0,1,0,1,1,0,0,0.014132198019927407
0,0,0,0,72,1,0,115.05,8405.0,0,0,1,1,0,0,1,0,1,0,1,0,1,0,1,0,1,0,1,1,0,0,0.0432158970621657
1,0,0,1,1,1,0,19.75,19.75,1,0,0,0,1,1,0,1,0,1,0,1,0,1,0,1,0,0,0,0,0,1,0.174009357255883
0,0,0,0,19,1,1,95.15,1789.25,1,0,1,1,0,0,1,0,1,0,0,0,0,0,0,0,1,0,0,0,1,0,0.5456558600278498
0,0,1,1,51,1,1,95.15,5000.05,0,0,1,1,0,0,1,0,0,0,0,0,1,0,1,0,0,1,0,0,0,1,0.09210854378591432
1,0,0,0,63,1,0,105.4,6713.2,0,0,1,1,0,0,0,0,1,0,0,0,1,0,1,0,1,0,0,0,1,0,0.27656426201428524
1,0,0,0,27,1,0,20.1,562.6,0,0,0,0,1,1,0,1,0,1,0,1,0,1,0,1,0,1,0,0,0,0,0.032108690616714314
1,0,0,0,22,1,1,101.35,2317.1,1,0,1,1,0,0,1,0,0,0,0,0,0,0,1,0,1,0,0,0,0,0,0.5506657328019315
0,1,0,0,4,1,0,20.05,91.45,0,0,0,0,1,1,0,1,0,1,0,1,0,1,0,1,0,0,0,0,0,1,0.23065810177990212
1,0,1,1,42,1,0,20.7,828.85,0,0,0,0,1,1,0,1,0,1,0,1,0,1,0,1,0,0,1,0,0,1,0.0068356915486534565
0,0,0,0,29,1,0,20.35,617.35,0,0,0,0,1,1,0,1,0,1,0,1,0,1,0,1,0,1,0,0,0,1,0.02834890451707176
0,0,0,0,4,1,1,70.05,266.9,1,0,0,1,0,0,0,0,0,0,0,0,0,0,0,0,0,0,0,1,0,0,0.5776197348386017
1,0,0,0,30,1,0,19.7,625.05,0,0,0,0,1,1,0,1,0,1,0,1,0,1,0,1,0,1,0,0,0,1,0.02614922740206725
1,0,1,0,4,1,1,74.65,301.4,1,0,1,1,0,0,0,0,0,0,0,0,0,0,0,0,0,0,0,0,1,0,0.7233920252534523
1,0,1,1,71,1,0,85.45,6029.9,0,0,0,0,0,0,1,0,1,0,1,0,1,0,1,0,1,0,1,0,0,0,0.007863989785692435
1,0,1,0,46,0,0,40.4,1842.7,0,1,0,0,0,0,1,0,0,0,1,0,1,0,0,0,0,0,1,1,0,0,0.013417048341087987
1,0,0,0,4,1,0,50.4,206.6,1,0,1,0,0,0,0,0,0,0,0,0,0,0,0,0,0,0,0,0,0,1,0.377238809124973
0,0,0,0,7,1,1,79.65,604.7,1,0,1,1,0,0,1,0,0,0,0,0,0,0,0,0,0,0,0,0,0,1,0.5211866988533658
1,0,0,0,69,1,1,105.2,7386.05,0,0,1,1,0,0,0,0,1,0,0,0,1,0,1,0,1,1,0,0,0,0,0.1351058528761715
0,0,1,0,72,1,0,100.65,7334.05,0,0,1,1,0,0,1,0,1,0,1,0,0,0,1,0,0,0,1,0,0,0,0.04418898628062233
1,1,0,0,19,1,1,79.85,1471.75,1,0,1,1,0,0,0,0,0,0,1,0,0,0,0,0,0,0,0,0,1,0,0.6503171767312058
1,0,0,0,28,1,0,91.0,2626.15,0,0,0,1,0,0,0,0,0,0,1,0,1,0,0,0,1,0,0,0,1,0,0.37777129005923327
1,0,1,0,5,1,1,78.75,412.1,1,0,1,1,0,0,0,0,1,0,0,0,0,0,0,0,0,0,0,0,1,0,0.6947219035280456
0,1,1,0,72,1,1,116.75,8277.05,0,0,1,1,0,0,1,0,1,0,1,0,1,0,1,0,1,0,1,1,0,0,0.07105177892435405
1,1,1,1,8,1,1,80.45,583.45,1,0,0,1,0,0,0,0,0,0,0,0,0,0,1,0,0,0,0,1,0,0,0.6119085917960466
0,0,0,0,7,1,1,59.1,369.25,0,0,0,0,0,0,1,0,0,0,0,0,0,0,0,0,1,1,0,0,1,0,0.2390611100519187
0,0,0,0,22,1,1,49.8,1049.05,0,0,0,0,0,0,1,0,0,0,0,0,0,0,0,0,0,0,0,0,1,0,0.20854403054412182
1,0,0,0,72,1,0,19.3,1414.8,0,0,0,0,1,1,0,1,0,1,0,1,0,1,0,1,0,0,1,0,0,0,0.0017786538363148935
1,0,1,1,8,1,0,19.65,169.75,0,0,0,0,1,1,0,1,0,1,0,1,0,1,0,1,0,0,0,1,0,0,0.12499067989085698
1,0,1,0,52,1,1,81.4,4354.45,0,0,1,0,0,0,1,0,1,0,1,0,1,0,0,0,1,1,0,1,0,0,0.03396229894304461
0,0,0,0,68,0,0,38.9,2719.2,0,1,0,0,0,0,1,0,0,0,1,0,1,0,0,0,0,0,1,0,0,1,0.005177232210840023
0,0,1,0,71,1,0,87.95,6365.35,0,0,1,0,0,0,1,0,1,0,1,0,1,0,1,0,1,0,1,0,0,0,0.014189689128631111
1,0,0,0,2,1,0,19.85,51.6,0,0,0,0,1,1,0,1,0,1,0,1,0,1,0,1,0,0,0,0,0,1,0.19949899906919188
0,1,0,0,34,1,1,96.35,3190.25,0,0,1,1,0,0,0,0,1,0,0,0,1,0,1,0,0,0,0,0,1,0,0.49586223285274666
0,0,0,0,35,0,0,24.15,812.5,0,1,0,0,0,0,0,0,0,0,0,0,0,0,0,0,0,0,0,0,1,0,0.19999346602762708
0,0,1,1,61,1,0,19.1,1143.8,0,0,0,0,1,1,0,1,0,1,0,1,0,1,0,1,0,1,0,1,0,0,0.004109094033403265
1,0,0,0,1,1,0,44.0,44.0,0,0,0,0,0,0,0,0,0,0,0,0,0,0,0,0,0,0,0,0,1,0,0.4374287466590462
0,0,0,0,1,1,1,50.1,50.1,1,0,1,0,0,0,0,0,0,0,0,0,0,0,0,0,0,0,0,0,0,1,0.48418976204977626
0,0,1,1,53,1,0,60.6,3297.0,0,0,0,0,0,0,0,0,0,0,1,0,0,0,0,0,1,1,0,1,0,0,0.032107044736246655
0,0,1,0,72,1,0,25.65,1887.0,0,0,1,0,1,1,0,1,0,1,0,1,0,1,0,1,0,0,1,0,0,0,0.002737054729182315
1,0,1,0,2,1,0,76.4,151.8,1,0,0,1,0,0,0,0,0,0,1,0,0,0,0,0,0,0,0,0,1,0,0.6229549901670279
1,0,0,0,3,1,1,98.7,293.65,1,0,0,1,0,0,0,0,0,0,1,0,1,0,1,0,1,0,0,0,1,0,0.6867458039147385
0,1,0,0,13,1,1,100.8,1308.1,1,0,1,1,0,0,1,0,0,0,0,0,0,0,1,0,1,0,0,0,1,0,0.7297475125354821
1,1,1,0,41,0,1,53.95,2215.4,0,1,0,0,0,0,0,0,1,0,1,0,0,0,1,0,1,0,0,0,1,0,0.39339387920033
0,0,1,0,24,1,0,20.4,482.8,0,0,0,0,1,1,0,1,0,1,0,1,0,1,0,1,0,1,0,1,0,0,0.035461446992240686
0,0,1,1,28,1,1,90.1,2598.95,1,0,0,1,0,0,0,0,0,0,0,0,0,0,1,0,1,1,0,0,0,0,0.32942383996493796
1,0,0,0,8,0,0,29.35,216.45,0,1,0,0,0,0,1,0,0,0,0,0,0,0,0,0,0,0,0,0,0,1,0.31312865691907227
1,0,0,0,1,1,1,20.45,20.45,0,0,0,0,1,1,0,1,0,1,0,1,0,1,0,1,0,0,0,0,0,1,0.2549201072329496
0,0,0,0,54,1,1,95.1,5064.85,0,0,1,1,0,0,0,0,0,0,1,0,1,0,0,0,1,0,1,0,0,0,0.09011254541327225
1,0,0,0,41,1,1,25.25,996.45,0,0,1,0,1,1,0,1,0,1,0,1,0,1,0,1,0,0,0,0,0,0,0.054323897213795616
0,0,1,0,19,1,0,44.9,839.65,0,0,0,0,0,0,0,0,0,0,0,0,0,0,0,0,0,0,0,0,0,1,0.21009181030242732
0,0,1,1,72,1,0,92.65,6733.0,0,0,1,0,0,0,1,0,1,0,1,0,1,0,1,0,1,0,1,0,0,0,0.011526859069352753
1,0,0,0,62,0,1,43.7,2618.3,0,1,0,0,0,0,1,0,1,0,1,0,1,0,0,0,0,0,1,0,0,0,0.008510942599291884
0,1,1,1,56,1,1,72.6,4084.35,0,0,0,0,0,0,1,0,0,0,0,0,1,0,1,0,1,0,1,1,0,0,0.01911432706527547
1,0,0,0,15,1,0,51.55,765.5,1,0,1,0,0,0,0,0,0,0,0,0,0,0,0,0,0,0,0,0,1,0,0.33997854002632544
1,1,0,0,10,1,1,79.25,793.55,1,0,0,1,0,0,0,0,0,0,0,0,0,0,0,0,1,0,0,0,1,0,0.7306984122712112
1,0,1,1,32,1,0,18.95,613.95,0,0,0,0,1,1,0,1,0,1,0,1,0,1,0,1,0,0,1,0,0,1,0.011690690916287785
1,0,0,0,21,1,0,20.5,402.85,0,0,0,0,1,1,0,1,0,1,0,1,0,1,0,1,0,0,0,1,0,0,0.07718001367644696
1,0,1,1,62,1,0,19.95,1244.8,0,0,0,0,1,1,0,1,0,1,0,1,0,1,0,1,0,1,0,0,0,0,0.004361509119818549
0,0,0,0,2,0,0,24.5,46.4,0,1,0,0,0,0,0,0,0,0,0,0,0,0,0,0,0,0,0,0,1,0,0.5801887487116034
1,0,0,1,27,1,0,20.6,581.85,0,0,0,0,1,1,0,1,0,1,0,1,0,1,0,1,0,0,1,0,0,1,0.014524333946201083
1,0,0,0,5,1,1,94.85,462.8,1,0,1,1,0,0,0,0,0,0,0,0,0,0,1,0,1,0,0,0,0,0,0.7506270220290585
0,0,0,0,25,0,0,61.05,1540.2,0,1,0,0,0,0,1,0,1,0,1,0,0,0,1,0,1,1,0,0,1,0,0.18746342977285813
0,0,0,0,2,1,1,85.7,169.8,1,0,1,1,0,0,0,0,0,0,0,0,0,0,0,0,1,0,0,0,1,0,0.778407484161347
1,0,0,0,49,1,1,106.65,5168.1,0,0,1,1,0,0,0,0,1,0,0,0,1,0,1,0,1,1,0,0,0,0,0.20268718961801938
0,0,0,0,63,1,0,108.25,6780.1,0,0,1,1,0,0,1,0,1,0,1,0,0,0,1,0,1,0,0,1,0,0,0.20845761212438174
0,0,0,1,4,1,0,20.4,94.5,0,0,0,0,1,1,0,1,0,1,0,1,0,1,0,1,0,0,0,1,0,0,0.1471835094761181
0,0,1,0,1,1,1,55.3,55.3,0,0,0,0,0,0,0,0,0,0,0,0,0,0,1,0,0,0,0,0,0,1,0.49858608998559495
1,0,0,0,11,1,0,20.25,208.0,0,0,0,0,1,1,0,1,0,1,0,1,0,1,0,1,0,0,0,0,0,1,0.13276972815696647
1,1,0,0,52,1,1,72.95,3829.75,0,0,1,1,0,0,0,0,0,0,0,0,0,0,0,0,0,0,0,0,0,0,0.3028451964339059
0,1,1,0,60,1,0,89.45,5294.6,0,0,1,1,0,0,0,0,1,0,0,0,0,0,0,0,1,0,0,0,1,0,0.33808704103442305
1,0,0,0,64,1,1,104.65,6889.8,0,0,1,1,0,0,0,0,0,0,1,0,1,0,1,0,1,1,0,1,0,0,0.14969902824689604
0,0,1,1,43,1,0,75.2,3254.35,0,0,0,0,0,0,1,0,0,0,1,0,0,0,1,0,1,0,1,0,0,0,0.030648869807984203
0,0,1,0,61,1,0,101.15,6383.9,0,0,1,1,0,0,0,0,0,0,0,0,1,0,1,0,1,1,0,0,0,0,0.1456538106076841
0,0,0,0,1,1,0,44.4,44.4,1,0,0,0,0,0,0,0,0,0,0,0,0,0,0,0,0,0,0,0,0,1,0.36588674814174477
1,1,0,0,5,1,1,89.5,477.7,1,0,0,1,0,0,0,0,0,0,0,0,0,0,1,0,1,0,0,0,1,0,0.8055315360667326
1,0,0,0,66,1,0,68.75,4447.55,0,0,1,0,0,0,1,0,1,0,1,0,1,0,0,0,0,0,1,0,0,0,0.006093282798774431
1,0,1,0,67,1,1,111.05,7321.05,0,0,0,1,0,0,1,0,1,0,1,0,1,0,1,0,1,0,1,0,1,0,0.06453272203743611
0,0,1,0,42,1,1,99.0,4135.0,0,0,0,1,0,0,0,0,0,0,1,0,1,0,1,0,1,0,1,1,0,0,0.1246600401235453
1,1,1,0,1,1,1,86.05,86.05,1,0,1,1,0,0,0,0,0,0,0,0,0,0,1,0,0,0,0,0,1,0,0.8243148516451969
0,0,1,1,31,1,0,21.0,697.7,0,0,0,0,1,1,0,1,0,1,0,1,0,1,0,1,0,0,1,0,0,1,0.012871160709020422
1,0,0,0,7,1,1,19.4,168.65,0,0,0,0,1,1,0,1,0,1,0,1,0,1,0,1,0,0,0,0,0,1,0.20244560342782525
1,0,0,0,4,0,1,44.55,174.3,1,1,0,0,0,0,0,0,0,0,0,0,0,0,1,0,1,0,0,0,1,0,0.7223265935348417
1,0,1,1,34,1,0,77.2,2753.8,0,0,1,0,0,0,0,0,0,0,1,0,0,0,1,0,1,1,0,0,0,0,0.12734296213136323
1,0,0,0,3,1,1,19.45,69.25,0,0,0,0,1,1,0,1,0,1,0,1,0,1,0,1,0,1,0,0,0,1,0.12806196581241505
0,0,1,1,19,0,1,24.85,434.8,0,1,0,0,0,0,0,0,0,0,0,0,0,0,0,0,0,0,0,0,0,1,0.31274194148090795
1,0,1,1,31,0,0,35.4,1077.5,1,1,0,0,0,0,1,0,0,0,0,0,1,0,0,0,0,0,0,0,0,0,0.08132976814172664
0,0,0,0,1,1,0,95.65,95.65,1,0,1,1,0,0,0,0,0,0,0,0,0,0,1,0,1,0,0,0,0,1,0.7150123947949443
1,0,0,0,3,0,0,41.35,107.25,0,1,0,0,0,0,1,0,0,0,1,0,1,0,0,0,0,0,0,0,0,1,0.2710759150753487
1,0,1,0,46,1,0,19.6,851.2,0,0,0,0,1,1,0,1,0,1,0,1,0,1,0,1,0,0,0,0,1,0,0.033477882304431245
0,0,0,0,1,1,0,20.95,20.95,1,0,0,0,1,1,0,1,0,1,0,1,0,1,0,1,0,0,0,0,0,1,0.2111814107437444
0,0,1,1,69,1,0,84.45,5848.6,0,0,1,1,0,0,1,0,0,0,1,0,0,0,0,0,0,1,0,0,0,0,0.042030643550852904
1,0,0,0,5,1,0,20.25,109.8,0,0,0,0,1,1,0,1,0,1,0,1,0,1,0,1,0,0,0,0,0,1,0.17471237491347094
1,0,0,0,1,1,0,19.65,19.65,0,0,0,0,1,1,0,1,0,1,0,1,0,1,0,1,0,0,0,0,0,0,0.21740599459458954
1,0,0,0,26,1,1,20.65,595.5,0,0,0,0,1,1,0,1,0,1,0,1,0,1,0,1,0,1,0,1,0,0,0.039243252007559806
0,1,0,0,10,0,1,34.7,329.8,1,1,0,0,0,0,0,0,0,0,0,0,0,0,0,0,1,0,0,0,1,0,0.6711836839002806
1,0,0,0,25,1,0,99.3,2513.5,0,0,0,1,0,0,0,0,0,0,1,0,1,0,1,0,1,0,1,0,0,0,0.15822096653332401
1,0,1,1,64,1,0,81.05,5135.35,0,0,0,1,0,0,1,0,1,0,0,0,0,0,0,0,0,0,0,0,1,0,0.08359580268916605
1,0,1,1,30,1,0,67.6,2000.2,0,0,1,0,0,0,1,0,1,0,1,0,1,0,0,0,0,0,0,0,1,0,0.08963362760134967
1,0,0,0,13,1,1,70.15,931.75,0,0,0,1,0,0,0,0,0,0,0,0,0,0,0,0,0,0,0,0,1,0,0.5867450103305464
0,0,1,0,64,1,1,115.0,7396.15,0,0,1,1,0,0,1,0,1,0,1,0,1,0,1,0,1,1,0,0,1,0,0.1576631253547941
0,0,0,1,46,1,1,84.8,3958.85,0,0,1,1,0,0,0,0,0,0,1,0,1,0,0,0,0,0,0,0,0,0,0.20595986540389724
0,0,0,0,12,1,0,19.7,260.9,0,0,0,0,1,1,0,1,0,1,0,1,0,1,0,1,0,1,0,0,0,1,0.06699733554250141
0,0,0,0,15,1,0,19.75,297.3,1,0,0,0,1,1,0,1,0,1,0,1,0,1,0,1,0,0,0,0,0,0,0.12020528383420971
1,0,1,1,17,1,1,92.55,1515.1,1,0,1,1,0,0,0,0,0,0,0,0,0,0,1,0,1,0,0,0,1,0,0.6983119069854927
0,0,1,1,13,1,1,63.15,816.8,0,0,0,0,0,0,1,0,0,0,1,0,0,0,0,0,1,0,0,0,0,1,0.24375524812742014
0,0,1,1,67,1,0,74.0,4868.4,0,0,1,0,0,0,1,0,1,0,0,0,1,0,1,0,0,0,1,1,0,0,0.006416646796571468
1,0,1,0,24,0,0,29.1,688.0,0,1,0,0,0,0,0,0,0,0,1,0,0,0,0,0,0,0,0,0,1,0,0.3141666421145084
1,0,0,0,6,1,0,50.05,288.35,0,0,0,0,0,0,0,0,0,0,0,0,1,0,0,0,0,0,0,0,0,1,0.2257428789928938
1,1,1,0,53,1,1,60.05,3229.65,1,0,1,0,0,0,1,0,0,0,0,0,1,0,0,0,0,1,0,0,1,0,0.03998366606690993
1,1,1,0,16,1,1,74.3,1178.25,1,0,0,1,0,0,0,0,1,0,0,0,0,0,0,0,0,0,0,1,0,0,0.5112470569060448
1,0,0,0,10,1,0,20.0,185.4,0,0,0,0,1,1,0,1,0,1,0,1,0,1,0,1,0,0,0,0,1,0,0.1831838422125916
0,0,0,0,13,1,1,74.65,966.25,0,0,0,1,0,0,0,0,1,0,0,0,0,0,0,0,0,1,0,0,0,1,0.3092603648387891
1,0,0,0,9,1,1,85.35,758.6,1,0,1,1,0,0,0,0,0,0,0,0,0,0,1,0,0,0,0,0,1,0,0.7265592340343637
0,0,0,0,25,1,0,74.3,1863.8,1,0,0,0,0,0,1,0,1,0,1,0,1,0,1,0,0,1,0,0,0,1,0.04971084435355448
1,1,0,0,7,0,1,44.4,265.8,0,1,0,0,0,0,0,0,1,0,0,0,1,0,0,0,1,0,0,0,1,0,0.5733128144483499
1,0,1,1,38,1,1,85.4,3297.0,0,0,1,0,0,0,1,0,0,0,1,0,1,0,1,0,1,0,1,0,0,0,0.04261947794561115
0,0,1,0,43,1,1,94.1,4107.3,0,0,1,1,0,0,1,0,1,0,0,0,0,0,0,0,1,0,0,0,1,0,0.38606860771641616
0,0,0,1,4,1,1,98.1,396.3,1,0,0,1,0,0,0,0,0,0,1,0,1,0,1,0,1,0,0,0,0,0,0.5763464726681732
0,0,0,0,25,1,0,108.9,2809.05,0,0,1,1,0,0,0,0,1,0,1,0,1,0,1,0,1,0,1,0,1,0,0.2352678036155175
1,0,0,1,27,1,0,56.2,1567.55,0,0,0,0,0,0,1,0,1,0,0,0,0,0,0,0,0,1,0,0,0,1,0.03878452552443117
1,0,1,1,72,1,0,26.1,1851.45,0,0,1,0,1,1,0,1,0,1,0,1,0,1,0,1,0,0,1,0,0,1,0.001981745844882853
1,0,0,1,71,1,1,85.45,6028.95,0,0,1,1,0,0,1,0,1,0,0,0,0,0,0,0,0,1,0,1,0,0,0.037806347890495265
0,0,0,0,24,1,1,88.95,2072.75,0,0,1,1,0,0,0,0,0,0,1,0,0,0,1,0,0,0,0,1,0,0,0.5297864754776191
0,0,0,0,50,1,1,109.65,5551.15,1,0,1,1,0,0,1,0,1,0,0,0,1,0,1,0,1,0,1,0,1,0,0.12191615838191087
1,0,0,0,57,1,1,74.35,4317.35,0,0,0,0,0,0,1,0,0,0,1,0,0,0,1,0,1,0,1,0,0,0,0.02827834177630553
0,0,0,0,15,1,0,48.85,736.8,0,0,0,0,0,0,0,0,1,0,0,0,0,0,0,0,0,0,0,0,1,0,0.27801225600243795
1,0,0,0,4,1,1,80.1,336.15,0,0,1,1,0,0,1,0,0,0,0,0,0,0,0,0,0,0,0,0,1,0,0.6153236880272795
0,0,0,0,28,1,0,56.05,1522.65,0,0,0,0,0,0,1,0,1,0,0,0,0,0,0,0,0,0,0,0,1,0,0.12444635818697916
0,1,0,0,9,1,1,74.55,622.9,1,0,1,1,0,0,0,0,0,0,0,0,0,0,0,0,0,0,0,0,1,0,0.7328209242692527
0,0,1,0,55,1,1,89.8,4959.6,0,0,1,1,0,0,1,0,0,0,0,0,0,0,1,0,0,0,0,0,0,0,0.25310539331631265
1,0,0,0,3,1,1,100.95,329.95,1,0,1,1,0,0,0,0,0,0,1,0,0,0,1,0,1,0,0,0,1,0,0.8046704820348198
1,0,0,0,10,1,1,94.9,1048.85,1,0,0,1,0,0,0,0,0,0,1,0,0,0,1,0,1,0,0,0,1,0,0.7339092529133325
1,0,0,1,55,1,0,19.1,1001.5,0,0,0,0,1,1,0,1,0,1,0,1,0,1,0,1,0,1,0,0,0,0,0.005864707827061087
0,0,1,1,20,1,0,20.35,442.6,0,0,0,0,1,1,0,1,0,1,0,1,0,1,0,1,0,0,0,0,0,1,0.07774843680782148
0,0,1,1,62,1,1,106.05,6703.5,0,0,1,1,0,0,0,0,1,0,0,0,1,0,1,0,1,1,0,1,0,0,0.12719876954643855
1,1,1,0,32,1,1,104.9,3351.55,1,0,1,1,0,0,0,0,0,0,1,0,1,0,1,0,1,0,0,0,1,0,0.6285302942153543
0,0,0,0,43,1,1,19.65,779.25,0,0,0,0,1,1,0,1,0,1,0,1,0,1,0,1,0,0,1,0,0,0,0.010874406813578506
1,0,1,0,9,0,0,24.1,259.8,1,1,0,0,0,0,0,0,0,0,0,0,0,0,0,0,0,1,0,0,0,0,0.26387944542005765
0,0,1,0,60,1,0,59.85,3483.45,0,0,0,0,0,0,1,0,1,0,0,0,1,0,0,0,0,0,1,0,0,0,0.005708102842795538
1,0,1,0,58,1,1,86.1,4890.5,0,0,1,0,0,0,1,0,1,0,1,0,0,0,1,0,1,0,1,0,1,0,0.04641600219567108
1,0,0,1,7,1,0,19.45,136.75,0,0,0,0,1,1,0,1,0,1,0,1,0,1,0,1,0,1,0,0,0,1,0.0675345685843942
1,0,1,1,2,1,0,97.1,184.15,0,0,0,1,0,0,1,0,0,0,0,0,0,0,1,0,1,0,0,0,1,0,0.5823259045055064
1,1,0,0,37,0,0,36.65,1315.0,0,1,0,0,0,0,0,0,1,0,1,0,0,0,0,0,0,0,0,0,1,0,0.21534567869417334
0,1,1,1,65,1,1,103.9,6767.1,0,0,1,1,0,0,0,0,0,0,1,0,1,0,1,0,1,1,0,0,0,0,0.1716946040667845
0,0,1,1,39,1,0,19.75,757.95,0,0,0,0,1,1,0,1,0,1,0,1,0,1,0,1,0,0,1,0,0,1,0.00831451222597792
1,0,1,0,66,1,1,104.05,6890.0,1,0,1,1,0,0,0,0,1,0,0,0,1,0,1,0,1,1,0,0,1,0,0.18226732677938387
1,0,0,0,68,1,0,24.55,1657.4,0,0,1,0,1,1,0,1,0,1,0,1,0,1,0,1,0,0,1,0,0,1,0.0028402214773072597
0,0,1,1,62,0,0,48.7,3008.55,0,1,0,0,0,0,1,0,1,0,0,0,1,0,1,0,0,0,1,0,0,0,0.008178509416034055
1,0,0,0,3,1,1,88.35,262.05,1,0,0,1,0,0,0,0,0,0,1,0,1,0,1,0,0,0,0,0,0,1,0.5516360694534583
0,0,1,0,72,1,1,109.55,8165.1,0,0,1,1,0,0,1,0,1,0,1,0,0,0,1,0,1,0,1,0,1,0,0.1169651281118553
0,0,1,0,41,1,0,20.65,875.55,0,0,0,0,1,1,0,1,0,1,0,1,0,1,0,1,0,0,1,1,0,0,0.008788545533172059
1,0,1,1,29,1,0,94.65,2649.15,1,0,0,1,0,0,1,0,0,0,0,0,0,0,1,0,1,0,0,1,0,0,0.29293215508211873
0,0,0,0,4,1,0,55.2,220.65,0,0,0,0,0,0,1,0,1,0,0,0,0,0,0,0,0,0,0,0,1,0,0.2839712983434038
1,0,0,0,53,1,0,24.05,1301.9,0,0,1,0,1,1,0,1,0,1,0,1,0,1,0,1,0,1,0,0,0,0,0.011144787321636027
1,1,1,0,1,1,1,74.4,74.4,1,0,1,1,0,0,0,0,0,0,0,0,0,0,0,0,0,0,0,0,1,0,0.7910504649217893
0,0,1,1,41,1,0,79.9,3326.2,1,0,1,0,0,0,1,0,1,0,1,0,1,0,0,0,1,0,0,1,0,0,0.06264688035672761
1,0,1,0,39,1,1,20.45,790.0,0,0,0,0,1,1,0,1,0,1,0,1,0,1,0,1,0,0,1,0,0,0,0.01389578538587171
1,0,1,0,63,1,0,19.25,1237.65,0,0,0,0,1,1,0,1,0,1,0,1,0,1,0,1,0,0,1,0,0,1,0.002841159363281558
1,0,0,0,15,1,1,26.35,378.6,0,0,1,0,1,1,0,1,0,1,0,1,0,1,0,1,0,0,0,0,1,0,0.22229690869315497
0,0,1,0,13,1,0,43.8,592.65,0,0,0,0,0,0,0,0,0,0,0,0,0,0,0,0,0,1,0,0,1,0,0.18843376642377108
1,0,0,0,1,1,1,50.15,50.15,0,0,0,0,0,0,0,0,1,0,0,0,0,0,0,0,0,0,0,0,0,1,0.3923063229571953
1,0,0,0,1,1,0,20.45,20.45,0,0,0,0,1,1,0,1,0,1,0,1,0,1,0,1,0,0,1,0,0,1,0.06693551146449259
1,1,0,0,8,1,1,69.7,560.85,1,0,0,1,0,0,0,0,0,0,0,0,0,0,0,0,0,0,0,0,1,0,0.6891975190105126
1,0,0,0,60,1,0,61.4,3638.25,0,0,0,0,0,0,1,0,1,0,1,0,0,0,0,0,0,0,1,0,1,0,0.010565379705397369
0,1,1,0,12,1,1,98.1,1060.2,1,0,1,1,0,0,0,0,1,0,1,0,0,0,1,0,0,0,0,0,1,0,0.743124370853115
1,0,1,0,40,1,0,70.75,2921.75,0,0,1,0,0,0,0,0,1,0,0,0,1,0,1,0,0,1,0,1,0,0,0.052586628271431596
0,0,0,0,66,1,1,61.15,4017.45,0,0,0,0,0,0,1,0,1,0,1,0,0,0,0,0,0,0,1,0,0,0,0.008671520293635373
1,0,1,1,42,1,0,20.25,854.9,0,0,0,0,1,1,0,1,0,1,0,1,0,1,0,1,0,1,0,0,0,1,0.011777416776918957
0,1,0,0,66,1,1,63.85,4174.35,0,0,1,0,0,0,1,0,1,0,0,0,1,0,0,0,0,1,0,1,0,0,0.015025447464115485
1,0,0,0,49,1,0,98.7,4920.55,0,0,1,1,0,0,0,0,1,0,0,0,0,0,1,0,1,0,0,0,1,0,0.439149675304739
0,0,0,0,1,1,0,20.5,20.5,1,0,0,0,1,1,0,1,0,1,0,1,0,1,0,1,0,0,0,0,0,1,0.21189049604550247
0,0,0,0,41,1,0,20.0,810.3,0,0,0,0,1,1,0,1,0,1,0,1,0,1,0,1,0,0,1,0,0,1,0.008863675709590133
0,0,1,1,41,1,0,19.3,772.4,0,0,0,0,1,1,0,1,0,1,0,1,0,1,0,1,0,0,1,0,0,0,0.007897659034293516
0,0,1,1,23,1,0,84.4,1936.85,0,0,0,1,0,0,1,0,1,0,0,0,1,0,0,0,0,0,0,0,0,1,0.16034011583599908
1,0,0,0,3,0,0,25.1,79.8,0,1,0,0,0,0,0,0,0,0,0,0,0,0,0,0,0,0,0,0,1,0,0.5587768286575703
0,0,0,0,4,0,0,48.25,202.25,0,1,0,0,0,0,1,0,0,0,1,0,1,0,0,0,1,0,0,0,0,1,0.3291611916439838
0,0,1,1,52,1,0,19.85,1070.5,0,0,0,0,1,1,0,1,0,1,0,1,0,1,0,1,0,0,1,0,0,1,0.004260836082611266
0,1,1,0,4,1,1,99.6,347.65,1,0,1,1,0,0,1,0,0,0,0,0,0,0,1,0,1,0,0,0,1,0,0.7843828706891186
0,0,0,0,11,1,1,94.2,999.9,0,0,0,1,0,0,0,0,1,0,1,0,1,0,0,0,1,0,0,0,1,0,0.5515803665149479
0,0,1,0,2,1,1,62.15,113.1,0,0,0,0,0,0,1,0,0,0,0,0,0,0,0,0,1,0,0,0,0,1,0.3783636340634785
0,0,1,0,26,1,0,79.3,2015.8,0,0,1,1,0,0,0,0,1,0,0,0,0,0,0,0,0,0,0,0,0,0,0.3913159789756466
1,0,1,1,24,1,1,56.25,1454.25,0,0,0,0,0,0,1,0,0,0,1,0,0,0,0,0,0,1,0,1,0,0,0.06196468492033723
0,0,0,0,12,1,0,20.3,246.7,0,0,0,0,1,1,0,1,0,1,0,1,0,1,0,1,0,0,0,0,0,1,0.13105629667234198
1,1,1,0,60,1,1,99.0,6017.9,0,0,1,1,0,0,0,0,0,0,0,0,1,0,1,0,1,0,0,0,1,0,0.43079553896457007
0,0,1,1,64,1,1,90.6,5817.45,0,0,1,0,0,0,1,0,1,0,1,0,1,0,1,0,1,0,1,0,0,1,0.01756941918323362
1,0,1,0,66,1,1,85.9,5595.3,0,0,0,0,0,0,1,0,1,0,1,0,1,0,1,0,1,0,1,0,0,0,0.014943792752736901
0,0,0,0,60,1,1,79.2,4765.0,0,0,1,1,0,0,0,0,0,0,1,0,0,0,0,0,0,1,0,0,0,0,0.1156880098526151
1,0,1,1,17,1,1,70.35,1201.65,0,0,1,0,0,0,1,0,0,0,1,0,0,0,1,0,0,1,0,0,0,0,0.1420840490604831
1,0,1,1,42,1,0,19.35,867.3,0,0,0,0,1,1,0,1,0,1,0,1,0,1,0,1,0,0,1,0,0,1,0.007007159908056641
1,0,0,0,1,1,1,50.15,50.15,0,0,1,0,0,0,0,0,0,0,0,0,0,0,0,0,0,0,0,0,1,0,0.5574418426590475
0,0,1,1,47,1,0,63.8,3007.25,0,0,0,0,0,0,0,0,1,0,0,0,1,0,0,0,1,0,1,0,0,0,0.01705731656091079
0,0,1,0,10,1,1,20.55,252.75,0,0,0,0,1,1,0,1,0,1,0,1,0,1,0,1,0,0,0,0,0,1,0.18975493821185976
1,1,1,0,70,1,1,88.55,6306.5,0,0,1,0,0,0,1,0,1,0,1,0,1,0,1,0,1,0,1,1,0,0,0.021159940619846048
1,1,0,0,67,1,1,101.4,6841.05,0,0,1,1,0,0,0,0,0,0,1,0,0,0,1,0,1,0,0,1,0,0,0.3750368244145823
0,0,0,0,1,1,1,81.95,81.95,1,0,0,1,0,0,0,0,0,0,0,0,0,0,0,0,1,0,0,0,1,0,0.74228199623876
1,0,1,0,7,1,1,69.35,451.1,1,0,0,1,0,0,0,0,0,0,0,0,0,0,0,0,0,0,0,0,1,0,0.6489841856435277
1,0,0,0,1,1,0,44.6,44.6,0,0,0,0,0,0,0,0,0,0,0,0,0,0,0,0,0,0,0,0,0,1,0.35789965268686624
1,0,0,0,4,1,1,63.75,226.2,0,0,0,0,0,0,0,0,1,0,0,0,1,0,1,0,0,0,0,0,0,0,0.3349734936195036
0,0,1,1,66,1,0,109.25,7082.5,0,0,1,1,0,0,1,0,1,0,1,0,0,0,1,0,1,0,1,0,0,0,0.059668557286830466
0,0,0,0,12,1,1,84.6,1017.35,0,0,0,1,0,0,0,0,1,0,0,0,0,0,0,0,1,0,0,0,1,0,0.6445800827566645
0,0,0,0,24,1,0,20.45,527.35,0,0,0,0,1,1,0,1,0,1,0,1,0,1,0,1,0,1,0,1,0,0,0.03424522942768241
1,0,0,0,26,1,1,85.75,2146.5,0,0,0,1,0,0,0,0,1,0,0,0,0,0,1,0,0,0,0,0,1,0,0.5134527864978713
0,0,0,0,6,1,1,91.1,455.3,1,0,0,1,0,0,0,0,0,0,0,0,0,0,1,0,1,0,0,0,1,0,0.7525945188163158
1,0,1,0,57,1,0,107.95,5969.85,0,0,1,1,0,0,0,0,0,0,1,0,1,0,1,0,1,0,1,0,1,0,0.11924727350251477
1,0,1,0,14,1,1,86.1,1235.55,1,0,1,1,0,0,0,0,0,0,0,0,0,0,1,0,0,0,0,0,1,0,0.7047888766264301
0,0,1,1,42,1,0,22.95,1014.25,0,0,1,0,1,1,0,1,0,1,0,1,0,1,0,1,0,0,1,0,1,0,0.013167787079298639
1,0,0,0,25,1,1,94.7,2362.1,1,0,1,1,0,0,0,0,0,0,0,0,0,0,1,0,1,0,0,0,0,0,0.6235611040619884
0,0,1,0,64,1,0,19.45,1225.65,0,0,0,0,1,1,0,1,0,1,0,1,0,1,0,1,0,0,1,1,0,0,0.002562478033673553
1,0,1,0,22,1,1,85.1,1873.7,1,0,1,1,0,0,0,0,0,0,0,0,0,0,0,0,1,0,0,0,1,0,0.6502841993857692
1,0,0,0,19,1,1,19.7,386.5,0,0,0,0,1,1,0,1,0,1,0,1,0,1,0,1,0,1,0,1,0,0,0.05522699356523046
0,0,1,1,61,1,1,99.15,6010.05,1,0,1,1,0,0,0,0,1,0,0,0,0,0,1,0,1,0,0,0,1,0,0.38069310650586285
1,0,1,0,22,1,1,87.0,1850.65,0,0,0,1,0,0,0,0,0,0,1,0,0,0,1,0,0,0,0,0,0,0,0.516656767659273
1,1,1,0,70,1,1,102.95,7101.5,1,0,1,1,0,0,0,0,1,0,1,0,0,0,1,0,1,0,0,0,1,0,0.43808365540218264
1,0,0,0,12,1,1,79.95,1043.4,0,0,0,1,0,0,0,0,0,0,0,0,0,0,0,0,1,0,0,0,0,0,0.6034976662996643
0,0,1,0,31,1,1,64.0,1910.75,0,0,0,0,0,0,1,0,0,0,0,0,1,0,0,0,1,1,0,0,1,0,0.07761809927038268
0,0,0,0,11,1,1,64.9,716.1,0,0,0,0,0,0,0,0,0,0,0,0,0,0,1,0,1,0,0,0,1,0,0.5330681910849706
1,0,1,1,68,1,0,25.75,1686.15,0,0,1,0,1,1,0,1,0,1,0,1,0,1,0,1,0,0,1,0,0,1,0.002392789273386263
0,1,1,1,72,1,1,90.15,6716.45,0,0,1,0,0,0,1,0,1,0,1,0,1,0,1,0,1,0,1,0,0,0,0.01986013761643799
1,1,0,0,67,1,1,116.1,7839.85,0,0,1,1,0,0,1,0,1,0,1,0,1,0,1,0,1,0,1,1,0,0,0.0769084404715173
0,0,0,0,60,1,1,104.95,6236.75,0,0,0,1,0,0,1,0,0,0,1,0,1,0,1,0,1,0,0,0,0,0,0.18894207921918937
1,0,0,0,1,1,1,45.05,45.05,1,0,0,0,0,0,0,0,0,0,0,0,0,0,0,0,0,0,0,0,0,1,0.421775055060593
0,1,0,1,1,1,1,71.0,71.0,1,0,0,1,0,0,0,0,0,0,0,0,0,0,0,0,0,0,0,0,1,0,0.7029187146915422
1,0,1,1,58,0,0,50.0,2919.85,0,1,0,0,0,0,1,0,1,0,1,0,0,0,1,0,0,1,0,0,0,1,0.022871310073536284
0,1,1,1,47,1,0,70.55,3309.25,1,0,0,1,0,0,0,0,0,0,0,0,0,0,0,0,0,0,0,0,0,0,0.20563262454901757
0,0,0,0,1,1,1,79.7,79.7,1,0,0,1,0,0,0,0,0,0,0,0,0,0,0,0,1,0,0,0,1,0,0.7463274680733821
1,0,0,0,1,1,0,20.45,20.45,0,0,0,0,1,1,0,1,0,1,0,1,0,1,0,1,0,0,0,0,0,1,0.20655888942717351
1,0,0,0,22,1,0,59.0,1254.7,1,0,1,0,0,0,1,0,1,0,0,0,0,0,0,0,0,0,0,0,1,0,0.18646854789267694
0,0,0,0,48,1,1,60.35,2896.4,1,0,0,0,0,0,1,0,0,0,1,0,1,0,0,0,0,1,0,1,0,0,0.01974661828273994
0,0,1,0,37,1,1,19.85,717.5,0,0,0,0,1,1,0,1,0,1,0,1,0,1,0,1,0,1,0,0,0,0,0.0268275582592228
1,0,0,0,13,1,1,19.95,253.8,0,0,0,0,1,1,0,1,0,1,0,1,0,1,0,1,0,1,0,0,1,0,0.10625049993554002
1,0,0,0,43,1,0,26.45,1110.05,0,0,1,0,1,1,0,1,0,1,0,1,0,1,0,1,0,0,1,0,0,0,0.010834760174949014
0,0,0,0,6,0,1,63.4,348.8,0,1,0,0,0,0,1,0,1,0,1,0,1,0,1,0,1,0,1,0,0,1,0.15473774857490571
1,0,0,0,71,0,0,53.95,3888.65,0,1,0,0,0,0,1,0,1,0,1,0,1,0,1,0,0,0,1,0,0,0,0.007043961083640333
0,1,1,1,1,1,1,69.25,69.25,1,0,0,1,0,0,0,0,0,0,0,0,0,0,0,0,0,0,0,0,1,0,0.7164842311403496
0,0,1,1,72,1,1,95.1,6843.15,0,0,1,1,0,0,1,0,1,0,0,0,0,0,1,0,0,0,1,0,1,0,0.053573061349181016
0,1,0,0,6,1,1,74.1,450.9,0,0,0,1,0,0,1,0,0,0,0,0,0,0,0,0,0,0,0,0,1,0,0.6155628068572588
1,0,1,1,12,0,0,35.5,432.25,0,1,0,0,0,0,0,0,1,0,0,0,1,0,0,0,0,0,0,0,0,1,0.2256452722758405
1,0,0,0,25,1,0,70.95,1767.35,1,0,0,1,0,0,0,0,0,0,0,0,0,0,0,0,0,0,0,0,0,1,0.3295730479282226
0,0,1,0,21,1,0,79.2,1742.45,0,0,0,1,0,0,0,0,0,0,1,0,1,0,0,0,0,1,0,0,1,0,0.2221035213699868
0,0,1,1,6,1,1,48.8,297.35,0,0,0,0,0,0,0,0,0,0,0,0,1,0,0,0,0,0,0,0,0,1,0.2533961649165419
1,0,1,0,20,1,1,89.0,1820.45,1,0,0,1,0,0,0,0,0,0,0,0,0,0,1,0,1,0,0,0,0,1,0.6020920804447732
1,0,1,0,18,1,1,99.4,1742.95,1,0,1,1,0,0,1,0,0,0,0,0,0,0,1,0,1,0,0,0,1,0,0.6460577064316919
0,0,0,0,43,1,0,55.45,2444.25,0,0,0,0,0,0,0,0,1,0,0,0,1,0,0,0,0,1,0,0,1,0,0.0364333764698129
0,0,1,1,35,1,1,25.4,949.8,0,0,1,0,1,1,0,1,0,1,0,1,0,1,0,1,0,0,1,1,0,0,0.016746442896968496
0,0,0,0,1,1,0,73.5,73.5,1,0,0,1,0,0,0,0,0,0,1,0,0,0,0,0,0,0,0,0,0,0,0.5692975979300446
1,1,1,0,32,1,1,93.5,2970.8,0,0,1,1,0,0,0,0,1,0,1,0,0,0,0,0,1,0,0,0,1,0,0.6215743105072719
1,0,0,0,52,0,0,63.9,3334.95,0,1,0,0,0,0,1,0,1,0,1,0,1,0,1,0,1,0,1,1,0,0,0.020216127734573187
1,0,0,0,32,1,1,64.85,2010.95,0,0,0,0,0,0,0,0,0,0,0,0,0,0,1,0,1,1,0,0,0,0,0.14618697477068113
0,0,1,1,72,0,1,63.8,4684.3,0,1,0,0,0,0,1,0,1,0,1,0,1,0,1,0,1,0,1,0,0,0,0.01235614733957458
1,0,0,0,51,0,1,44.45,2181.55,0,1,0,0,0,0,1,0,0,0,0,0,1,0,0,0,1,0,0,1,0,0,0.06297004582626008
1,0,1,1,68,1,1,19.95,1303.25,0,0,0,0,1,1,0,1,0,1,0,1,0,1,0,1,0,0,1,0,0,0,0.0023991631398853604
1,1,1,0,8,0,1,43.35,371.4,0,1,0,0,0,0,0,0,1,0,1,0,0,0,0,0,1,0,0,0,0,1,0.599052254339536
1,0,1,0,49,0,0,49.65,2409.9,0,1,0,0,0,0,0,0,1,0,0,0,0,0,1,0,1,0,1,1,0,0,0.04518339650100681
0,0,1,0,72,1,0,85.1,6155.4,0,0,0,0,0,0,1,0,1,0,1,0,1,0,1,0,1,0,1,0,0,1,0.009367201053273537
1,0,0,0,9,1,1,95.5,829.1,1,0,1,1,0,0,0,0,0,0,0,0,0,0,1,0,1,0,0,0,1,0,0.7758336687458556
0,0,1,0,28,1,1,92.35,2602.9,1,0,0,1,0,0,1,0,0,0,0,0,0,0,1,0,1,0,0,0,0,1,0.44569325032565704
1,0,0,0,54,1,0,89.8,4667.0,0,0,0,1,0,0,1,0,0,0,1,0,0,0,1,0,0,0,0,0,0,1,0.1459736229624719
1,0,0,0,11,1,1,74.55,824.75,1,0,0,1,0,0,0,0,1,0,0,0,0,0,0,0,0,0,0,0,1,0,0.5790643298883307
0,0,1,1,50,1,0,103.05,5153.5,0,0,0,1,0,0,0,0,0,0,1,0,1,0,1,0,1,1,0,0,0,1,0.11587553656495625
0,0,1,0,69,1,1,116.0,8182.85,0,0,1,1,0,0,1,0,1,0,1,0,1,0,1,0,1,0,1,0,1,0,0.09310883689855974
1,0,0,0,1,1,1,69.9,69.9,0,0,0,1,0,0,0,0,0,0,0,0,0,0,0,0,0,0,0,0,1,0,0.6893942981242689
1,0,1,1,68,1,0,95.1,6683.4,0,0,0,1,0,0,1,0,1,0,0,0,1,0,0,0,1,0,1,0,0,0,0.020137931939141693
1,0,0,1,40,0,0,40.25,1564.05,0,1,0,0,0,0,1,0,1,0,0,0,1,0,0,0,0,1,0,0,0,1,0.022163341882058117
1,0,1,1,31,1,0,25.75,755.6,0,0,1,0,1,1,0,1,0,1,0,1,0,1,0,1,0,0,1,0,0,1,0.01576825711899769
0,1,0,1,33,1,1,105.35,3465.05,0,0,1,1,0,0,0,0,1,0,1,0,0,0,1,0,1,0,0,0,0,0,0.5727180765359706
1,1,1,0,55,1,1,113.6,6292.7,0,0,1,1,0,0,0,0,1,0,1,0,1,0,1,0,1,0,1,0,1,0,0.2012523796167313
1,0,1,1,68,1,1,24.0,1664.3,0,0,1,0,1,1,0,1,0,1,0,1,0,1,0,1,0,0,1,0,0,0,0.0033618920122156348
0,0,1,1,12,1,0,19.4,198.1,0,0,0,0,1,1,0,1,0,1,0,1,0,1,0,1,0,0,0,0,0,0,0.1182249303849707
1,0,1,0,71,1,1,86.1,6045.9,0,0,0,0,0,0,1,0,1,0,1,0,1,0,1,0,1,0,1,0,0,0,0.012774368021571444
1,0,0,0,40,1,1,102.65,4108.15,0,0,1,1,0,0,0,0,1,0,1,0,0,0,1,0,1,0,0,0,0,1,0.4928424954287372
0,0,1,1,64,1,1,92.85,5980.75,0,0,1,1,0,0,0,0,1,0,1,0,0,0,0,0,1,1,0,0,1,0,0.1594812443893429
1,0,1,0,53,1,0,97.75,5043.2,0,0,1,1,0,0,0,0,1,0,0,0,1,0,0,0,1,1,0,0,0,0,0.10853953850035304
1,1,0,0,12,1,1,83.8,1029.75,1,0,0,1,0,0,0,0,1,0,1,0,1,0,0,0,0,0,0,0,0,1,0.45435509667525675
1,1,0,0,53,0,1,54.45,2854.55,1,1,0,0,0,0,0,0,1,0,1,0,0,0,1,0,1,0,0,0,1,0,0.26897733349763486
1,0,1,0,72,1,1,97.95,7114.25,0,0,1,1,0,0,1,0,1,0,1,0,0,0,1,0,0,0,1,1,0,0,0.0472688975725773
1,0,0,0,46,1,0,19.95,907.05,0,0,0,0,1,1,0,1,0,1,0,1,0,1,0,1,0,0,1,0,1,0,0.009126601846774527
1,0,0,0,40,1,1,24.6,973.95,0,0,1,0,1,1,0,1,0,1,0,1,0,1,0,1,0,0,1,0,0,1,0.01559944169580732
1,0,0,0,12,0,1,50.95,605.75,0,1,0,0,0,0,1,0,1,0,0,0,1,0,1,0,0,0,0,0,0,0,0.28779605807846803
1,0,0,0,9,1,0,75.6,661.55,0,0,0,1,0,0,1,0,0,0,0,0,0,0,0,0,0,0,0,0,1,0,0.4446490107658741
0,0,1,1,51,1,1,80.75,4116.9,0,0,1,1,0,0,0,0,0,0,0,0,1,0,0,0,0,0,0,0,1,0,0.22035093179275247
1,0,1,1,49,1,1,90.4,4494.65,0,0,0,1,0,0,0,0,1,0,1,0,0,0,1,0,0,0,0,1,0,0,0.23658372462661764
1,1,1,0,41,1,1,99.8,4259.3,1,0,1,1,0,0,0,0,0,0,1,0,0,0,1,0,1,0,0,0,1,0,0.6674936209176036
0,0,0,0,56,1,1,60.25,3282.75,0,0,0,0,0,0,1,0,0,0,1,0,1,0,0,0,0,1,0,1,0,0,0.013956805641295896
1,0,0,0,4,1,1,20.2,55.7,0,0,0,0,1,1,0,1,0,1,0,1,0,1,0,1,0,0,0,0,1,0,0.28716865476220915
1,0,1,0,20,1,1,64.15,1274.45,0,0,0,0,0,0,1,0,0,0,0,0,1,0,0,0,1,1,0,0,0,1,0.08454440796687733
0,0,1,1,26,1,1,20.25,493.95,0,0,0,0,1,1,0,1,0,1,0,1,0,1,0,1,0,0,0,1,0,0,0.06855375942446044
0,0,1,1,20,1,1,105.85,2239.65,1,0,1,1,0,0,0,0,1,0,1,0,0,0,1,0,1,0,0,0,0,0,0.615250140936648
0,0,0,0,7,1,0,75.45,480.75,1,0,1,1,0,0,0,0,0,0,0,0,0,0,0,0,0,0,0,0,0,1,0.5533731437348606
1,0,0,0,7,1,1,93.85,635.6,1,0,1,1,0,0,0,0,0,0,0,0,0,0,1,0,1,0,0,0,1,0,0.7885860096055883
1,0,0,0,51,1,1,99.0,5038.15,0,0,0,1,0,0,0,0,1,0,1,0,0,0,1,0,1,0,0,0,1,0,0.4261767989663127
0,0,0,0,4,1,1,80.3,324.2,0,0,1,1,0,0,0,0,1,0,0,0,0,0,0,0,0,0,0,0,0,1,0.6213848602508196
0,0,0,0,1,1,0,19.55,19.55,0,0,0,0,1,1,0,1,0,1,0,1,0,1,0,1,0,0,0,1,0,0,0.20162799183804758
1,0,1,1,27,1,0,100.75,2793.55,0,0,1,1,0,0,1,0,1,0,0,0,1,0,1,0,0,0,0,0,1,0,0.28855323709461056
1,0,0,0,22,1,1,100.75,2095.0,1,0,1,1,0,0,1,0,0,0,0,0,0,0,1,0,1,0,0,0,1,0,0.601327906408096
1,0,0,0,12,1,1,53.75,648.65,0,0,0,0,0,0,0,0,1,0,0,0,1,0,0,0,0,0,0,0,0,1,0.21196883138684666
0,0,1,1,3,0,1,31.0,95.05,1,1,0,0,0,0,0,0,0,0,0,0,1,0,0,0,0,0,0,0,0,1,0.4058134286349026
0,0,1,1,34,1,1,25.6,917.15,0,0,1,0,1,1,0,1,0,1,0,1,0,1,0,1,0,1,0,1,0,0,0.02962798980883857
1,0,1,0,24,1,1,58.35,1346.9,0,0,1,0,0,0,1,0,0,0,0,0,1,0,0,0,0,1,0,0,1,0,0.0922257406292966
1,0,0,0,51,1,0,80.0,4242.35,1,0,1,1,0,0,0,0,0,0,1,0,0,0,0,0,0,0,0,1,0,0,0.2053551252500635
0,1,0,0,14,0,1,46.35,672.7,0,1,0,0,0,0,0,0,0,0,0,0,0,0,1,0,1,0,0,0,1,0,0.6885812964913884
1,0,1,0,59,1,0,113.75,6561.25,0,0,1,1,0,0,1,0,1,0,1,0,1,0,1,0,1,0,1,0,1,0,0.07822199332111987
1,0,0,0,3,1,0,90.4,268.45,0,0,0,1,0,0,0,0,1,0,1,0,0,0,0,0,1,0,0,0,1,0,0.636615857171618
0,0,1,1,65,1,0,109.3,7337.55,0,0,1,1,0,0,1,0,0,0,1,0,1,0,1,0,1,0,1,0,1,0,0.06590637623297528
1,1,0,0,5,1,1,70.25,331.9,1,0,0,1,0,0,0,0,0,0,0,0,0,0,0,0,0,0,0,0,0,1,0.638932848587687
0,0,1,1,59,1,0,90.3,5194.05,0,0,1,0,0,0,1,0,1,0,1,0,1,0,1,0,1,0,1,1,0,0,0.013903832404611117
1,0,1,1,72,0,1,65.25,4478.85,0,1,0,0,0,0,1,0,1,0,1,0,1,0,1,0,1,0,1,1,0,0,0.009757641100277476
0,0,1,1,62,1,1,100.15,6283.3,1,0,0,1,0,0,0,0,1,0,1,0,0,0,1,0,1,0,0,0,1,0,0.32897490276680613
1,0,0,0,28,1,1,94.5,2659.4,1,0,1,1,0,0,1,0,1,0,0,0,0,0,0,0,1,0,0,1,0,0,0.3759689063830136
1,0,0,0,3,1,0,60.65,196.9,0,0,0,0,0,0,0,0,0,0,0,0,1,0,0,0,1,0,0,0,0,1,0.30046044013521805
1,0,0,1,19,1,1,24.1,439.2,0,0,1,0,1,1,0,1,0,1,0,1,0,1,0,1,0,0,0,1,0,0,0.1125442868619592
1,0,0,0,1,1,1,19.5,19.5,0,0,0,0,1,1,0,1,0,1,0,1,0,1,0,1,0,0,0,0,0,1,0.25662856470415607
1,0,0,0,24,1,1,85.95,2107.15,0,0,0,1,0,0,0,0,1,0,1,0,1,0,0,0,0,0,0,0,1,0,0.37400734524959606
1,1,0,0,57,1,1,53.5,3035.8,0,0,0,0,0,0,0,0,0,0,1,0,1,0,0,0,0,1,0,0,1,0,0.03554386324106207
0,0,0,0,72,1,0,25.45,1866.45,0,0,1,0,1,1,0,1,0,1,0,1,0,1,0,1,0,0,1,1,0,0,0.0022812609623839913
1,0,0,0,67,1,0,20.5,1430.95,0,0,0,0,1,1,0,1,0,1,0,1,0,1,0,1,0,0,1,0,0,0,0.00237181940782442
1,0,1,1,52,1,1,20.85,1071.6,0,0,0,0,1,1,0,1,0,1,0,1,0,1,0,1,0,1,0,1,0,0,0.008511435602370896
1,0,1,1,71,1,0,89.9,6457.15,0,0,1,0,0,0,1,0,1,0,1,0,1,0,1,0,1,0,1,1,0,0,0.009836372128420158
0,0,1,0,26,1,0,26.0,684.05,0,0,1,0,1,1,0,1,0,1,0,1,0,1,0,1,0,1,0,0,0,1,0.04413209407168579
0,0,0,0,35,1,1,113.2,3914.05,0,0,1,1,0,0,1,0,1,0,1,0,1,0,1,0,1,0,1,0,0,1,0.1271658533909952
0,0,1,1,55,1,1,69.05,3842.6,0,0,0,1,0,0,0,0,0,0,0,0,0,0,0,0,0,0,1,1,0,0,0.045206833181173384
0,0,1,1,33,1,0,20.1,670.35,0,0,0,0,1,1,0,1,0,1,0,1,0,1,0,1,0,0,1,0,0,1,0.011458796703799772
1,0,1,0,72,1,1,109.65,7880.25,0,0,1,1,0,0,1,0,1,0,1,0,0,0,1,0,1,0,1,0,1,0,0.10504067448861784
1,0,0,1,1,1,1,19.2,19.2,0,0,0,0,1,1,0,1,0,1,0,1,0,1,0,1,0,0,0,0,0,1,0.2177161177128263
1,0,0,0,10,0,1,33.9,298.45,1,1,0,0,0,0,0,0,0,0,0,0,0,0,0,0,1,0,0,0,0,1,0.5229563979705422
0,1,1,0,37,1,0,90.0,3371.75,0,0,0,1,0,0,0,0,0,0,1,0,1,0,1,0,0,0,0,0,1,0,0.3852731271208843
1,0,0,0,12,0,0,34.0,442.45,0,1,0,0,0,0,0,0,1,0,0,0,1,0,0,0,0,0,0,0,0,1,0.25992931688483634
1,0,1,1,1,1,0,20.4,20.4,0,0,0,0,1,1,0,1,0,1,0,1,0,1,0,1,0,1,0,0,0,1,0.09392699221918013
1,0,1,0,62,0,1,38.6,2345.55,0,1,0,0,0,0,1,0,1,0,0,0,1,0,0,0,0,0,1,1,0,0,0.007410712432839286
0,0,0,0,1,0,0,25.25,25.25,0,1,0,0,0,0,0,0,0,0,0,0,0,0,0,0,0,0,0,0,0,0,0.5247179308914505
0,0,0,0,18,1,1,60.6,1156.35,0,0,1,0,0,0,1,0,0,0,1,0,0,0,0,0,0,0,0,0,0,1,0.23077181538701858
1,1,1,0,69,1,1,89.95,6143.15,1,0,1,1,0,0,0,0,1,0,0,0,0,0,1,0,0,0,0,0,1,0,0.3263969272216734
1,0,0,0,2,1,1,74.75,144.8,0,0,0,1,0,0,0,0,1,0,0,0,0,0,0,0,0,0,0,0,1,0,0.6547408642677814
1,0,1,1,19,1,0,20.6,414.95,0,0,0,0,1,1,0,1,0,1,0,1,0,1,0,1,0,0,0,0,0,1,0.07886149218118517
1,0,0,0,12,1,1,84.45,1059.55,1,0,1,1,0,0,0,0,0,0,0,0,0,0,1,0,0,0,0,0,1,0,0.7111801241292149
1,0,0,0,9,1,0,20.4,181.8,0,0,0,0,1,1,0,1,0,1,0,1,0,1,0,1,0,0,0,0,0,1,0.14577661267972183
1,0,0,0,27,1,0,81.7,2212.55,0,0,0,0,0,0,1,0,0,0,1,0,1,0,1,0,1,1,0,0,1,0,0.08917541574454951
1,0,0,1,27,1,1,79.5,2180.55,1,0,1,1,0,0,0,0,0,0,0,0,1,0,0,0,0,0,0,0,1,0,0.3752060567848455
1,0,1,1,1,1,0,89.15,89.15,1,0,0,1,0,0,0,0,0,0,0,0,0,0,1,0,1,0,0,0,0,1,0.6253572643199758
0,1,0,0,24,1,1,20.3,459.95,0,0,0,0,1,1,0,1,0,1,0,1,0,1,0,1,0,0,0,0,0,1,0.11904578450295905
1,1,0,0,14,1,1,74.95,1036.75,1,0,1,1,0,0,0,0,0,0,0,0,0,0,0,0,0,0,0,0,1,0,0.6908334435922708
0,1,0,0,32,1,1,74.4,2276.95,1,0,0,1,0,0,0,0,1,0,0,0,0,0,0,0,0,0,0,0,1,0,0.45469768886537765
0,0,0,0,11,1,0,20.0,211.95,0,0,0,0,1,1,0,1,0,1,0,1,0,1,0,1,0,1,0,0,0,1,0.06961311609514756
1,0,0,0,1,1,1,25.0,25.0,0,0,1,0,1,1,0,1,0,1,0,1,0,1,0,1,0,0,0,0,0,1,0.2997922397418696
1,1,0,1,38,1,1,80.45,3162.65,0,0,1,1,0,0,1,0,0,0,0,0,0,0,0,0,0,0,0,0,0,1,0.2768094433744406
0,0,1,1,9,1,0,19.75,210.65,0,0,0,0,1,1,0,1,0,1,0,1,0,1,0,1,0,0,1,0,0,1,0.03999573123862951
1,0,1,1,54,1,1,65.65,3566.7,0,0,1,0,0,0,1,0,1,0,0,0,1,0,0,0,0,0,1,1,0,0,0.009225862160070259
0,0,0,0,29,1,1,71.0,2080.1,0,0,1,0,0,0,0,0,0,0,0,0,0,0,1,0,1,1,0,1,0,0,0.1891498765826038
1,1,1,0,44,1,1,89.2,4040.2,0,0,1,1,0,0,0,0,0,0,1,0,0,0,1,0,0,0,0,0,1,0,0.553377940177546
1,0,1,1,59,1,1,86.75,5186.0,0,0,0,0,0,0,1,0,1,0,1,0,1,0,1,0,1,0,1,0,1,0,0.02068715507785579
0,0,0,0,3,1,1,55.3,196.15,1,0,0,0,0,0,0,0,0,0,0,0,0,0,0,0,1,0,0,0,1,0,0.5533953456898264
0,0,1,1,18,1,1,61.5,1087.45,0,0,0,0,0,0,1,0,1,0,0,0,1,0,0,0,0,1,0,0,0,1,0.05231224749847679
1,1,0,0,67,1,0,25.1,1672.15,0,0,1,0,1,1,0,1,0,1,0,1,0,1,0,1,0,0,1,1,0,0,0.003631510086237412
0,0,1,1,22,1,0,55.15,1206.05,1,0,0,0,0,0,0,0,1,0,0,0,1,0,0,0,0,0,0,0,1,0,0.1384052412753501
1,0,0,1,33,0,0,34.05,1113.95,0,1,0,0,0,0,1,0,0,0,0,0,1,0,0,0,0,1,0,1,0,0,0.03080724216987386
1,0,0,0,5,1,0,19.95,107.05,0,0,0,0,1,1,0,1,0,1,0,1,0,1,0,1,0,0,0,0,0,1,0.17501302028356566
0,0,0,0,2,1,0,19.95,38.15,0,0,0,0,1,1,0,1,0,1,0,1,0,1,0,1,0,0,0,0,0,1,0.20394371765208652
1,0,1,1,72,1,0,89.7,6339.3,0,0,1,0,0,0,1,0,1,0,1,0,1,0,1,0,1,0,1,1,0,0,0.00896903414362389
1,0,0,1,9,1,0,20.4,184.1,0,0,0,0,1,1,0,1,0,1,0,1,0,1,0,1,0,0,0,0,0,1,0.12071182445750823
1,0,1,1,67,1,0,26.3,1688.9,0,0,1,0,1,1,0,1,0,1,0,1,0,1,0,1,0,0,1,0,0,1,0.0025264974092063077
0,0,1,0,16,1,1,84.95,1378.25,1,0,1,1,0,0,0,0,0,0,0,0,0,0,1,0,0,0,0,0,1,0,0.6984190030037193
0,0,0,0,8,1,1,20.7,137.6,0,0,0,0,1,1,0,1,0,1,0,1,0,1,0,1,0,0,0,0,0,1,0.19472380023491773
1,0,0,0,5,0,1,43.25,219.0,1,1,0,0,0,0,1,0,1,0,1,0,1,0,0,0,0,0,0,0,0,1,0.290649894148787
1,0,1,1,23,1,1,48.35,1067.15,1,0,1,0,0,0,0,0,0,0,0,0,0,0,0,0,0,1,0,1,0,0,0.11316506369685413
1,0,0,0,1,1,1,79.55,79.55,1,0,0,1,0,0,0,0,0,0,0,0,0,0,1,0,0,0,0,0,1,0,0.7370659928761846
0,1,1,0,50,1,1,71.05,3444.85,1,0,0,1,0,0,0,0,0,0,0,0,0,0,0,0,0,0,0,0,1,0,0.3250844855437373
1,0,0,0,17,1,0,19.45,369.05,0,0,0,0,1,1,0,1,0,1,0,1,0,1,0,1,0,0,1,1,0,0,0.028353639772661463
0,0,1,0,68,1,1,110.8,7553.6,0,0,1,1,0,0,1,0,1,0,1,0,0,0,1,0,1,0,1,0,0,0,0.09494204830507853
1,0,0,0,1,1,0,84.5,84.5,1,0,1,1,0,0,0,0,0,0,0,0,0,0,1,0,0,0,0,0,1,0,0.7267105335304105
0,1,1,0,25,1,1,69.3,1813.1,0,0,0,1,0,0,0,0,0,0,0,0,0,0,0,0,0,0,0,0,1,0,0.5652305227771207
1,0,0,0,67,0,1,49.35,3321.35,0,1,0,0,0,0,1,0,0,0,1,0,1,0,1,0,0,1,0,0,0,0,0.018752920427694837
1,0,0,0,32,1,0,20.35,707.5,0,0,0,0,1,1,0,1,0,1,0,1,0,1,0,1,0,1,0,1,0,0,0.022136600302246793
0,1,1,0,67,1,1,105.6,7112.15,0,0,1,1,0,0,1,0,1,0,0,0,0,0,1,0,1,1,0,0,1,0,0.22445177134728556
1,1,1,0,72,0,1,64.45,4641.1,0,1,0,0,0,0,1,0,1,0,1,0,1,0,1,0,1,0,1,1,0,0,0.016558466529648225
1,0,1,0,71,1,1,108.6,7690.9,1,0,1,1,0,0,0,0,1,0,1,0,1,0,1,0,1,0,1,1,0,0,0.07553943945422818
1,0,0,1,1,1,1,49.9,49.9,0,0,0,0,0,0,0,0,1,0,0,0,0,0,0,0,0,0,0,0,1,0,0.4191312928932095
1,0,0,0,46,0,0,30.3,1380.1,1,1,0,0,0,0,0,0,1,0,0,0,0,0,0,0,0,0,0,0,0,0,0.09126811914781408
0,1,0,0,2,0,1,30.4,78.65,1,1,0,0,0,0,0,0,0,0,1,0,0,0,0,0,0,0,0,0,1,0,0.6974448264625218
0,0,0,0,1,1,1,45.4,45.4,1,0,0,0,0,0,0,0,0,0,0,0,0,0,0,0,0,0,0,0,0,1,0.42895921860608965
0,0,1,0,48,1,1,65.65,3094.65,0,0,0,0,0,0,0,0,1,0,1,0,0,0,0,0,1,1,0,0,1,0,0.08273339885552647
0,0,1,0,61,1,1,103.3,6518.35,0,0,1,1,0,0,0,0,0,0,1,0,1,0,1,0,1,1,0,0,0,0,0.19007258522352194
0,0,1,0,32,1,0,84.15,2585.95,1,0,0,1,0,0,0,0,1,0,0,0,0,0,0,0,1,0,0,0,0,0,0.35568980302904574
0,0,0,0,2,1,0,44.45,82.7,0,0,0,0,0,0,0,0,0,0,0,0,0,0,0,0,0,0,0,0,1,0,0.4327920503499394
0,0,0,0,3,1,0,19.75,58.85,1,0,0,0,1,1,0,1,0,1,0,1,0,1,0,1,0,0,0,0,1,0,0.2524959982485834
0,0,0,0,5,1,1,85.4,425.9,1,0,0,1,0,0,0,0,0,0,0,0,1,0,0,0,1,0,0,1,0,0,0.5300403289628661
0,0,1,1,71,1,0,89.9,6342.7,0,0,1,0,0,0,1,0,1,0,1,0,1,0,1,0,1,0,1,0,0,0,0.011148914865759243
1,0,1,0,37,1,1,55.05,2030.75,0,0,1,0,0,0,1,0,0,0,0,0,0,0,0,0,0,0,0,0,0,1,0.11784590780800511
1,0,1,1,65,1,1,104.1,6700.05,0,0,1,1,0,0,0,0,0,0,1,0,1,0,1,0,1,0,1,0,0,0,0.08125367755951489
0,0,0,1,67,1,1,106.6,7244.7,0,0,1,1,0,0,0,0,1,0,0,0,1,0,1,0,1,1,0,0,0,0,0.12120769947374516
1,0,0,1,49,1,0,75.2,3678.3,1,0,1,1,0,0,0,0,0,0,0,0,0,0,0,0,0,0,0,1,0,0,0.16721901946050022
1,0,1,1,50,1,1,70.5,3486.65,0,0,1,0,0,0,1,0,0,0,0,0,1,0,1,0,0,0,1,1,0,0,0.01608619859624773
1,0,1,1,25,1,0,19.6,411.15,0,0,0,0,1,1,0,1,0,1,0,1,0,1,0,1,0,1,0,0,1,0,0.038103635943077606
0,0,0,1,17,1,1,55.85,937.5,1,0,1,0,0,0,0,0,0,0,1,0,0,0,0,0,0,1,0,0,0,1,0.14976141176073174
0,0,1,1,64,1,1,24.05,1559.15,0,0,1,0,1,1,0,1,0,1,0,1,0,1,0,1,0,0,1,0,0,1,0.004017164911019795
1,0,1,0,25,0,1,38.1,970.4,0,1,0,0,0,0,0,0,0,0,1,0,0,0,1,0,0,1,0,1,0,0,0.19874015263492137
1,1,0,0,23,1,1,106.4,2483.5,1,0,1,1,0,0,0,0,1,0,1,0,0,0,1,0,1,0,0,0,1,0,0.7364749812201837
1,1,1,0,24,0,0,34.25,828.2,0,1,0,0,0,0,0,0,0,0,1,0,1,0,0,0,0,0,0,0,0,1,0.22624129024459175
0,0,0,0,37,1,1,100.05,3810.55,0,0,1,1,0,0,0,0,0,0,1,0,0,0,1,0,1,0,0,0,1,0,0.6263332584467579
0,0,0,0,21,1,1,68.65,1493.2,0,0,0,1,0,0,0,0,0,0,0,0,0,0,0,0,0,0,0,0,1,0,0.524385620762196
1,0,0,0,1,1,1,45.8,45.8,0,0,0,0,0,0,0,0,0,0,0,0,0,0,0,0,0,0,0,0,0,1,0.42004795810605944
0,0,0,0,10,1,1,75.75,777.3,0,0,1,1,0,0,0,0,0,0,0,0,0,0,0,0,0,0,0,0,0,1,0.5983023101071666
1,0,0,0,6,1,1,84.4,556.35,1,0,0,1,0,0,0,0,1,0,0,0,0,0,0,0,1,0,0,0,1,0,0.6851410253893138
1,0,1,0,51,1,1,96.4,4911.05,0,0,1,1,0,0,1,0,1,0,0,0,0,0,0,0,1,1,0,1,0,0,0.13055184992155452
0,0,0,0,10,1,1,20.55,187.35,0,0,0,0,1,1,0,1,0,1,0,1,0,1,0,1,0,0,0,0,0,1,0.17932030739483093
0,0,0,0,6,0,0,50.95,307.6,0,1,0,0,0,0,1,0,1,0,0,0,1,0,0,0,1,0,0,1,0,0,0.26978612632518933
1,0,1,1,47,1,1,90.5,4318.35,0,0,1,0,0,0,1,0,1,0,1,0,1,0,1,0,1,0,1,0,0,1,0.028991111620240432
0,0,1,1,61,1,1,79.4,4820.55,0,0,1,0,0,0,1,0,1,0,1,0,1,0,0,0,1,1,0,0,1,0,0.029206032486801422
0,0,0,0,52,0,1,58.75,3038.55,0,1,0,0,0,0,1,0,1,0,1,0,0,0,1,0,1,0,1,0,0,0,0.042608994440313304
0,0,1,1,35,1,1,59.45,2136.9,0,0,1,0,0,0,1,0,1,0,0,0,0,0,0,0,0,0,0,1,0,0,0.09652619903844016
1,0,1,0,71,1,1,105.7,7472.15,0,0,1,1,0,0,0,0,1,0,1,0,0,0,1,0,1,1,0,0,0,0,0.1819316529098044
0,0,0,0,6,1,0,56.25,389.1,1,0,0,0,0,0,1,0,1,0,0,0,0,0,0,0,0,0,0,0,1,0,0.2686382496721786
1,0,1,0,45,1,0,53.3,2296.25,0,0,0,0,0,0,1,0,0,0,1,0,0,0,0,0,0,0,1,1,0,0,0.013901881911069596
0,1,0,0,2,1,1,85.55,187.45,1,0,1,1,0,0,0,0,0,0,0,0,0,0,1,0,0,0,0,0,1,0,0.8184899201231978
0,0,0,0,4,1,1,68.65,261.25,1,0,0,0,0,0,0,0,1,0,0,0,0,0,1,0,1,0,0,0,0,0,0.5064912177336609
1,0,0,0,2,0,0,24.3,38.45,0,1,0,0,0,0,0,0,0,0,0,0,0,0,0,0,0,0,0,0,0,1,0.49078737138142087
1,0,0,0,4,1,0,77.85,299.2,1,0,0,1,0,0,0,0,0,0,0,0,0,0,1,0,0,0,0,0,1,0,0.6602268169529326
1,0,0,0,51,1,0,59.9,3043.6,0,0,1,0,0,0,1,0,0,0,0,0,1,0,0,0,0,1,0,1,0,0,0.016346851987793152
1,0,1,1,60,1,0,23.95,1506.4,0,0,1,0,1,1,0,1,0,1,0,1,0,1,0,1,0,1,0,1,0,0,0.005863765198385872
1,0,0,0,9,1,1,20.15,163.7,0,0,0,0,1,1,0,1,0,1,0,1,0,1,0,1,0,1,0,0,0,1,0.09532548028560302
1,0,0,0,3,1,1,105.35,323.25,1,0,1,1,0,0,0,0,1,0,1,0,0,0,1,0,1,0,0,0,0,0,0.7363317752479175
1,0,0,0,17,1,1,95.65,1640.0,0,0,1,1,0,0,0,0,0,0,1,0,1,0,0,0,1,0,0,0,0,0,0.5183669297927584
0,0,0,0,8,1,1,87.05,762.1,1,0,1,1,0,0,0,0,0,0,0,0,0,0,1,0,0,0,0,0,1,0,0.7414377388286542
1,0,1,1,46,1,0,81.0,3846.35,0,0,0,0,0,0,1,0,0,0,1,0,1,0,1,0,1,0,1,0,0,1,0.01850936789265587
0,0,0,0,68,1,1,82.45,5646.6,0,0,0,0,0,0,1,0,1,0,1,0,1,0,1,0,1,0,1,1,0,0,0.012096567270781957
1,0,0,0,1,1,1,53.5,53.5,1,0,0,0,0,0,0,0,0,0,0,0,0,0,1,0,0,0,0,0,0,1,0.4823402190576903
0,0,1,0,4,1,0,20.5,79.05,0,0,0,0,1,1,0,1,0,1,0,1,0,1,0,1,0,1,0,0,0,0,0.10732896657575525
0,0,0,0,1,0,1,25.1,25.1,1,1,0,0,0,0,0,0,0,0,0,0,0,0,0,0,0,0,0,0,0,1,0.5784061322700448
1,0,0,1,28,1,1,54.4,1516.6,0,0,0,0,0,0,0,0,1,0,0,0,1,0,0,0,0,1,0,1,0,0,0.0456435567745736
0,0,0,0,39,1,1,58.6,2224.5,0,0,0,0,0,0,0,0,1,0,0,0,0,0,1,0,0,1,0,1,0,0,0.07151990856590745
1,0,0,0,11,1,0,84.8,888.75,0,0,0,1,0,0,0,0,0,0,1,0,0,0,0,0,1,0,0,0,1,0,0.6003867270360113
0,0,1,0,71,0,1,61.4,4310.35,0,1,0,0,0,0,0,0,1,0,1,0,1,0,1,0,1,0,1,1,0,0,0.019375610563174057
1,0,0,1,2,1,0,20.4,42.9,0,0,0,0,1,1,0,1,0,1,0,1,0,1,0,1,0,0,0,0,0,1,0.16579148710797306
1,1,1,0,30,1,1,79.65,2365.15,1,0,0,1,0,0,0,0,1,0,1,0,0,0,0,0,0,0,0,0,0,1,0.40797596334771663
0,0,0,0,17,1,0,20.15,353.65,0,0,0,0,1,1,0,1,0,1,0,1,0,1,0,1,0,1,0,0,0,1,0.05191279740865759
0,0,1,0,55,1,1,94.45,5073.1,0,0,1,1,0,0,0,0,1,0,1,0,0,0,1,0,0,0,0,1,0,0,0.29530880652950975
0,0,0,0,58,1,1,79.8,4526.85,0,0,1,1,0,0,1,0,0,0,0,0,0,0,0,0,0,0,0,0,0,0,0.15866127059499383
0,0,0,0,5,1,0,54.2,308.25,1,0,0,0,0,0,1,0,0,0,0,0,1,0,0,0,0,0,0,0,1,0,0.22309640676584705
0,1,0,0,1,1,1,19.45,19.45,1,0,0,0,1,1,0,1,0,1,0,1,0,1,0,1,0,0,0,0,1,0,0.3909688154050575
1,1,0,0,9,1,1,74.05,678.45,0,0,1,1,0,0,0,0,0,0,0,0,0,0,0,0,0,0,0,0,1,0,0.7307003939753193
1,0,0,0,26,1,0,49.15,1237.3,0,0,0,0,0,0,0,0,0,0,0,0,1,0,0,0,0,0,0,0,0,0,0.11342494155501527
0,0,0,0,50,1,0,19.4,1023.95,0,0,0,0,1,1,0,1,0,1,0,1,0,1,0,1,0,0,1,1,0,0,0.005228362549874317
0,0,1,0,72,1,1,113.65,8182.75,0,0,1,1,0,0,1,0,1,0,1,0,1,0,1,0,1,0,1,0,0,0,0.0629565651392479
0,0,0,1,43,1,1,106.0,4532.3,0,0,0,1,0,0,1,0,1,0,0,0,1,0,1,0,1,1,0,1,0,0,0.10106927030639075
1,0,0,0,56,1,1,25.95,1444.05,0,0,1,0,1,1,0,1,0,1,0,1,0,1,0,1,0,0,1,0,0,0,0.007383900946474042
0,0,0,0,1,1,0,19.1,19.1,0,0,0,0,1,1,0,1,0,1,0,1,0,1,0,1,0,0,0,0,0,1,0.21410766129670553
1,0,1,1,72,1,1,103.4,7372.65,1,0,1,1,0,0,0,0,1,0,1,0,0,0,1,0,1,0,1,0,1,0,0.11349768280410241
1,0,1,0,72,1,1,100.55,7325.1,0,0,1,1,0,0,1,0,1,0,0,0,1,0,0,0,1,0,1,0,0,0,0.03846778769004702
1,0,1,0,36,1,1,95.4,3474.2,0,0,1,1,0,0,0,0,0,0,0,0,0,0,1,0,1,0,0,0,1,0,0.6244282751377537
1,0,0,0,5,1,0,75.15,392.65,0,0,0,0,0,0,0,0,0,0,1,0,1,0,1,0,1,0,0,0,0,0,0.3460397812759514
0,0,0,0,13,1,1,84.45,1058.6,1,0,1,1,0,0,0,0,1,0,1,0,0,0,0,0,0,0,0,0,1,0,0.6229254889530041
0,1,0,0,44,1,0,89.15,3990.75,0,0,0,1,0,0,0,0,1,0,1,0,0,0,0,0,1,1,0,1,0,0,0.17287005704881278
0,1,1,1,70,1,1,107.9,7475.85,0,0,1,1,0,0,0,0,1,0,1,0,1,0,1,0,1,1,0,0,1,0,0.18319932411484574
1,0,0,0,44,1,0,19.5,835.5,0,0,0,0,1,1,0,1,0,1,0,1,0,1,0,1,0,1,0,1,0,0,0.0115552053617742
0,1,1,0,32,1,1,85.95,2628.6,1,0,1,1,0,0,0,0,0,0,0,0,0,0,1,0,0,0,0,1,0,0,0.5323942209644426
0,0,1,0,69,1,1,24.95,1718.35,0,0,1,0,1,1,0,1,0,1,0,1,0,1,0,1,0,0,1,1,0,0,0.0036058868752508453
0,1,0,0,16,1,0,59.4,1023.9,1,0,0,0,0,0,0,0,0,0,0,0,1,0,1,0,0,0,0,0,1,0,0.32209548355040646
1,1,1,1,68,1,0,19.5,1193.55,0,0,0,0,1,1,0,1,0,1,0,1,0,1,0,1,0,1,0,0,0,0,0.0039262897423427215
1,0,0,0,16,1,1,69.95,1205.5,0,0,0,1,0,0,0,0,0,0,0,0,0,0,0,0,0,0,0,1,0,0,0.4651751542978924
1,0,1,1,68,1,0,82.85,5776.45,0,0,0,0,0,0,1,0,1,0,0,0,1,0,1,0,1,0,1,0,0,0,0.008672776429306289
1,0,0,0,4,1,0,19.0,78.9,0,0,0,0,1,1,0,1,0,1,0,1,0,1,0,1,0,0,0,0,0,1,0.18379646925738397
0,0,1,1,26,0,0,38.85,1025.15,0,1,0,0,0,0,1,0,1,0,0,0,1,0,0,0,0,0,0,1,0,0,0.08713300137053856
0,0,0,0,29,0,1,30.6,856.35,1,1,0,0,0,0,0,0,1,0,0,0,0,0,0,0,0,0,0,0,1,0,0.29269439843084016
1,0,0,1,5,1,0,20.35,122.0,0,0,0,0,1,1,0,1,0,1,0,1,0,1,0,1,0,0,0,1,0,0,0.1370890694129706
1,0,1,0,70,1,1,95.0,6602.9,0,0,1,1,0,0,0,0,1,0,1,0,0,0,1,0,0,1,0,0,0,0,0.12477788375885421
1,0,1,0,24,1,0,74.4,1712.9,0,0,0,0,0,0,1,0,0,0,0,0,1,0,1,0,1,1,0,0,0,0,0.07762021430897977
0,1,1,0,72,1,0,78.45,5682.25,0,0,1,0,0,0,1,0,1,0,1,0,1,0,0,0,1,0,1,0,0,0,0.011191858338142093
1,0,0,0,1,1,1,74.3,74.3,0,0,0,1,0,0,0,0,0,0,0,0,1,0,0,0,0,0,0,0,0,1,0.5135266153778895
1,0,1,0,70,0,1,51.05,3635.15,0,1,0,0,0,0,0,0,1,0,1,0,1,0,0,0,1,1,0,0,0,0,0.025018330605214602
0,0,1,1,36,1,0,19.2,702.9,0,0,0,0,1,1,0,1,0,1,0,1,0,1,0,1,0,0,0,0,0,0,0.036633388535096664
0,1,0,0,38,1,1,99.55,3734.25,1,0,1,1,0,0,0,0,0,0,0,0,1,0,1,0,1,0,0,0,1,0,0.5740634084273945
0,0,0,0,17,1,1,70.0,1144.5,1,0,0,1,0,0,0,0,0,0,0,0,0,0,0,0,0,0,0,0,1,0,0.553233647041636
0,0,1,1,41,1,1,109.1,4454.25,0,0,1,1,0,0,0,0,1,0,1,0,1,0,1,0,1,1,0,0,0,0,0.22267983958611612
0,0,0,0,1,1,1,45.3,45.3,1,0,0,0,0,0,0,0,0,0,0,0,0,0,0,0,0,0,0,0,1,0,0.5105148036074484
1,0,0,0,2,0,0,29.85,75.6,1,1,0,0,0,0,0,0,0,0,0,0,1,0,0,0,0,0,0,0,0,0,0.4021294742489389
1,0,0,0,14,1,0,76.45,1117.55,0,0,0,1,0,0,0,0,0,0,1,0,0,0,0,0,0,0,0,0,1,0,0.509950758134333
1,1,0,0,2,1,1,95.1,180.25,1,0,0,1,0,0,0,0,1,0,1,0,1,0,0,0,1,0,0,1,0,0,0.5761283363039269
1,0,0,0,1,1,0,19.8,19.8,1,0,0,0,1,1,0,1,0,1,0,1,0,1,0,1,0,0,0,0,0,1,0.20756715303421208
1,0,1,1,13,1,1,72.8,930.05,0,0,1,0,0,0,0,0,1,0,1,0,1,0,1,0,0,0,0,0,1,0,0.3328112440825221
1,0,0,0,6,1,0,18.95,110.15,0,0,0,0,1,1,0,1,0,1,0,1,0,1,0,1,0,0,0,0,0,1,0.16814465006213064
0,0,0,0,4,1,1,76.65,333.6,1,0,0,1,0,0,0,0,1,0,0,0,0,0,0,0,0,0,0,0,0,0,0.5803133801850715
0,0,1,1,5,1,1,99.15,465.05,1,0,0,1,0,0,0,0,1,0,0,0,1,0,1,0,1,0,0,0,0,1,0.5377946352552574
0,0,1,0,15,1,0,101.75,1669.4,0,0,0,1,0,0,1,0,0,0,1,0,0,0,1,0,1,0,0,0,1,0,0.5625924920721608
0,0,0,0,47,1,0,75.45,3545.1,0,0,0,1,0,0,1,0,0,0,0,0,0,0,0,0,0,0,0,1,0,0,0.12491685753392705
0,0,0,0,8,1,0,64.1,504.05,0,0,0,0,0,0,0,0,0,0,1,0,1,0,0,0,1,0,0,0,0,1,0.2648291876211305
1,0,0,0,17,0,1,25.65,440.2,0,1,0,0,0,0,0,0,0,0,0,0,0,0,0,0,0,0,0,0,0,1,0.3683867098322164
1,0,1,1,15,1,0,75.1,1151.55,0,0,0,1,0,0,1,0,0,0,0,0,0,0,0,0,0,0,0,0,0,1,0.2854276203039552
0,0,0,0,26,1,1,95.85,2475.35,0,0,0,1,0,0,1,0,0,0,1,0,1,0,0,0,1,1,0,0,0,0,0.1693245307864844
0,0,0,0,23,1,0,54.4,1249.25,0,0,1,0,0,0,1,0,0,0,0,0,0,0,0,0,0,0,0,0,1,0,0.2006397447340145
0,1,0,0,4,1,0,72.75,317.75,0,0,0,1,0,0,0,0,1,0,0,0,0,0,0,0,0,0,0,0,1,0,0.6487973561730884
1,0,0,1,29,1,0,19.85,535.05,0,0,0,0,1,1,0,1,0,1,0,1,0,1,0,1,0,1,0,0,0,1,0.021758804812651487
0,0,0,0,25,1,0,19.05,461.3,0,0,0,0,1,1,0,1,0,1,0,1,0,1,0,1,0,0,0,0,0,1,0.07036420329603653
1,0,0,0,9,1,0,44.95,431.0,1,0,0,0,0,0,0,0,0,0,0,0,0,0,0,0,0,0,0,0,0,1,0.2805429549636434
1,0,1,0,18,1,1,49.55,878.35,1,0,0,0,0,0,0,0,0,0,1,0,0,0,0,0,0,0,0,0,0,1,0.26265890463140235
1,1,0,0,3,1,1,94.85,335.75,0,0,1,1,0,0,0,0,0,0,0,0,0,0,1,0,1,0,0,0,1,0,0.846947999005365
0,0,1,1,69,0,0,46.25,3121.4,0,1,0,0,0,0,1,0,1,0,1,0,1,0,0,0,0,0,1,0,0,0,0.004272234891296867
1,0,0,0,14,1,0,19.35,324.8,0,0,0,0,1,1,0,1,0,1,0,1,0,1,0,1,0,1,0,0,0,1,0.05943909822303622
1,0,0,0,19,1,0,69.6,1394.55,0,0,1,0,0,0,0,0,0,0,0,0,0,0,1,0,1,0,0,0,0,1,0.3673276630589179
1,1,0,0,39,1,0,90.7,3413.25,0,0,1,1,0,0,0,0,1,0,0,0,0,0,0,0,1,0,0,0,1,0,0.47432741609110063
1,0,0,0,31,1,1,101.4,3143.65,0,0,0,1,0,0,0,0,1,0,1,0,0,0,1,0,1,0,0,0,1,0,0.5693808091529586
1,0,1,1,24,1,0,20.25,439.75,0,0,0,0,1,1,0,1,0,1,0,1,0,1,0,1,0,1,0,0,0,1,0.029473014568333216
1,0,1,0,14,1,0,48.8,664.4,0,0,0,0,0,0,0,0,0,0,0,0,1,0,0,0,0,0,0,0,0,0,0.18684505711230465
0,0,1,0,64,1,1,74.35,4759.55,0,0,0,0,0,0,1,0,1,0,1,0,1,0,0,0,1,0,1,0,0,1,0.01032231655016027
0,0,0,0,50,1,1,19.35,1033.0,0,0,0,0,1,1,0,1,0,1,0,1,0,1,0,1,0,1,0,0,0,1,0.012571150834652111
1,0,1,1,52,1,1,68.75,3482.85,0,0,0,0,0,0,0,0,1,0,1,0,1,0,1,0,0,1,0,0,1,0,0.03933009620386594
1,0,0,0,28,1,0,100.2,2688.45,0,0,1,1,0,0,0,0,1,0,0,0,0,0,1,0,1,1,0,0,1,0,0.3879951490048525
0,0,0,0,21,1,1,20.85,435.25,0,0,0,0,1,1,0,1,0,1,0,1,0,1,0,1,0,0,1,1,0,0,0.030537657878367742
1,0,0,1,25,1,1,95.9,2448.75,1,0,0,1,0,0,0,0,1,0,0,0,0,0,1,0,1,0,0,0,1,0,0.5572170633706388
0,0,1,0,17,1,0,19.35,307.0,0,0,0,0,1,1,0,1,0,1,0,1,0,1,0,1,0,1,0,0,0,1,0.05406176525292573
1,0,1,0,58,0,1,45.0,2689.35,0,1,0,0,0,0,0,0,0,0,0,0,0,0,1,0,1,1,0,1,0,0,0.07127662131446097
1,1,1,0,17,1,0,81.5,1329.2,1,0,0,1,0,0,0,0,0,0,0,0,0,0,0,0,1,0,0,0,0,0,0.5580741141308675
0,0,1,0,51,1,0,25.5,1281.25,0,0,1,0,1,1,0,1,0,1,0,1,0,1,0,1,0,0,1,0,0,1,0.007391548999245535
1,0,1,1,72,0,0,48.9,3527.0,0,1,0,0,0,0,1,0,0,0,1,0,1,0,1,0,0,0,1,0,0,1,0.005370266861788378
1,0,1,0,52,1,0,84.1,4348.65,1,0,0,1,0,0,1,0,0,0,0,0,0,0,1,0,0,0,0,0,1,0,0.20751619557300416
0,0,0,0,27,1,1,19.6,561.15,0,0,0,0,1,1,0,1,0,1,0,1,0,1,0,1,0,0,1,0,0,1,0.02437211377626781
0,0,0,0,3,1,0,20.0,63.6,0,0,0,0,1,1,0,1,0,1,0,1,0,1,0,1,0,0,0,0,0,1,0.1956752119457844
0,0,1,0,64,1,1,81.3,5129.3,0,0,1,0,0,0,1,0,1,0,1,0,1,0,0,0,1,0,1,0,0,1,0.014058875711106086
0,0,1,0,45,1,1,95.2,4285.8,0,0,0,1,0,0,0,0,0,0,0,0,1,0,1,0,1,0,1,1,0,0,0.11215238025361753
1,1,1,0,3,0,1,36.45,93.7,1,1,0,0,0,0,0,0,0,0,0,0,0,0,1,0,0,0,0,0,0,1,0.6703330251736525
0,0,1,0,71,1,1,83.3,5894.5,0,0,1,0,0,0,0,0,1,0,1,0,1,0,1,0,1,0,1,1,0,0,0.021972064985738976
0,1,0,0,1,0,0,25.05,25.05,1,1,0,0,0,0,0,0,0,0,0,0,0,0,0,0,0,0,0,0,0,1,0.5752704222396982
0,0,1,1,58,1,0,20.3,1160.75,0,0,0,0,1,1,0,1,0,1,0,1,0,1,0,1,0,0,1,1,0,0,0.0028530765746887458
1,0,1,1,34,1,1,89.85,3091.75,0,0,0,1,0,0,0,0,1,0,1,0,0,0,1,0,0,0,0,0,1,0,0.4226996230171945
0,0,0,0,8,1,1,49.85,365.55,1,0,0,0,0,0,1,0,0,0,0,0,0,0,0,0,0,0,0,0,1,0,0.32801295779456136
0,0,1,1,15,1,0,19.8,272.95,0,0,0,0,1,1,0,1,0,1,0,1,0,1,0,1,0,0,0,0,0,1,0.09754565217750308
1,0,1,1,66,0,0,54.65,3632.0,0,1,0,0,0,0,0,0,0,0,1,0,1,0,1,0,1,0,1,0,0,0,0.016425642937187738
1,1,0,0,12,0,1,29.35,381.2,0,1,0,0,0,0,0,0,1,0,0,0,0,0,0,0,0,0,0,1,0,0,0.45419481113310944
1,0,0,0,58,1,1,19.15,1035.5,0,0,0,0,1,1,0,1,0,1,0,1,0,1,0,1,0,0,1,0,0,0,0.004748432185897857
0,0,1,1,3,1,0,19.1,52.0,0,0,0,0,1,1,0,1,0,1,0,1,0,1,0,1,0,0,1,0,0,1,0.05384752696128636
0,1,1,0,43,0,0,55.55,2342.2,1,1,0,0,0,0,0,0,1,0,1,0,0,0,1,0,1,0,0,1,0,0,0.23735789124469628
0,0,0,0,9,1,0,80.55,653.9,0,0,0,1,0,0,0,0,1,0,1,0,0,0,0,0,0,0,0,0,1,0,0.527887976681613
0,0,0,0,3,1,0,20.25,71.2,0,0,0,0,1,1,0,1,0,1,0,1,0,1,0,1,0,1,0,0,0,1,0.10284887602611346
0,0,1,1,22,1,1,69.5,1498.2,1,0,0,0,0,0,0,0,1,0,0,0,0,0,1,0,1,1,0,0,0,0,0.1697788198593114
1,0,1,0,40,1,1,106.0,4178.65,0,0,1,1,0,0,0,0,1,0,1,0,0,0,1,0,1,1,0,0,0,0,0.3350777310011272
0,0,0,0,68,1,0,25.5,1821.8,0,0,1,0,1,1,0,1,0,1,0,1,0,1,0,1,0,0,1,0,0,0,0.0032370772131874743
1,0,1,0,54,1,1,104.3,5278.15,1,0,1,1,0,0,0,0,1,0,1,0,0,0,1,0,1,0,0,0,1,0,0.46601082600104704
0,0,0,0,50,1,1,79.6,4024.2,0,0,1,0,0,0,0,0,1,0,0,0,1,0,1,0,1,0,1,0,0,1,0.04323591077436336
1,0,0,0,1,1,1,55.25,55.25,0,0,0,0,0,0,0,0,0,0,0,0,0,0,0,0,1,0,0,0,1,0,0.5639188493482666
0,0,1,0,72,1,0,88.05,6520.8,0,0,1,0,0,0,1,0,1,0,1,0,1,0,1,0,1,0,1,0,0,0,0.014017529411355232
1,0,0,1,40,1,1,20.4,854.9,0,0,0,0,1,1,0,1,0,1,0,1,0,1,0,1,0,1,0,0,0,0,0.0174329673466728
0,0,1,1,72,1,1,117.6,8308.9,0,0,1,1,0,0,1,0,1,0,1,0,1,0,1,0,1,0,1,0,0,0,0.051248586907029346
0,0,0,0,6,1,0,20.0,109.2,0,0,0,0,1,1,0,1,0,1,0,1,0,1,0,1,0,0,0,0,0,1,0.17126790572467954
0,0,0,0,5,1,1,19.65,92.05,0,0,0,0,1,1,0,1,0,1,0,1,0,1,0,1,0,0,0,1,0,0,0.21118732693291245
1,0,1,0,48,1,1,70.55,3420.5,0,0,1,0,0,0,0,0,1,0,1,0,0,0,0,0,1,1,0,1,0,0,0.07460753733850427
0,0,0,0,1,1,1,93.85,93.85,1,0,1,1,0,0,0,0,0,0,0,0,0,0,1,0,1,0,0,0,1,0,0.8230765074897269
0,0,1,1,64,1,0,65.8,4068.0,0,0,0,0,0,0,1,0,0,0,0,0,1,0,1,0,0,1,0,0,0,1,0.00979882465019125
0,0,0,0,17,1,0,20.05,337.9,0,0,0,0,1,1,0,1,0,1,0,1,0,1,0,1,0,1,0,1,0,0,0.048324334777921384
1,0,1,0,40,1,1,80.0,3168.75,0,0,0,1,0,0,0,0,1,0,1,0,0,0,0,0,0,0,0,0,1,0,0.3424089802791389
0,0,1,1,41,0,0,35.4,1412.4,0,1,0,0,0,0,1,0,0,0,1,0,0,0,0,0,0,1,0,1,0,0,0.033562798471843694
1,1,0,0,51,1,1,79.6,3974.7,0,0,1,1,0,0,0,0,1,0,0,0,0,0,0,0,0,1,0,0,0,0,0.165001869614432
1,0,1,0,41,1,1,80.25,3439.0,0,0,1,1,0,0,0,0,1,0,0,0,0,0,0,0,0,0,0,0,1,0,0.4036922134938257
0,0,1,1,1,1,0,50.45,50.45,1,0,0,0,0,0,0,0,0,0,1,0,0,0,0,0,0,0,0,0,0,1,0.3208338204254042
0,0,0,0,2,1,1,20.45,42.45,0,0,0,0,1,1,0,1,0,1,0,1,0,1,0,1,0,0,0,0,0,1,0.251216848337369
1,0,0,0,68,1,0,79.6,5461.45,0,0,0,1,0,0,0,0,1,0,1,0,0,0,0,0,0,1,0,1,0,0,0.04424399677896911
0,0,1,1,24,1,0,24.7,571.75,0,0,1,0,1,1,0,1,0,1,0,1,0,1,0,1,0,0,1,0,0,1,0.02333853004090315
1,0,1,0,70,1,0,77.3,5498.2,0,0,1,0,0,0,1,0,0,0,1,0,1,0,0,0,1,0,1,1,0,0,0.008526218883566453
1,0,0,0,3,0,1,29.75,96.85,0,1,0,0,0,0,0,0,0,0,0,0,1,0,0,0,0,0,0,0,1,0,0.5237169055906966
1,0,0,0,2,1,0,44.9,111.05,0,0,0,0,0,0,0,0,0,0,0,0,0,0,0,0,0,0,0,0,0,0,0.36153628475289573
1,0,1,0,3,0,0,29.8,94.4,0,1,0,0,0,0,0,0,1,0,0,0,0,0,0,0,0,0,0,1,0,0,0.44310166934837886
0,0,0,0,7,1,1,74.65,521.1,1,0,1,0,0,0,0,0,0,0,0,0,1,0,1,0,1,0,0,0,1,0,0.5266261630132736
0,0,0,0,13,1,1,71.95,923.85,0,0,0,0,0,0,1,0,0,0,0,0,0,0,1,0,1,0,0,0,1,0,0.4036007727022765
1,0,0,0,7,1,0,20.75,141.1,0,0,0,0,1,1,0,1,0,1,0,1,0,1,0,1,0,0,0,0,0,1,0.15896630593736516
1,0,1,1,12,1,1,56.3,628.65,0,0,0,0,0,0,0,0,0,0,0,0,0,0,1,0,0,0,0,0,0,1,0.32298603276551346
1,0,1,1,53,1,1,105.25,5576.3,0,0,1,1,0,0,0,0,1,0,1,0,0,0,1,0,1,1,0,0,1,0,0.27574625395930336
0,0,0,0,12,1,1,94.2,1046.1,1,0,1,1,0,0,0,0,0,0,0,0,0,0,1,0,1,0,0,0,1,0,0.7642851998694151
1,0,1,1,63,1,0,19.55,1245.6,0,0,0,0,1,1,0,1,0,1,0,1,0,1,0,1,0,0,1,0,0,1,0.0022841321855885896
0,0,0,0,15,1,0,84.45,1287.85,0,0,0,0,0,0,1,0,1,0,1,0,1,0,1,0,1,0,0,0,0,1,0.1762931098819192
1,0,1,1,36,1,0,53.65,1939.35,0,0,0,0,0,0,1,0,1,0,0,0,0,0,0,0,0,1,0,0,0,1,0.027831724191930314
1,1,1,0,4,0,1,29.9,118.25,0,1,0,0,0,0,0,0,0,0,1,0,0,0,0,0,0,0,0,0,1,0,0.6793375283938698
0,0,1,1,24,1,0,19.7,452.55,0,0,0,0,1,1,0,1,0,1,0,1,0,1,0,1,0,0,1,0,0,1,0.018181111649305012
0,0,0,0,61,0,0,43.7,2696.55,0,1,0,0,0,0,1,0,1,0,1,0,1,0,0,0,0,1,0,1,0,0,0.010903504933372464
1,0,0,0,16,1,0,55.3,875.35,0,0,1,0,0,0,0,0,1,0,0,0,0,0,0,0,0,0,0,0,1,0,0.3101757132005907
1,0,1,1,65,1,1,19.85,1267.05,0,0,0,0,1,1,0,1,0,1,0,1,0,1,0,1,0,0,1,1,0,0,0.0024919284626576384
0,0,1,1,26,1,0,19.65,494.9,0,0,0,0,1,1,0,1,0,1,0,1,0,1,0,1,0,0,1,1,0,0,0.015289517031671812
1,0,0,0,16,1,1,49.45,799.0,0,0,0,0,0,0,0,0,0,0,0,0,1,0,0,0,0,0,0,0,0,1,0.19984526634295552
0,0,1,0,54,1,0,106.55,5763.3,1,0,1,1,0,0,1,0,1,0,0,0,0,0,1,0,1,1,0,0,0,0,0.1547218566732158
1,0,0,0,1,1,0,20.1,20.1,1,0,0,0,1,1,0,1,0,1,0,1,0,1,0,1,0,0,0,0,0,1,0.20710134983991538
1,0,0,1,5,1,0,20.45,106.9,0,0,0,0,1,1,0,1,0,1,0,1,0,1,0,1,0,0,1,0,0,1,0.04467340288454673
0,0,0,0,19,0,1,39.7,710.05,0,1,0,0,0,0,0,0,1,0,0,0,0,0,0,0,1,0,0,0,1,0,0.47903900657698045
1,0,0,0,10,1,1,54.5,568.2,0,0,1,0,0,0,1,0,0,0,0,0,0,0,0,0,0,0,0,1,0,0,0.27234570921862566
0,0,1,1,23,1,0,83.8,1900.25,1,0,0,1,0,0,0,0,1,0,1,0,1,0,0,0,0,0,0,0,1,0,0.2874141078510682
1,0,0,0,3,1,0,55.15,159.15,1,0,0,0,0,0,0,0,0,0,0,0,0,0,1,0,0,0,0,0,0,1,0.39038159858683225
0,0,0,0,72,1,1,111.6,8012.75,0,0,1,1,0,0,0,0,1,0,1,0,1,0,1,0,1,0,1,0,0,0,0.08456186712895838
1,1,1,0,10,1,1,86.65,856.65,1,0,1,1,0,0,0,0,0,0,0,0,0,0,0,0,1,0,0,0,1,0,0.7793498143161577
0,0,1,1,10,1,1,55.55,551.3,0,0,0,0,0,0,0,0,1,0,1,0,0,0,0,0,0,0,0,0,0,1,0.27324495389891224
1,0,1,0,11,1,1,20.55,184.95,0,0,0,0,1,1,0,1,0,1,0,1,0,1,0,1,0,1,0,0,0,1,0.08977294603726639
0,1,0,0,37,1,1,106.75,4056.75,1,0,1,1,0,0,1,0,1,0,0,0,0,0,1,0,1,0,0,0,0,0,0.5042192471743492
1,0,1,1,17,1,1,62.1,1096.65,0,0,1,0,0,0,1,0,0,0,0,0,1,0,0,0,0,1,0,0,0,1,0.07362449479904937
0,0,1,1,36,1,1,104.5,3684.95,0,0,1,1,0,0,1,0,0,0,1,0,0,0,1,0,1,0,0,1,0,0,0.3837033992770231
1,1,0,0,17,1,1,101.8,1752.45,0,0,0,1,0,0,0,0,1,0,1,0,0,0,1,0,1,0,0,0,1,0,0.7182039366578447
0,1,1,1,66,1,1,110.6,7210.85,0,0,1,1,0,0,1,0,1,0,0,0,1,0,1,0,1,1,0,1,0,0,0.10057403558564272
1,0,1,1,61,1,0,84.9,5264.5,0,0,0,0,0,0,1,0,1,0,1,0,1,0,1,0,1,1,0,0,0,0,0.019081988554371015
1,0,0,0,22,1,1,93.2,2157.3,0,0,0,1,0,0,0,0,1,0,0,0,0,0,1,0,1,0,0,0,0,1,0.5585025076464034
1,0,0,0,1,0,1,24.4,24.4,0,1,0,0,0,0,0,0,0,0,0,0,0,0,0,0,0,0,0,0,1,0,0.6496196676687128
0,0,0,0,6,1,0,70.55,433.95,0,0,0,1,0,0,0,0,0,0,0,0,0,0,0,0,0,0,0,1,0,0,0.4920000674048017
1,0,0,0,31,1,1,78.45,2435.15,1,0,0,1,0,0,0,0,1,0,0,0,1,0,0,0,0,0,0,0,1,0,0.31416318104310487
0,0,1,1,68,1,1,85.0,5607.75,0,0,0,0,0,0,1,0,1,0,1,0,1,0,1,0,1,0,1,1,0,0,0.009869259989747043
0,0,1,1,34,1,0,87.45,2874.15,1,0,1,1,0,0,0,0,0,0,1,0,0,0,1,0,0,0,0,0,1,0,0.4367616852874583
0,0,1,1,52,1,0,85.8,4433.3,0,0,0,1,0,0,0,0,1,0,1,0,1,0,0,0,0,0,0,0,0,0,0.10591516082063775
0,0,0,1,10,1,1,91.1,964.35,0,0,0,1,0,0,0,0,0,0,1,0,1,0,1,0,0,0,0,0,1,0,0.5309679831794406
1,0,1,1,29,1,1,70.75,1974.8,1,0,0,1,0,0,0,0,0,0,0,0,0,0,0,0,0,0,0,0,1,0,0.3895427829399989
0,0,1,1,72,1,0,20.1,1460.85,0,0,0,0,1,1,0,1,0,1,0,1,0,1,0,1,0,0,1,0,0,0,0.0015622125188361825
1,0,1,1,47,1,0,20.05,951.55,0,0,0,0,1,1,0,1,0,1,0,1,0,1,0,1,0,1,0,0,0,1,0.009073204457329181
1,0,1,1,24,1,0,74.8,1821.2,0,0,1,0,0,0,1,0,0,0,0,0,0,0,1,0,1,1,0,0,0,1,0.11106458925044757
1,0,0,0,65,1,0,24.8,1600.95,0,0,1,0,1,1,0,1,0,1,0,1,0,1,0,1,0,1,0,1,0,0,0.005279742259078294
0,0,0,0,4,1,1,100.85,399.25,0,0,1,1,0,0,0,0,0,0,0,0,1,0,1,0,1,0,0,0,0,1,0.6646144601118877
1,1,1,0,12,1,1,101.35,1218.55,1,0,1,1,0,0,0,0,1,0,0,0,0,0,1,0,1,0,0,0,1,0,0.796086276569396
1,0,0,0,1,1,1,81.7,81.7,1,0,1,1,0,0,1,0,0,0,0,0,0,0,0,0,0,0,0,0,1,0,0.6348955108408704
1,0,0,0,33,1,0,68.25,2171.15,1,0,0,1,0,0,0,0,0,0,0,0,0,0,0,0,0,0,0,0,1,0,0.33068355038916786
0,0,0,0,34,1,1,105.1,3634.8,0,0,0,1,0,0,0,0,1,0,1,0,1,0,1,0,1,0,0,0,1,0,0.46877396696464363
0,0,1,0,14,1,0,20.4,292.4,0,0,0,0,1,1,0,1,0,1,0,1,0,1,0,1,0,0,1,0,0,1,0.03782166125898638
0,0,0,0,4,1,1,79.15,317.25,1,0,0,1,0,0,0,0,0,0,0,0,0,0,0,0,1,0,0,0,1,0,0.7271420399519792
1,0,1,1,13,1,0,20.0,218.55,0,0,0,0,1,1,0,1,0,1,0,1,0,1,0,1,0,1,0,0,0,1,0.05164384493354241
0,0,1,1,65,1,1,79.4,5071.9,0,0,1,0,0,0,0,0,1,0,0,0,1,0,1,0,1,0,1,0,0,0,0.022510644062119937
1,0,1,1,23,1,0,57.2,1423.35,0,0,0,0,0,0,1,0,0,0,0,0,1,0,0,0,0,1,0,1,0,0,0.03387382719978934
1,0,1,0,55,1,0,58.6,3068.6,0,0,0,0,0,0,1,0,1,0,1,0,0,0,0,0,0,0,1,0,1,0,0.012839726554308739
1,0,1,0,49,1,1,94.8,4690.65,0,0,0,1,0,0,0,0,1,0,0,0,0,0,1,0,1,0,1,0,1,0,0.1808461364515438
1,0,1,0,60,1,0,102.5,6157.6,0,0,1,1,0,0,0,0,1,0,1,0,0,0,1,0,1,1,0,0,0,0,0.18261191692890077
0,0,1,1,69,1,1,20.35,1442.65,0,0,0,0,1,1,0,1,0,1,0,1,0,1,0,1,0,1,0,1,0,0,0.003647491936303616
1,0,0,0,40,1,1,84.9,3369.05,0,0,1,1,0,0,0,0,0,0,0,0,0,0,1,0,0,0,0,0,1,0,0.48785970390026984
1,0,1,0,67,1,1,69.2,4671.65,0,0,0,0,0,0,1,0,1,0,0,0,1,0,0,0,1,0,1,1,0,0,0.007789112814177691
1,1,0,0,35,1,1,95.45,3474.05,1,0,1,1,0,0,0,0,0,0,0,0,0,0,1,0,1,0,0,0,1,0,0.6851405867633058
1,0,1,1,19,1,1,100.95,1875.55,1,0,1,1,0,0,0,0,0,0,0,0,1,0,1,0,1,1,0,0,1,0,0.40685545268511425
0,0,1,1,13,1,0,20.85,272.35,0,0,0,0,1,1,0,1,0,1,0,1,0,1,0,1,0,0,1,0,0,1,0.032104957084899806
0,0,0,1,41,1,1,88.5,3645.05,0,0,1,1,0,0,0,0,1,0,0,0,0,0,1,0,0,0,0,0,0,0,0.35719952761981355
0,0,0,0,4,0,0,35.0,135.75,0,1,0,0,0,0,1,0,0,0,1,0,0,0,0,0,0,0,0,0,0,1,0.3611323525994564
0,0,1,1,24,1,0,55.15,1319.85,0,0,0,0,0,0,1,0,0,0,0,0,1,0,0,0,0,0,0,0,1,0,0.09642335901997545
0,0,0,0,5,0,1,50.95,229.4,0,1,0,0,0,0,0,0,1,0,0,0,0,0,1,0,1,0,0,1,0,0,0.6014291710332412
0,0,0,0,5,1,1,64.0,370.25,0,0,1,0,0,0,0,0,1,0,0,0,0,0,0,0,1,0,0,0,1,0,0.5641698151991383
0,0,1,1,1,1,1,69.1,69.1,1,0,0,1,0,0,0,0,0,0,0,0,0,0,0,0,0,0,0,0,0,1,0.5845189834867437
0,0,1,1,72,1,0,80.2,5714.2,0,0,1,0,0,0,1,0,1,0,1,0,1,0,1,0,0,0,1,0,0,0,0.006800827558663641
0,0,0,0,24,1,1,49.3,1233.25,0,0,0,0,0,0,0,0,0,0,1,0,0,0,0,0,0,0,0,1,0,0,0.2036900825152075
0,0,1,0,42,1,0,84.35,3571.6,0,0,1,0,0,0,1,0,0,0,1,0,1,0,1,0,1,0,1,1,0,0,0.03214429075637952
0,0,0,0,4,1,0,20.05,83.3,0,0,0,0,1,1,0,1,0,1,0,1,0,1,0,1,0,0,0,0,0,1,0.18739451051635025
1,0,0,0,68,1,1,117.2,8035.95,0,0,1,1,0,0,1,0,1,0,1,0,1,0,1,0,1,1,0,1,0,0,0.09813824128278606
0,0,1,1,33,1,0,20.1,579.4,0,0,0,0,1,1,0,1,0,1,0,1,0,1,0,1,0,1,0,0,0,1,0.018915218996426973
0,1,0,0,1,1,1,69.6,69.6,1,0,0,1,0,0,0,0,0,0,0,0,0,0,0,0,0,0,0,0,1,0,0.7489003331650137
1,0,0,0,31,1,1,103.45,3066.45,1,0,1,1,0,0,0,0,1,0,1,0,0,0,1,0,1,1,0,0,1,0,0.43797419831134554
0,0,0,0,4,1,0,77.95,305.55,1,0,1,1,0,0,0,0,1,0,0,0,0,0,0,0,0,0,0,0,0,0,0.5736537484469365
1,1,1,0,69,1,1,109.95,7634.25,0,0,1,1,0,0,0,0,1,0,1,0,1,0,1,0,1,0,1,0,1,0,0.1470025409358843
1,1,0,0,38,1,0,94.75,3653.0,0,0,1,1,0,0,0,0,0,0,0,0,0,0,1,0,1,0,0,0,1,0,0.5959951599304678
0,0,1,1,3,1,1,80.0,241.3,0,0,0,1,0,0,0,0,1,0,0,0,1,0,0,0,0,0,0,0,1,0,0.5121510365633362
0,0,1,1,48,1,0,79.65,3870.3,0,0,1,0,0,0,0,0,1,0,0,0,1,0,1,0,1,0,1,0,1,0,0.0414287454609906
0,0,1,0,15,1,0,25.2,387.9,0,0,1,0,1,1,0,1,0,1,0,1,0,1,0,1,0,0,1,0,0,1,0.045404821364171066
0,0,0,0,25,1,0,19.9,527.5,0,0,0,0,1,1,0,1,0,1,0,1,0,1,0,1,0,1,0,1,0,0,0.03251550232520072
0,1,0,0,1,1,0,78.45,78.45,1,0,0,1,0,0,0,0,0,0,0,0,0,0,1,0,0,0,0,0,1,0,0.7427950166637605
0,0,0,0,48,0,1,44.8,2104.55,0,1,0,0,0,0,1,0,1,0,0,0,0,0,1,0,0,0,0,0,1,0,0.13762818505891405
1,0,0,0,1,1,0,20.3,20.3,0,0,0,0,1,1,0,1,0,1,0,1,0,1,0,1,0,0,0,0,0,1,0.20679124367777266
1,0,0,0,1,1,0,19.2,19.2,0,0,0,0,1,1,0,1,0,1,0,1,0,1,0,1,0,0,0,0,1,0,0.2676134474794146
0,0,0,0,37,1,0,80.05,3019.1,0,0,0,1,0,0,0,0,1,0,1,0,0,0,0,0,0,1,0,0,1,0,0.17307323347162262
1,1,1,0,66,1,1,107.35,7051.95,0,0,1,1,0,0,0,0,1,0,1,0,1,0,1,0,1,1,0,0,0,0,0.18733238272099415
0,0,1,0,26,0,0,47.85,1190.5,0,1,0,0,0,0,1,0,1,0,1,0,0,0,1,0,0,1,0,0,0,0,0.11242357298098805
1,0,1,0,63,1,0,70.8,4448.8,0,0,0,0,0,0,1,0,1,0,0,0,1,0,1,0,0,1,0,1,0,0,0.011559291089866135
1,0,0,0,10,0,0,29.5,255.25,1,1,0,0,0,0,0,0,0,0,1,0,0,0,0,0,0,0,0,0,0,1,0.3852542058046803
0,0,0,0,2,1,1,70.75,146.9,1,0,0,0,0,0,1,0,0,0,0,0,0,0,1,0,1,0,0,0,1,0,0.508130692424956
1,1,1,0,18,1,1,59.1,1011.05,0,0,0,0,0,0,1,0,0,0,0,0,0,0,0,0,1,0,0,1,0,0,0.27280054407895166
0,0,1,0,64,1,0,25.55,1714.95,0,0,1,0,1,1,0,1,0,1,0,1,0,1,0,1,0,0,1,0,0,1,0.003930651505594117
0,1,0,0,9,1,1,84.45,762.5,1,0,1,1,0,0,0,0,0,0,0,0,0,0,0,0,1,0,0,0,1,0,0.7853136853388768
0,0,0,1,28,1,0,20.25,535.35,0,0,0,0,1,1,0,1,0,1,0,1,0,1,0,1,0,0,0,0,0,1,0.04900848153326643
0,0,0,0,1,1,0,75.55,75.55,0,0,0,1,0,0,0,0,0,0,1,0,0,0,0,0,0,0,0,0,1,0,0.6293547415856858
1,0,0,0,4,1,1,85.65,338.9,1,0,1,1,0,0,0,0,0,0,0,0,0,0,0,0,1,0,0,0,1,0,0.7609589759447841
1,1,0,0,38,1,1,70.15,2497.35,1,0,0,0,0,0,0,0,1,0,1,0,1,0,1,0,0,1,0,1,0,0,0.06570226147216862
1,0,1,0,66,1,0,95.3,6273.4,0,0,1,1,0,0,0,0,1,0,1,0,0,0,0,0,1,1,0,0,1,0,0.14160159585015436
0,0,0,0,1,1,1,70.25,70.25,0,0,0,1,0,0,0,0,0,0,0,0,0,0,0,0,0,0,0,0,1,0,0.6956527266543228
0,0,1,0,18,1,1,50.3,908.75,0,0,0,0,0,0,0,0,0,0,0,0,1,0,0,0,0,0,0,0,0,1,0.19813821140534701
1,1,0,0,51,1,1,97.8,4913.3,1,0,1,1,0,0,0,0,0,0,1,0,0,0,1,0,1,0,0,0,1,0,0.5688392440472723
1,0,0,0,1,1,0,46.3,46.3,1,0,0,0,0,0,0,0,0,0,0,0,0,0,0,0,0,0,0,0,0,1,0.3542172272929709
1,0,0,1,12,1,0,19.35,212.3,0,0,0,0,1,1,0,1,0,1,0,1,0,1,0,1,0,0,1,0,0,0,0.03307064708140972
0,0,0,0,41,1,1,106.3,4443.45,1,0,1,1,0,0,0,0,1,0,1,0,0,0,1,0,1,0,0,0,1,0,0.5840393345060593
1,0,0,0,12,1,0,25.0,316.2,0,0,1,0,1,1,0,1,0,1,0,1,0,1,0,1,0,0,0,0,1,0,0.20514518014545388
0,0,1,1,55,1,0,20.3,1079.05,0,0,0,0,1,1,0,1,0,1,0,1,0,1,0,1,0,0,1,0,0,1,0.003565493536493532
0,0,0,0,7,1,1,75.35,564.65,0,0,1,1,0,0,0,0,0,0,0,0,0,0,0,0,0,0,0,0,1,0,0.6987726838919045
0,0,0,0,12,1,1,89.4,1095.65,1,0,0,1,0,0,0,0,0,0,1,0,1,0,0,0,1,0,0,0,1,0,0.5739866367780398
0,0,1,1,68,1,0,88.0,6161.9,0,0,1,0,0,0,1,0,1,0,1,0,1,0,1,0,1,0,1,1,0,0,0.011274036741108611
0,1,0,0,5,1,1,83.15,446.05,1,0,1,1,0,0,0,0,0,0,0,0,0,0,1,0,0,0,0,1,0,0,0.7374808968560204
0,1,0,0,49,1,0,43.8,2106.05,0,0,0,0,0,0,0,0,0,0,0,0,0,0,0,0,0,0,0,0,0,1,0.07684823006242482
1,0,0,0,40,0,0,62.05,2511.55,0,1,0,0,0,0,1,0,1,0,1,0,0,0,1,0,1,1,0,1,0,0,0.07616181476478957
0,0,0,0,16,1,0,20.1,318.6,0,0,0,0,1,1,0,1,0,1,0,1,0,1,0,1,0,1,0,0,0,0,0.0573937679399571
1,0,0,0,10,1,1,74.15,811.8,1,0,1,1,0,0,0,0,0,0,0,0,0,0,0,0,0,0,0,0,0,1,0.5967336226467221
0,0,1,0,72,1,1,101.35,7323.15,0,0,1,1,0,0,0,0,1,0,1,0,0,0,1,0,1,1,0,0,1,0,0.22045208444389267
0,1,0,0,2,1,1,84.05,186.05,0,0,1,1,0,0,0,0,0,0,0,0,0,0,0,0,1,0,0,0,1,0,0.8230888069680607
1,0,1,1,23,1,0,20.9,454.0,0,0,0,0,1,1,0,1,0,1,0,1,0,1,0,1,0,0,1,0,0,1,0.01845210302455523
0,1,0,0,71,1,1,105.9,7521.95,0,0,1,1,0,0,0,0,1,0,1,0,0,0,1,0,1,1,0,0,1,0,0.2735143469003847
0,0,1,0,11,1,1,99.5,1056.95,1,0,1,1,0,0,0,0,0,0,1,0,0,0,1,0,1,0,0,0,1,0,0.779437234789353
1,0,0,0,1,1,1,44.15,44.15,1,0,0,0,0,0,0,0,0,0,0,0,0,0,0,0,0,0,0,0,0,1,0.4238500965002396
0,0,0,0,16,1,1,53.9,834.15,1,0,0,0,0,0,0,0,1,0,0,0,1,0,0,0,0,0,0,0,0,1,0.18829091101818163
0,0,0,0,1,1,1,85.45,85.45,1,0,1,1,0,0,0,0,0,0,0,0,0,0,0,0,1,0,0,0,0,1,0.7240853367263481
1,0,1,0,12,1,1,85.05,999.8,0,0,0,1,0,0,0,0,1,0,0,0,0,0,0,0,1,0,0,1,0,0,0.550669653334626
0,0,0,0,54,0,0,44.1,2369.7,0,1,0,0,0,0,1,0,0,0,0,0,1,0,0,0,1,1,0,0,0,0,0.024602304838640766
0,0,1,0,68,1,0,90.2,6297.65,0,0,1,1,0,0,0,0,1,0,1,0,1,0,0,0,0,0,1,1,0,0,0.029835702140167532
0,0,1,1,4,1,0,50.85,239.55,1,0,1,0,0,0,0,0,0,0,0,0,0,0,0,0,0,0,0,0,0,1,0.3470901118812887
0,0,0,1,1,1,0,59.2,59.2,1,0,0,0,0,0,0,0,0,0,1,0,0,0,0,0,1,0,0,0,1,0,0.44695276666190137
1,0,0,0,27,1,0,53.45,1461.45,0,0,0,0,0,0,1,0,0,0,0,0,1,0,0,0,0,0,0,0,0,1,0.07271691696554002
1,0,0,0,21,1,1,19.95,416.4,0,0,0,0,1,1,0,1,0,1,0,1,0,1,0,1,0,0,0,0,0,1,0.10650324987161659
1,0,0,0,13,1,1,83.2,1060.6,1,0,0,1,0,0,0,0,0,0,1,0,0,0,1,0,0,0,0,0,1,0,0.648729446374033
0,1,0,0,64,1,0,74.65,4869.35,0,0,1,0,0,0,0,0,1,0,1,0,1,0,0,0,1,0,0,1,0,0,0.06235119774823766
0,0,0,0,1,1,1,54.9,54.9,1,0,0,0,0,0,1,0,1,0,0,0,0,0,0,0,0,0,0,0,1,0,0.37230125044792334
1,0,1,0,57,0,1,57.5,3265.95,0,1,0,0,0,0,0,0,1,0,1,0,1,0,1,0,1,0,1,0,0,0,0.03614412640253492
0,0,1,0,21,1,1,103.9,2254.2,1,0,1,1,0,0,1,0,0,0,1,0,0,0,1,0,1,0,0,0,1,0,0.6447844495031556
1,0,0,0,19,1,0,19.65,358.15,0,0,0,0,1,1,0,1,0,1,0,1,0,1,0,1,0,0,1,0,0,1,0.026961090000646955
1,0,1,0,31,1,1,93.8,2939.8,0,0,0,1,0,0,0,0,0,0,1,0,0,0,1,0,1,1,0,0,1,0,0.4162882706918868
1,0,0,0,52,1,1,89.25,4652.4,0,0,1,0,0,0,1,0,1,0,1,0,1,0,1,0,1,0,1,0,0,1,0.028665100503722892
0,0,0,0,46,1,1,94.15,4408.45,0,0,1,1,0,0,0,0,1,0,1,0,0,0,0,0,1,1,0,0,1,0,0.28395087308045747
0,1,0,0,11,1,1,55.6,580.8,0,0,1,0,0,0,1,0,0,0,0,0,0,0,0,0,0,0,0,0,1,0,0.4116270561443295
0,0,1,1,53,0,1,48.7,2495.2,0,1,0,0,0,0,1,0,1,0,1,0,0,0,0,0,1,0,0,0,0,0,0.0798571147325587
0,0,1,1,11,1,1,19.25,180.3,1,0,0,0,1,1,0,1,0,1,0,1,0,1,0,1,0,0,0,0,0,1,0.14951074626352467
1,1,0,0,57,1,1,104.9,5913.95,0,0,1,1,0,0,0,0,1,0,0,0,1,0,1,0,1,0,0,0,0,0,0.3580092228475115
0,1,0,0,2,1,1,75.45,158.4,1,0,1,1,0,0,0,0,0,0,0,0,0,0,0,0,0,0,0,0,0,1,0.719884958598978
0,1,0,0,2,1,0,54.85,104.2,1,0,0,0,0,0,1,0,1,0,0,0,0,0,0,0,0,0,0,0,0,1,0.28775058844915685
0,0,1,1,71,1,0,19.9,1389.35,0,0,0,0,1,1,0,1,0,1,0,1,0,1,0,1,0,0,1,0,0,0,0.0016243650766373208
0,0,1,1,1,1,1,19.4,19.4,0,0,0,0,1,1,0,1,0,1,0,1,0,1,0,1,0,0,0,0,0,1,0.23167154301773515
1,0,1,0,68,1,0,25.05,1629.2,0,0,1,0,1,1,0,1,0,1,0,1,0,1,0,1,0,0,1,1,0,0,0.002740737651141991
1,0,1,0,72,1,0,84.45,6033.1,0,0,0,0,0,0,1,0,1,0,1,0,1,0,1,0,1,0,1,0,0,1,0.00879309524731949
0,0,0,0,2,1,0,19.3,44.4,0,0,0,0,1,1,0,1,0,1,0,1,0,1,0,1,0,0,0,0,0,1,0.2052871705613293
1,1,1,0,1,1,1,95.1,95.1,1,0,1,1,0,0,0,0,0,0,0,0,0,0,1,0,1,0,0,0,1,0,0.8584016054624165
0,0,0,0,41,1,1,79.85,3320.75,0,0,0,0,0,0,1,0,0,0,1,0,1,0,1,0,1,1,0,0,0,0,0.059720975973219514
1,0,1,1,72,1,0,25.55,1867.7,0,0,1,0,1,1,0,1,0,1,0,1,0,1,0,1,0,0,1,1,0,0,0.0018642911449745887
1,0,1,0,6,1,1,75.5,438.0,1,0,1,1,0,0,0,0,0,0,0,0,0,0,0,0,0,0,0,0,1,0,0.7061685624969162
0,0,1,1,4,1,1,73.75,325.45,1,0,0,1,0,0,0,0,0,0,1,0,0,0,0,0,0,0,0,0,1,0,0.6343105615578014
1,0,0,0,12,1,1,96.05,1148.1,1,0,1,1,0,0,0,0,0,0,0,0,0,0,1,0,1,0,0,0,1,0,0.7607551400274137
0,0,1,0,58,1,1,68.4,3972.25,0,0,1,0,0,0,1,0,0,0,0,0,1,0,0,0,1,1,0,0,1,0,0.038676178258028195
0,0,0,0,7,1,0,20.65,155.9,0,0,0,0,1,1,0,1,0,1,0,1,0,1,0,1,0,0,0,0,0,1,0.16414140623928983
0,0,1,0,65,1,1,55.15,3673.15,0,0,0,0,0,0,1,0,0,0,1,0,0,0,0,0,0,0,0,0,0,1,0.033179141196224254
1,0,0,0,1,1,1,70.6,70.6,0,0,0,1,0,0,0,0,0,0,0,0,0,0,0,0,0,0,0,0,0,1,0.613833804680118
1,0,1,0,56,1,0,19.95,1126.75,0,0,0,0,1,1,0,1,0,1,0,1,0,1,0,1,0,1,0,1,0,0,0.00654035223861835
1,0,0,0,4,1,0,19.0,73.45,0,0,0,0,1,1,0,1,0,1,0,1,0,1,0,1,0,0,0,0,0,1,0.18354612370105367
0,0,1,1,58,1,1,44.1,2413.05,0,0,0,0,0,0,0,0,0,0,0,0,0,0,0,0,0,1,0,0,0,1,0.02116386037497512
1,0,1,0,62,1,1,107.6,6912.7,0,0,1,1,0,0,0,0,0,0,1,0,1,0,1,0,1,0,1,0,0,0,0.11930380508397825
1,0,0,0,26,1,0,61.55,1581.95,0,0,1,0,0,0,1,0,1,0,0,0,0,0,0,0,0,1,0,0,1,0,0.08423377497348826
1,0,0,0,62,1,0,90.7,5586.45,0,0,1,1,0,0,1,0,1,0,1,0,0,0,0,0,0,0,0,0,0,0,0.1150818013338887
0,0,1,1,58,1,0,99.25,5846.65,0,0,0,1,0,0,1,0,1,0,0,0,0,0,1,0,1,1,0,1,0,0,0.07929974831507673
0,0,1,0,68,1,1,91.7,6424.7,0,0,1,0,0,0,1,0,1,0,1,0,1,0,1,0,1,0,1,0,1,0,0.02821809160164552
0,0,1,1,61,1,1,100.7,6018.65,0,0,1,1,0,0,1,0,1,0,1,0,0,0,0,0,1,1,0,1,0,0,0.08718445773457759
0,0,0,0,42,1,1,78.45,3373.4,0,0,1,0,0,0,0,0,0,0,1,0,1,0,1,0,1,0,1,1,0,0,0.05817755057121304
1,0,0,0,18,1,0,84.3,1537.9,0,0,1,1,0,0,0,0,0,0,0,0,0,0,1,0,0,0,0,0,0,0,0.5378943454042262
0,0,0,0,56,1,1,19.55,1080.55,0,0,0,0,1,1,0,1,0,1,0,1,0,1,0,1,0,0,1,0,0,0,0.005571402601276869
0,0,0,0,4,1,1,88.95,355.2,1,0,1,1,0,0,0,0,1,0,0,0,0,0,0,0,1,0,0,0,1,0,0.748286467473321
0,0,0,0,4,1,0,20.45,82.85,0,0,0,0,1,1,0,1,0,1,0,1,0,1,0,1,0,0,0,1,0,0,0.17615368872367845
0,0,0,1,35,1,0,55.6,2016.45,0,0,0,0,0,0,1,0,1,0,0,0,0,0,0,0,0,1,0,1,0,0,0.02717516172305973
0,0,1,1,64,1,1,86.8,5327.25,0,0,1,1,0,0,1,0,0,0,0,0,1,0,0,0,0,0,0,0,0,0,0.08402889834136065
0,0,0,0,31,1,0,20.95,683.25,0,0,0,0,1,1,0,1,0,1,0,1,0,1,0,1,0,1,0,0,0,1,0.02562738825188045
0,1,1,0,67,1,1,20.05,1263.05,0,0,0,0,1,1,0,1,0,1,0,1,0,1,0,1,0,0,1,0,0,0,0.0041787001337489724
0,0,0,0,4,1,0,50.7,151.3,1,0,0,0,0,0,0,0,1,0,0,0,0,0,0,0,0,0,0,1,0,0,0.28880253554536073
0,1,1,0,70,1,1,113.65,7714.65,0,0,1,1,0,0,1,0,1,0,1,0,1,0,1,0,1,0,1,0,1,0,0.10012220109001872
1,0,0,0,3,1,0,53.4,188.7,1,0,0,0,0,0,0,0,0,0,0,0,0,0,1,0,0,0,0,1,0,0,0.3796240856681896
1,1,1,0,53,1,1,101.9,5549.4,1,0,1,1,0,0,0,0,1,0,0,0,0,0,1,0,1,0,0,0,1,0,0.565426442930751
1,0,1,1,2,1,0,59.5,130.5,0,0,0,0,0,0,1,0,1,0,0,0,1,0,0,0,0,0,1,0,0,1,0.044422456260033064
0,0,1,1,29,1,1,87.8,2621.75,0,0,0,1,0,0,0,0,0,0,0,0,0,0,1,0,1,0,0,1,0,0,0.470772600804605
0,0,0,0,47,0,0,41.9,1875.25,0,1,0,0,0,0,1,0,0,0,1,0,1,0,0,0,0,0,1,0,0,1,0.013301687852172691
0,0,1,1,68,1,1,83.0,5685.8,1,0,1,1,0,0,0,0,0,0,0,0,0,0,1,0,0,1,0,0,1,0,0.13450467008536435
1,0,0,1,12,1,1,69.85,837.5,0,0,0,0,0,0,1,0,0,0,0,0,0,0,1,0,1,0,0,0,0,1,0.28584772197823416
0,0,1,1,8,1,0,56.3,401.5,0,0,0,0,0,0,0,0,1,0,0,0,1,0,0,0,0,0,0,0,0,0,0.17803657680068669
1,0,1,0,54,1,0,109.55,6118.95,0,0,1,1,0,0,1,0,1,0,1,0,0,0,1,0,1,0,0,0,1,0,0.353701497889748
1,0,1,1,69,1,1,92.15,6480.9,0,0,0,1,0,0,0,0,1,0,0,0,1,0,1,0,0,0,1,0,0,1,0.03297322522757636
0,0,0,0,26,1,1,69.5,1800.05,0,0,1,0,0,0,1,0,1,0,0,0,0,0,1,0,0,0,0,0,0,0,0.21690234704855638
0,0,1,0,72,1,1,97.0,7104.2,0,0,1,1,0,0,1,0,1,0,1,0,1,0,0,0,0,0,1,0,0,0,0.028341343711507847
0,0,0,0,70,0,1,58.35,4214.25,0,1,0,0,0,0,1,0,0,0,1,0,1,0,1,0,1,0,1,0,0,0,0.01612661324173025
1,0,0,1,1,1,0,50.6,50.6,1,0,0,0,0,0,1,0,0,0,0,0,0,0,0,0,0,0,0,0,0,1,0.22110431659316457
1,0,0,0,10,1,1,89.5,863.1,1,0,0,1,0,0,0,0,0,0,0,0,0,0,1,0,1,0,0,0,1,0,0.727944575471174
0,0,1,1,28,1,1,70.4,1992.2,0,0,0,1,0,0,0,0,0,0,0,0,0,0,0,0,0,1,0,0,0,0,0.20247470273211746
1,0,0,0,1,1,1,69.8,69.8,1,0,0,1,0,0,0,0,0,0,0,0,0,0,0,0,0,0,0,0,1,0,0.6895965625874294
0,0,1,0,21,1,1,94.3,1948.35,0,0,1,1,0,0,0,0,0,0,0,0,0,0,1,0,1,0,0,0,1,0,0.7250808092183487
1,1,1,0,51,1,1,93.8,4750.95,1,0,1,1,0,0,1,0,0,0,1,0,0,0,1,0,0,0,0,0,0,0,0.33278696540668384
0,0,1,1,53,1,0,19.55,1007.9,0,0,0,0,1,1,0,1,0,1,0,1,0,1,0,1,0,1,0,0,0,0,0.007137214224221232
1,0,0,1,53,1,0,95.95,5036.9,0,0,0,1,0,0,1,0,1,0,1,0,0,0,0,0,1,1,0,0,1,0,0.08671352127292276
1,0,1,0,24,1,1,101.05,2391.8,1,0,1,1,0,0,0,0,0,0,1,0,0,0,1,0,1,0,0,0,1,0,0.7018508409023476
0,0,1,0,70,1,1,94.8,6859.05,0,0,1,0,0,0,1,0,1,0,1,0,1,0,1,0,1,0,1,1,0,0,0.01883221479999838
1,0,0,0,61,1,1,107.75,6521.9,0,0,1,1,0,0,1,0,1,0,1,0,0,0,1,0,1,1,0,0,1,0,0.19727898322838247
0,0,0,0,11,1,1,54.6,617.85,0,0,0,0,0,0,1,0,0,0,0,0,1,0,0,0,0,1,0,0,0,1,0.08970685912027056
1,0,0,0,2,1,1,71.3,157.75,0,0,0,1,0,0,0,0,0,0,0,0,0,0,0,0,0,0,0,1,0,0,0.5872818102318564
1,0,0,0,25,1,1,19.5,516.3,0,0,0,0,1,1,0,1,0,1,0,1,0,1,0,1,0,1,0,0,0,0,0.046397025141493534
0,0,0,0,41,1,1,56.3,2364.0,0,0,1,0,0,0,0,0,1,0,0,0,0,0,0,0,0,1,0,1,0,0,0.06453258267789641
1,0,1,0,18,1,1,94.7,1687.95,1,0,1,1,0,0,0,0,0,0,0,0,0,0,1,0,1,0,0,0,1,0,0.7370166342021636
1,1,1,0,72,1,1,104.15,7689.95,1,0,1,1,0,0,0,0,1,0,1,0,0,0,1,0,1,0,1,0,0,0,0.14713997673000292
0,0,1,1,71,1,1,90.55,6239.05,0,0,1,0,0,0,1,0,1,0,1,0,1,0,1,0,1,0,1,1,0,0,0.012382760759884105
0,0,1,1,34,1,1,60.8,2042.05,0,0,0,0,0,0,1,0,1,0,1,0,0,0,0,0,0,1,0,0,0,1,0.0414265425939479
1,0,0,0,29,1,1,98.8,2807.1,0,0,0,1,0,0,0,0,0,0,1,0,1,0,1,0,1,0,0,1,0,0,0.40623205351287545
1,1,1,0,40,1,1,98.15,4116.8,0,0,0,1,0,0,1,0,1,0,1,0,1,0,1,0,0,1,0,1,0,0,0.13241057198316253
1,0,1,0,36,0,0,35.35,1317.95,0,1,0,0,0,0,1,0,0,0,1,0,0,0,0,0,0,1,0,0,0,1,0.055391663558742844
0,0,1,0,46,1,1,103.15,4594.65,0,0,1,1,0,0,0,0,1,0,0,0,1,0,1,0,1,1,0,0,1,0,0.2724578950749151
0,0,0,0,58,1,1,107.75,6332.75,0,0,1,1,0,0,1,0,1,0,1,0,0,0,1,0,1,1,0,0,1,0,0.22243243389055292
1,0,0,0,39,1,0,81.4,3213.75,0,0,1,1,0,0,0,0,1,0,0,0,0,0,0,0,0,1,0,1,0,0,0.13872441240389372
1,0,1,1,4,1,0,61.45,229.55,1,0,0,0,0,0,0,0,0,0,0,0,1,0,0,0,1,0,0,1,0,0,0.24186730506907125
0,0,1,1,52,1,1,95.7,4976.15,0,0,1,1,0,0,0,0,1,0,1,0,0,0,1,0,0,1,0,1,0,0,0.15379491285226501
1,1,1,0,70,1,1,104.8,7308.95,0,0,1,1,0,0,0,0,1,0,1,0,0,0,1,0,1,1,0,0,1,0,0.2777320624598903
1,1,1,0,65,1,1,70.95,4555.2,0,0,0,1,0,0,0,0,0,0,0,0,0,0,0,0,0,1,0,0,0,0,0.08869707635107972
1,0,0,0,1,1,1,44.95,44.95,0,0,0,0,0,0,0,0,0,0,0,0,0,0,0,0,0,0,0,0,0,1,0.4220054802687539
0,0,1,0,70,1,1,97.65,6982.5,0,0,1,1,0,0,0,0,0,0,1,0,0,0,1,0,1,1,0,0,1,0,0.24245042750833082
0,1,1,1,29,0,1,35.65,1025.15,0,1,0,0,0,0,0,0,1,0,1,0,0,0,0,0,0,0,0,0,0,1,0.2516100748043865
1,0,0,0,1,1,1,90.55,90.55,1,0,0,1,0,0,0,0,0,0,0,0,0,0,1,0,1,0,0,0,1,0,0.7804978077713203
0,0,0,0,67,1,1,85.25,5714.2,0,0,1,0,0,0,1,0,0,0,1,0,1,0,1,0,1,0,1,0,0,1,0.019124396389451213
0,0,0,0,1,1,1,19.5,19.5,0,0,0,0,1,1,0,1,0,1,0,1,0,1,0,1,0,0,0,0,0,1,0.26291598526624294
0,0,0,0,26,1,1,88.8,2274.35,1,0,0,1,0,0,0,0,0,0,0,0,0,0,1,0,1,0,0,0,0,0,0.5601532069368065
0,0,1,1,30,1,1,25.1,789.55,0,0,1,0,1,1,0,1,0,1,0,1,0,1,0,1,0,0,1,0,0,1,0.022929381757708974
0,0,1,0,48,1,1,100.05,4834.0,0,0,0,1,0,0,0,0,0,0,1,0,1,0,1,0,1,0,0,1,0,0,0.30781658706607484
0,0,1,1,55,1,0,55.7,3131.8,0,0,0,0,0,0,1,0,1,0,0,0,0,0,0,0,0,0,0,0,1,0,0.03851699934008066
1,0,0,0,7,1,1,85.2,602.55,1,0,1,1,0,0,0,0,0,0,0,0,0,0,0,0,1,0,0,0,0,1,0.6767324560278557
1,0,0,0,37,1,1,91.15,3369.25,0,0,1,1,0,0,1,0,0,0,0,0,0,0,1,0,0,0,0,0,1,0,0.4177171836472134
0,0,1,0,31,1,1,83.85,2674.15,0,0,0,1,0,0,0,0,1,0,0,0,0,0,0,0,1,0,0,0,0,0,0.4422856589809368
1,0,0,0,4,1,1,45.9,199.75,0,0,0,0,0,0,0,0,0,0,0,0,0,0,0,0,0,0,0,0,1,0,0.4684771283617854
1,0,1,1,72,1,1,25.1,1790.8,0,0,1,0,1,1,0,1,0,1,0,1,0,1,0,1,0,0,1,1,0,0,0.0024022941362881267
1,1,0,0,5,1,1,91.4,449.75,1,0,0,1,0,0,0,0,0,0,0,0,0,0,1,0,1,0,0,0,1,0,0.8012518709776665
1,0,1,1,1,1,0,19.7,19.7,0,0,0,0,1,1,0,1,0,1,0,1,0,1,0,1,0,0,0,0,0,1,0.18128254256481918
0,1,0,0,15,1,1,91.5,1400.3,0,0,0,1,0,0,0,0,0,0,0,0,0,0,1,0,1,0,0,0,1,0,0.7552423989773396
1,0,1,1,8,1,1,51.3,411.6,0,0,0,0,0,0,1,0,0,0,0,0,0,0,0,0,0,0,0,1,0,0,0.211205966266737
0,0,0,0,35,1,0,21.1,741.0,0,0,0,0,1,1,0,1,0,1,0,1,0,1,0,1,0,1,0,0,0,1,0.02067325993085057
0,1,0,0,56,1,0,104.75,5841.35,0,0,1,1,0,0,0,0,1,0,1,0,0,0,1,0,1,0,0,0,1,0,0.4710293646209856
1,0,1,0,42,1,1,106.15,4512.7,1,0,1,1,0,0,0,0,0,0,1,0,1,0,1,0,1,0,0,0,0,0,0.4376732793776953
1,1,1,1,65,1,1,85.75,5688.45,0,0,1,1,0,0,1,0,1,0,0,0,0,0,0,0,0,0,0,0,1,0,0.17807245594193746
0,0,1,1,2,1,0,20.3,31.9,0,0,0,0,1,1,0,1,0,1,0,1,0,1,0,1,0,1,0,0,0,1,0.09208529519270137
1,1,1,0,65,1,1,100.75,6674.65,0,0,1,1,0,0,1,0,0,0,0,0,0,0,1,0,1,1,0,0,1,0,0.23733970542956462
0,0,0,0,18,1,1,74.15,1345.75,0,0,1,1,0,0,0,0,0,0,0,0,0,0,0,0,0,0,0,0,1,0,0.6090049361553621
0,0,0,0,23,1,1,78.55,1843.05,0,0,1,0,0,0,1,0,0,0,1,0,0,0,1,0,1,1,0,0,1,0,0.22749194501219622
0,0,0,0,4,1,1,45.3,196.95,1,0,0,0,0,0,0,0,0,0,0,0,0,0,0,0,0,0,0,0,0,1,0.39752577266726713
1,0,1,0,70,1,0,19.85,1433.8,0,0,0,0,1,1,0,1,0,1,0,1,0,1,0,1,0,0,1,1,0,0,0.001849058853320247
0,0,0,0,4,1,0,50.7,214.55,0,0,1,0,0,0,0,0,0,0,0,0,0,0,0,0,0,0,0,0,1,0,0.4645950704078949
1,0,0,0,19,1,1,45.0,865.85,0,0,0,0,0,0,0,0,0,0,0,0,0,0,0,0,0,0,0,0,0,0,0.2556506657967094
0,0,0,0,18,1,0,77.8,1358.6,0,0,0,1,0,0,0,0,1,0,1,0,0,0,0,0,0,0,0,0,1,0,0.45589297517777205
0,1,1,0,38,1,1,83.45,3147.15,0,0,0,1,0,0,1,0,0,0,0,0,0,0,0,0,1,0,0,0,1,0,0.42743018777645303
1,0,0,0,2,1,1,73.25,131.05,1,0,1,1,0,0,0,0,0,0,0,0,0,0,0,0,0,0,0,1,0,0,0.6440027569225412
1,0,0,0,47,1,0,94.8,4535.85,0,0,1,1,0,0,1,0,1,0,0,0,0,0,1,0,0,1,0,0,0,0,0.12238905945570301
0,0,1,1,52,1,0,20.1,1078.75,0,0,0,0,1,1,0,1,0,1,0,1,0,1,0,1,0,0,1,0,0,0,0.004511774740433256
1,0,0,0,9,1,0,59.9,542.4,0,0,1,0,0,0,0,0,0,0,0,0,0,0,0,0,1,0,0,0,0,1,0.39066841457902973
0,0,1,0,26,1,1,90.1,2312.55,0,0,1,0,0,0,1,0,1,0,1,0,1,0,1,0,1,1,0,1,0,0,0.10282412393604107
1,0,1,1,8,1,1,51.05,415.05,1,0,0,0,0,0,0,0,0,0,1,0,0,0,0,0,0,0,0,0,1,0,0.38000331075783306
1,0,1,0,44,1,1,70.95,3250.45,0,0,0,0,0,0,0,0,1,0,1,0,1,0,1,0,0,1,0,0,1,0,0.06928262851193089
0,0,0,0,3,0,0,29.2,98.5,0,1,0,0,0,0,0,0,1,0,0,0,0,0,0,0,0,0,0,0,0,1,0.45846146131982074
1,0,0,0,2,1,1,46.6,87.9,0,0,0,0,0,0,0,0,0,0,0,0,0,0,0,0,0,0,0,0,0,0,0.42088926738638355
0,0,1,1,9,1,1,85.35,754.65,1,0,1,1,0,0,0,0,0,0,0,0,0,0,1,0,0,0,0,0,0,0,0.6387443069706439
1,1,0,0,1,1,1,75.35,75.35,1,0,1,1,0,0,0,0,0,0,0,0,0,0,0,0,0,0,0,0,1,0,0.7812514281824436
1,0,0,0,25,1,0,74.3,1952.25,0,0,0,1,0,0,1,0,0,0,0,0,0,0,0,0,0,0,0,0,0,0,0.26336942297713783
0,1,1,0,2,1,1,69.3,153.8,0,0,0,1,0,0,0,0,0,0,0,0,0,0,0,0,0,0,0,0,1,0,0.7524584545414028
1,0,0,0,43,1,1,75.2,3198.6,1,0,0,1,0,0,1,0,0,0,0,0,0,0,0,0,0,0,0,0,1,0,0.23596425905263682
0,0,0,0,1,1,0,20.9,20.9,1,0,0,0,1,1,0,1,0,1,0,1,0,1,0,1,0,0,0,0,0,1,0.21126011211233695
0,0,1,0,58,1,1,94.3,5610.15,0,0,1,1,0,0,0,0,1,0,1,0,0,0,0,0,1,1,0,0,1,0,0.2284122465806681
0,0,1,1,59,1,1,76.45,4519.5,0,0,1,0,0,0,1,0,0,0,1,0,1,0,1,0,0,0,1,0,0,1,0.013979178868824433
1,0,0,0,44,0,1,54.0,2440.25,0,1,0,0,0,0,1,0,0,0,1,0,0,0,1,0,1,1,0,0,1,0,0.12684599203683136
1,0,0,0,66,1,1,104.25,6860.6,0,0,1,1,0,0,0,0,1,0,0,0,1,0,1,0,1,1,0,0,1,0,0.17345463765656352
1,0,1,1,68,1,0,19.95,1377.7,0,0,0,0,1,1,0,1,0,1,0,1,0,1,0,1,0,0,1,0,0,0,0.001868634409962154
1,0,0,0,9,0,1,24.95,190.25,0,1,0,0,0,0,0,0,0,0,0,0,0,0,0,0,0,0,0,0,1,0,0.5474989711746173
1,0,0,0,19,1,1,84.75,1651.95,0,0,1,1,0,0,1,0,0,0,1,0,0,0,0,0,0,0,0,0,1,0,0.4920359262075154
1,0,0,0,4,1,0,19.75,78.3,0,0,0,0,1,1,0,1,0,1,0,1,0,1,0,1,0,0,0,0,0,1,0.18267413050684916
0,0,0,0,70,1,1,113.65,7939.25,0,0,1,1,0,0,1,0,1,0,1,0,1,0,1,0,1,0,1,0,0,0,0.06261183559880608
1,0,0,0,1,1,1,44.9,44.9,0,0,0,0,0,0,0,0,0,0,0,0,0,0,0,0,0,0,0,0,0,1,0.4221207056140445
0,0,0,0,8,1,1,75.25,576.7,0,0,1,1,0,0,0,0,0,0,0,0,0,0,0,0,0,0,0,0,1,0,0.6872076608770114
1,0,0,0,53,1,0,24.6,1279.0,0,0,1,0,1,1,0,1,0,1,0,1,0,1,0,1,0,0,1,0,0,1,0.006108243926862752
1,1,0,0,51,1,0,25.0,1260.7,0,0,1,0,1,1,0,1,0,1,0,1,0,1,0,1,0,1,0,0,0,0,0.015836574833094405
1,0,1,1,11,1,0,20.95,267.35,0,0,0,0,1,1,0,1,0,1,0,1,0,1,0,1,0,0,0,0,0,0,0.12164762912149205
1,0,1,1,60,1,1,110.6,6586.85,0,0,1,1,0,0,1,0,0,0,1,0,1,0,1,0,1,0,1,0,1,0,0.0864080624921301
1,0,0,0,17,1,1,55.5,934.15,0,0,0,0,0,0,1,0,1,0,0,0,0,0,0,0,0,0,0,1,0,0,0.16317366850689144
1,0,0,0,3,1,1,43.3,123.65,1,0,0,0,0,0,0,0,0,0,0,0,0,0,0,0,0,0,0,0,1,0,0.4837101164655779
1,0,1,0,70,1,1,109.5,7534.65,1,0,0,1,0,0,1,0,1,0,1,0,1,0,1,0,1,1,0,0,0,0,0.07560661693482537
1,0,0,0,1,1,0,19.45,19.45,0,0,0,0,1,1,0,1,0,1,0,1,0,1,0,1,0,0,0,0,0,1,0.20811156681463616
1,1,0,0,43,1,1,84.85,3645.6,0,0,1,1,0,0,0,0,0,0,0,0,0,0,1,0,0,0,0,0,1,0,0.5298356461146165
0,0,1,0,16,1,0,19.6,314.45,0,0,0,0,1,1,0,1,0,1,0,1,0,1,0,1,0,0,0,0,0,1,0.11396458151949997
0,0,1,1,57,1,0,53.45,3053.0,0,0,0,0,0,0,1,0,1,0,0,0,0,0,0,0,0,1,0,0,1,0,0.016464622613430506
1,0,1,1,37,1,0,19.8,677.05,0,0,0,0,1,1,0,1,0,1,0,1,0,1,0,1,0,1,0,1,0,0,0.01397753496790035
0,0,1,0,72,1,0,112.1,7965.95,0,0,1,1,0,0,1,0,1,0,1,0,1,0,1,0,1,0,1,1,0,0,0.04094242171911018
0,1,0,0,11,1,1,84.8,906.85,1,0,1,1,0,0,0,0,0,0,0,0,0,0,0,0,1,0,0,1,0,0,0.6944224149459324
0,1,1,0,50,1,1,95.05,4888.7,1,0,1,1,0,0,0,0,1,0,1,0,0,0,1,0,0,0,0,0,1,0,0.5054446260172735
1,1,0,0,5,1,0,50.35,237.25,1,0,0,0,0,0,0,0,0,0,1,0,0,0,0,0,0,0,0,0,1,0,0.4490694392884834
1,0,1,0,1,1,1,74.6,74.6,1,0,1,1,0,0,0,0,0,0,0,0,0,0,0,0,0,0,0,0,0,0,0.6898919918787451
1,0,0,0,16,1,1,19.7,342.4,1,0,0,0,1,1,0,1,0,1,0,1,0,1,0,1,0,0,0,0,0,1,0.1356326494744667
1,1,1,0,2,1,1,74.2,140.1,0,0,0,1,0,0,0,0,0,0,1,0,0,0,0,0,0,0,0,0,1,0,0.7413832149137506
0,0,0,0,17,1,1,69.0,1108.0,0,0,1,0,0,0,0,0,0,0,1,0,1,0,1,0,0,0,0,0,0,1,0.2907738239334017
0,0,0,0,16,1,0,19.35,295.55,0,0,0,0,1,1,0,1,0,1,0,1,0,1,0,1,0,1,0,1,0,0,0.05081532518053971
0,0,0,0,15,1,1,59.45,892.65,1,0,0,0,0,0,0,0,0,0,1,0,0,0,0,0,1,0,0,0,1,0,0.42678777355155106
0,0,0,0,10,1,1,19.8,198.25,0,0,0,0,1,1,0,1,0,1,0,1,0,1,0,1,0,1,0,0,0,1,0.0942672023839554
0,0,0,1,46,1,1,105.2,4822.85,1,0,0,1,0,0,1,0,1,0,0,0,1,0,1,0,1,1,0,0,0,0,0.10557800358903402
1,0,1,1,64,1,1,109.2,6741.15,0,0,1,1,0,0,0,0,1,0,1,0,1,0,1,0,1,0,1,1,0,0,0.06872395657796737
0,0,0,0,1,1,1,79.15,79.15,0,0,1,1,0,0,0,0,1,0,0,0,0,0,0,0,0,0,0,0,0,1,0.6476360229203794
1,0,1,1,25,1,0,53.65,1355.45,0,0,0,0,0,0,0,0,1,0,1,0,0,0,0,0,0,1,0,0,0,1,0.06555645321613172
1,0,1,1,71,1,0,100.2,7209.0,0,0,0,1,0,0,1,0,1,0,1,0,1,0,1,0,0,0,1,1,0,0,0.016781807590915937
1,0,0,0,8,1,1,45.15,438.4,1,0,0,0,0,0,0,0,0,0,0,0,0,0,0,0,0,0,0,0,0,1,0.35224837723523933
0,0,1,1,72,1,1,108.65,7726.35,0,0,0,1,0,0,1,0,1,0,1,0,1,0,1,0,1,0,1,0,0,0,0.036373143565114174
0,0,1,0,49,0,0,40.65,2070.75,0,1,0,0,0,0,1,0,0,0,0,0,0,0,1,0,0,0,0,0,0,0,0.09246962129586293
1,0,1,1,29,0,1,55.35,1636.95,0,1,0,0,0,0,1,0,1,0,1,0,1,0,0,0,1,1,0,1,0,0,0.06637878115816126
1,0,1,0,72,1,0,105.6,7581.5,0,0,1,1,0,0,1,0,1,0,1,0,1,0,0,0,1,0,1,0,0,0,0.03117184327149607
1,0,1,0,31,1,0,93.8,3019.5,1,0,1,1,0,0,0,0,1,0,1,0,0,0,1,0,0,0,0,0,1,0,0.5042521800968269
0,0,0,0,50,1,1,95.7,4729.75,0,0,1,1,0,0,0,0,0,0,0,0,0,0,1,0,1,0,0,0,1,0,0.5117651355602082
1,0,1,0,71,1,0,83.2,6126.1,0,0,1,0,0,0,1,0,0,0,1,0,1,0,1,0,1,0,1,0,1,0,0.018764832457347082
1,1,1,0,70,1,0,90.05,6333.4,0,0,1,0,0,0,1,0,1,0,1,0,1,0,1,0,1,0,1,1,0,0,0.01608107014024645
1,0,0,0,71,1,0,97.65,6687.85,0,0,1,1,0,0,1,0,0,0,0,0,1,0,0,0,1,1,0,1,0,0,0.0404056915858859
1,0,1,1,61,1,1,68.05,4158.25,0,0,0,0,0,0,1,0,1,0,1,0,1,0,0,0,0,0,1,0,0,0,0.006406152662457592
1,0,0,0,32,1,1,96.2,3183.4,1,0,0,1,0,0,0,0,0,0,0,0,1,0,1,0,1,0,0,0,1,0,0.4891702082165397
0,0,0,1,1,1,1,79.6,79.6,1,0,0,1,0,0,0,0,0,0,0,0,0,0,0,0,1,0,0,0,1,0,0.7030305627528557
1,0,0,0,68,1,1,102.1,7149.35,0,0,1,1,0,0,1,0,1,0,1,0,0,0,0,0,1,0,1,0,0,0,0.0629501515225213
1,0,0,0,62,1,0,23.4,1429.65,0,0,1,0,1,1,0,1,0,1,0,1,0,1,0,1,0,0,1,0,0,0,0.004037774022486082
0,0,0,1,7,1,1,71.05,472.65,0,0,0,1,0,0,0,0,0,0,0,0,0,0,0,0,0,0,0,0,1,0,0.5913822718338662
1,0,0,0,20,1,1,85.25,1734.5,1,0,1,1,0,0,0,0,0,0,0,0,0,0,1,0,0,0,0,0,1,0,0.6520032518739891
1,0,1,1,6,1,0,19.45,113.5,0,0,0,0,1,1,0,1,0,1,0,1,0,1,0,1,0,1,0,0,0,1,0.07419510857384516
0,1,0,0,33,0,1,59.45,1884.65,0,1,0,0,0,0,1,0,1,0,1,0,0,0,1,0,1,0,0,0,0,0,0.30959247165166676
1,0,1,1,28,1,0,92.2,2568.15,0,0,1,1,0,0,0,0,0,0,0,0,0,0,1,0,1,1,0,0,0,0,0.31444441459629785
1,0,0,0,27,1,0,19.85,470.0,0,0,0,0,1,1,0,1,0,1,0,1,0,1,0,1,0,0,1,1,0,0,0.016342407391844376
1,0,0,0,7,1,0,43.9,278.4,0,0,0,0,0,0,0,0,0,0,0,0,0,0,0,0,0,0,0,0,0,1,0.2972936628659557
1,0,0,0,26,1,1,80.5,2088.8,1,0,1,1,0,0,0,0,0,0,0,0,1,0,0,0,0,0,0,0,1,0,0.43278801758142643
1,1,0,0,5,1,1,89.8,502.6,1,0,1,1,0,0,0,0,1,0,0,0,0,0,0,0,1,0,0,0,1,0,0.784919050385924
1,1,0,0,30,1,1,90.5,2595.85,0,0,1,1,0,0,1,0,0,0,0,0,0,0,0,0,1,0,0,1,0,0,0.4325831141084505
1,0,0,0,63,1,0,90.45,5825.5,0,0,1,1,0,0,0,0,1,0,0,0,0,0,0,0,1,1,0,1,0,0,0.10073687509504604
1,0,0,0,1,1,1,50.75,50.75,1,0,0,0,0,0,0,0,1,0,0,0,0,0,0,0,0,0,0,0,1,0,0.4710132715488718
0,0,0,1,53,1,1,84.6,4449.75,0,0,1,0,0,0,0,0,1,0,1,0,1,0,1,0,1,1,0,0,1,0,0.07441900733398468
0,0,1,1,14,1,1,89.65,1208.35,1,0,0,1,0,0,0,0,1,0,0,0,1,0,0,0,1,0,0,1,0,0,0.3880216224488989
0,0,0,0,21,1,1,99.15,1956.4,0,0,0,1,0,0,0,0,1,0,0,0,1,0,1,0,1,0,0,0,0,0,0.4725872727739312
1,0,0,0,17,1,0,19.95,310.6,0,0,0,0,1,1,0,1,0,1,0,1,0,1,0,1,0,1,0,0,0,1,0.04979240458187226
1,0,1,1,16,1,0,20.5,290.55,0,0,0,0,1,1,0,1,0,1,0,1,0,1,0,1,0,0,1,0,0,1,0.026418593877939663
0,0,0,0,35,1,1,62.1,2096.1,0,0,0,0,0,0,0,0,0,0,1,0,0,0,0,0,1,0,0,0,1,0,0.24365737785967165
0,1,0,0,32,1,1,79.5,2665.0,0,0,0,1,0,0,0,0,0,0,0,0,0,0,0,0,1,0,0,0,1,0,0.5752013572412792
0,0,1,1,28,1,1,19.55,543.8,0,0,0,0,1,1,0,1,0,1,0,1,0,1,0,1,0,0,0,0,0,0,0.07069023075792073
0,0,0,0,1,1,1,20.35,20.35,0,0,0,0,1,1,0,1,0,1,0,1,0,1,0,1,0,0,0,0,0,1,0.26136272322722803
1,0,0,0,59,0,1,51.7,3005.8,0,1,0,0,0,0,0,0,0,0,0,0,1,0,1,0,1,0,0,0,1,0,0.13385537492350946
0,0,1,1,72,1,1,23.3,1623.15,0,0,1,0,1,1,0,1,0,1,0,1,0,1,0,1,0,1,0,0,0,0,0.004658272901648505
1,0,0,0,36,1,1,65.4,2498.4,1,0,0,0,0,0,0,0,1,0,0,0,1,0,0,0,1,1,0,0,0,1,0.06372377819672778
0,0,0,0,40,1,0,65.1,2586.0,0,0,0,0,0,0,1,0,1,0,0,0,0,0,1,0,0,0,0,0,0,1,0.08132994506592794
1,0,1,1,40,1,1,81.2,3292.3,0,0,1,1,0,0,0,0,0,0,1,0,0,0,0,0,0,0,0,0,1,0,0.37671148910500674
0,0,0,1,9,1,1,72.9,651.4,1,0,0,0,0,0,0,0,0,0,1,0,1,0,1,0,1,0,0,0,0,1,0.3227576949058692
1,0,1,1,63,1,0,74.5,4674.55,0,0,0,0,0,0,1,0,1,0,1,0,1,0,1,0,0,0,1,1,0,0,0.005798087202579645
0,0,0,0,3,1,1,80.5,232.35,0,0,0,1,0,0,0,0,0,0,0,0,0,0,1,0,0,0,0,0,1,0,0.7276948385542454
1,0,1,1,40,0,0,60.3,2448.5,0,1,0,0,0,0,0,0,1,0,1,0,1,0,1,0,1,1,0,0,0,1,0.07109766685346225
1,0,1,0,8,1,1,75.0,658.1,0,0,0,1,0,0,1,0,0,0,0,0,0,0,0,0,0,0,0,0,0,1,0.459306095830107
1,1,1,0,34,1,0,90.15,3128.8,0,0,0,1,0,0,1,0,0,0,0,0,1,0,1,0,0,1,0,0,0,1,0.1296431529149536
1,0,0,0,5,0,0,40.0,223.45,1,1,0,0,0,0,1,0,0,0,1,0,1,0,0,0,0,0,0,0,0,1,0.2576030616461689
1,1,0,0,9,1,1,99.45,919.4,1,0,1,1,0,0,0,0,1,0,0,0,0,0,1,0,1,0,0,1,0,0,0.734561058680221
1,0,1,0,9,1,1,69.05,653.95,0,0,1,0,0,0,0,0,1,0,1,0,0,0,0,0,1,0,0,1,0,0,0.42643183487355574
1,0,1,1,31,1,0,59.7,1825.5,0,0,1,0,0,0,0,0,0,0,0,0,0,0,0,0,1,0,0,0,0,0,0.18851140750625522
0,0,1,0,50,1,1,19.85,943.1,0,0,0,0,1,1,0,1,0,1,0,1,0,1,0,1,0,1,0,0,0,0,0.013527498201177822
0,0,0,0,2,1,1,86.25,181.65,1,0,0,1,0,0,1,0,1,0,0,0,1,0,0,0,0,0,0,0,1,0,0.44957458322211896
0,0,0,0,1,1,1,45.65,45.65,1,0,0,0,0,0,0,0,0,0,0,0,0,0,0,0,0,0,0,0,1,0,0.5096884786686267
1,0,0,0,8,1,1,70.1,551.35,1,0,0,1,0,0,0,0,0,0,0,0,0,0,0,0,0,0,0,0,0,1,0.5504291977459143
0,0,0,0,9,0,0,40.75,359.4,0,1,0,0,0,0,0,0,1,0,0,0,0,0,0,0,1,0,0,0,1,0,0.5288404790051762
0,1,0,0,2,1,1,70.2,115.95,1,0,0,1,0,0,0,0,0,0,0,0,0,0,0,0,0,0,0,0,0,0,0.6840056747439486
0,0,0,0,3,1,0,55.35,165.2,1,0,0,0,0,0,1,0,1,0,0,0,0,0,0,0,0,0,0,0,1,0,0.2922941976602797
1,0,1,0,25,1,1,95.7,2338.35,0,0,0,1,0,0,0,0,0,0,0,0,1,0,1,0,1,0,0,1,0,0,0.4418674435090319
1,1,0,0,1,1,0,46.3,46.3,0,0,0,0,0,0,0,0,0,0,0,0,0,0,0,0,0,0,0,0,1,0,0.49665016927974087
0,0,1,1,45,1,0,81.3,3541.1,0,0,1,0,0,0,1,0,1,0,1,0,1,0,1,0,0,0,0,0,0,1,0.05546230619527379
1,1,1,1,51,1,1,84.2,4146.05,1,0,1,1,0,0,0,0,1,0,1,0,0,0,0,0,0,0,0,0,1,0,0.32418859474492734
0,0,1,1,55,1,0,20.0,1087.25,0,0,0,0,1,1,0,1,0,1,0,1,0,1,0,1,0,0,0,1,0,0,0.012008614465800977
0,0,0,0,38,1,1,66.15,2522.4,0,0,1,0,0,0,1,0,1,0,1,0,0,0,0,0,0,0,0,0,0,0,0.11539721334338918
1,0,0,0,2,1,0,45.85,81.0,1,0,0,0,0,0,0,0,0,0,0,0,0,0,0,0,0,0,0,0,0,1,0.34421577129482217
1,0,1,1,38,1,0,19.6,717.3,0,0,0,0,1,1,0,1,0,1,0,1,0,1,0,1,0,0,0,0,1,0,0.04109552805635055
1,0,0,0,34,1,1,49.8,1734.2,0,0,0,0,0,0,0,0,1,0,0,0,0,0,0,0,0,0,0,0,1,0,0.17667115211673293
0,0,1,0,70,1,1,101.75,7069.3,0,0,1,1,0,0,0,0,0,0,1,0,0,0,1,0,1,1,0,0,1,0,0.23999799708368683
0,0,0,0,13,1,0,55.15,742.9,0,0,0,0,0,0,1,0,0,0,0,0,1,0,0,0,0,1,0,0,0,1,0.06442939653690351
1,0,0,0,39,1,0,75.25,3017.65,1,0,1,1,0,0,0,0,0,0,0,0,0,0,0,0,0,0,0,0,1,0,0.35412001038914565
0,0,0,0,61,1,1,103.95,6423.0,0,0,1,1,0,0,0,0,1,0,1,0,0,0,1,0,1,1,0,0,1,0,0.27604750884488477
0,0,0,0,12,1,1,100.15,1164.3,1,0,1,1,0,0,0,0,0,0,1,0,0,0,1,0,1,0,0,0,0,0,0.7131549525610084
1,0,0,0,41,1,1,99.65,4220.35,0,0,0,1,0,0,0,0,1,0,0,0,1,0,1,0,1,0,1,1,0,0,0.11382526522338554
1,0,0,0,21,1,1,73.7,1558.7,0,0,1,1,0,0,0,0,0,0,0,0,0,0,0,0,0,0,0,0,1,0,0.5751686348092335
1,1,0,0,55,0,1,50.05,2743.45,0,1,0,0,0,0,0,0,0,0,1,0,0,0,1,0,1,1,0,0,0,0,0.11332878306625198
1,0,1,0,69,0,0,60.25,4055.5,0,1,0,0,0,0,1,0,0,0,1,0,1,0,1,0,1,0,1,0,0,0,0.012421893338285188
1,1,1,1,26,1,0,105.75,2710.25,1,0,1,1,0,0,0,0,1,0,1,0,0,0,1,0,1,0,0,0,1,0,0.6187432040542219
0,1,1,0,69,1,0,87.3,6055.55,0,0,0,1,0,0,1,0,1,0,0,0,0,0,0,0,1,1,0,1,0,0,0.059128062597150116
0,1,1,0,18,0,1,48.35,810.7,1,1,0,0,0,0,0,0,0,0,1,0,0,0,1,0,1,0,0,0,1,0,0.6582615658583483
1,0,1,1,47,1,0,54.25,2538.2,0,0,1,0,0,0,0,0,1,0,0,0,0,0,0,0,0,0,0,0,1,0,0.09291630907196573
0,0,1,1,72,1,0,85.3,6129.2,0,0,0,0,0,0,1,0,1,0,1,0,1,0,1,0,1,0,1,0,0,0,0.007907436324625393
1,1,1,0,33,0,1,50.0,1750.85,0,1,0,0,0,0,0,0,1,0,1,0,1,0,1,0,0,0,0,0,1,0,0.3141652036417143
0,0,1,1,2,0,1,24.4,36.55,1,1,0,0,0,0,0,0,0,0,0,0,0,0,0,0,0,0,0,0,0,1,0.5246213044184139
0,0,1,1,72,1,0,90.95,6652.45,0,0,1,0,0,0,1,0,1,0,1,0,1,0,1,0,1,0,1,1,0,0,0.010065512954064182
1,1,1,0,37,1,1,72.25,2575.45,0,0,0,1,0,0,0,0,0,0,0,0,0,0,0,0,0,0,0,0,0,0,0.3673285354841384
0,1,1,1,62,1,1,96.1,6019.35,0,0,1,1,0,0,0,0,1,0,1,0,0,0,0,0,1,0,0,1,0,0,0.2787955586103855
0,0,1,0,71,1,0,19.85,1379.6,0,0,0,0,1,1,0,1,0,1,0,1,0,1,0,1,0,0,1,1,0,0,0.0017714845683920399
1,0,0,1,23,1,1,55.3,1284.2,0,0,0,0,0,0,0,0,1,0,0,0,1,0,0,0,0,0,0,0,0,0,0.12523673271445865
0,0,0,0,16,1,0,20.1,296.15,0,0,0,0,1,1,0,1,0,1,0,1,0,1,0,1,0,1,0,0,0,1,0.05401428216907881
1,0,0,0,9,1,1,69.5,653.25,0,0,0,0,0,0,1,0,0,0,1,0,1,0,1,0,0,0,0,0,0,1,0.22040774753828715
1,0,1,1,17,1,1,25.15,412.6,0,0,1,0,1,1,0,1,0,1,0,1,0,1,0,1,0,0,1,0,0,1,0.041749768420233604
0,0,0,0,4,1,0,20.95,85.5,1,0,0,0,1,1,0,1,0,1,0,1,0,1,0,1,0,0,0,0,0,0,0.19501518415500602
0,1,1,0,1,1,1,49.55,49.55,1,0,0,0,0,0,1,0,0,0,0,0,0,0,0,0,0,0,0,0,1,0,0.47786338966606845
0,0,1,0,24,1,1,79.65,1928.7,0,0,1,1,0,0,0,0,0,0,1,0,0,0,0,0,0,0,0,0,0,1,0.4905237848649647
0,1,0,0,1,1,1,71.25,71.25,0,0,0,1,0,0,0,0,0,0,0,0,0,0,0,0,0,0,0,0,1,0,0.7459575801234308
1,1,0,0,72,1,0,113.8,7845.8,0,0,1,1,0,0,1,0,1,0,1,0,1,0,1,0,1,0,1,0,0,0,0.052138042233186466
0,0,1,0,72,1,0,24.55,1750.7,0,0,1,0,1,1,0,1,0,1,0,1,0,1,0,1,0,0,1,0,1,0,0.003472752947888422
0,0,0,1,11,1,0,19.7,216.2,0,0,0,0,1,1,0,1,0,1,0,1,0,1,0,1,0,0,0,1,0,0,0.10659868904413802
1,0,0,0,9,1,0,20.25,178.5,1,0,0,0,1,1,0,1,0,1,0,1,0,1,0,1,0,0,0,0,0,1,0.1458329186407328
0,1,1,0,2,1,0,50.15,115.1,1,0,0,0,0,0,0,0,1,0,0,0,0,0,0,0,0,0,0,1,0,0,0.38234227742243054
0,1,1,0,60,1,1,100.5,6029.0,0,0,1,1,0,0,0,0,0,0,1,0,0,0,1,0,1,1,0,1,0,0,0.26742081929633876
1,1,1,0,29,1,1,95.9,2745.2,1,0,1,1,0,0,0,0,1,0,1,0,0,0,0,0,1,0,0,0,1,0,0.6412518837005011
0,0,0,0,49,1,1,74.45,3721.9,0,0,0,0,0,0,0,0,0,0,1,0,1,0,1,0,1,0,1,0,0,0,0.03954224189634188
0,1,0,0,30,1,1,104.1,3121.1,0,0,1,1,0,0,0,0,1,0,1,0,0,0,1,0,1,0,0,0,1,0,0.7037010012959636
0,0,1,0,53,1,0,19.05,990.45,0,0,0,0,1,1,0,1,0,1,0,1,0,1,0,1,0,1,0,1,0,0,0.007795432027113596
1,0,0,1,39,1,0,25.0,1004.35,0,0,1,0,1,1,0,1,0,1,0,1,0,1,0,1,0,0,1,0,0,1,0.010232492116703297
0,0,0,0,9,1,0,19.05,157.65,0,0,0,0,1,1,0,1,0,1,0,1,0,1,0,1,0,0,0,0,0,1,0.15063241995001544
1,0,0,0,39,1,0,81.9,3219.75,0,0,0,1,0,0,0,0,0,0,1,0,1,0,0,0,0,1,0,0,1,0,0.12219997938114843
1,1,0,0,8,1,1,69.7,572.85,0,0,0,1,0,0,0,0,0,0,0,0,0,0,0,0,0,0,0,0,1,0,0.6899844634094691
0,0,1,1,51,1,1,90.15,4554.85,0,0,1,1,0,0,0,0,0,0,1,0,0,0,0,0,1,1,0,0,1,0,0.22596242742992864
1,0,1,1,71,1,0,25.35,1847.55,0,0,1,0,1,1,0,1,0,1,0,1,0,1,0,1,0,0,1,1,0,0,0.0019691142306901177
1,1,0,0,71,1,1,24.65,1766.75,0,0,1,0,1,1,0,1,0,1,0,1,0,1,0,1,0,0,1,0,0,1,0.004183527107087164
0,1,1,0,70,1,1,19.55,1462.05,0,0,0,0,1,1,0,1,0,1,0,1,0,1,0,1,0,0,1,1,0,0,0.0032893790086368146
0,1,0,0,1,0,0,25.25,25.25,1,1,0,0,0,0,0,0,0,0,0,0,0,0,0,0,0,0,0,0,1,0,0.6521985957588569
1,0,1,0,38,0,1,60.0,2193.2,0,1,0,0,0,0,1,0,1,0,0,0,1,0,1,0,1,0,1,0,0,0,0.05017547878646322
0,0,1,0,28,1,0,89.9,2433.5,0,0,0,1,0,0,0,0,1,0,1,0,0,0,0,0,1,0,0,1,0,0,0.3627049200351923
0,0,1,0,32,1,0,19.4,641.15,0,0,0,0,1,1,0,1,0,1,0,1,0,1,0,1,0,0,0,0,0,0,0.05541332908885962
1,1,1,0,49,1,0,49.8,2398.4,0,0,0,0,0,0,0,0,1,0,0,0,0,0,0,0,0,0,1,0,0,1,0.021855521500919867
0,0,1,1,37,1,1,24.1,861.85,0,0,1,0,1,1,0,1,0,1,0,1,0,1,0,1,0,0,1,0,0,0,0.016690894252542752
0,0,0,0,10,1,0,54.25,583.0,0,0,0,0,0,0,0,0,0,0,1,0,1,0,0,0,0,0,0,0,1,0,0.2624420954875056
1,0,1,0,67,1,0,109.9,7332.4,0,0,1,1,0,0,1,0,1,0,1,0,0,0,1,0,1,1,0,1,0,0,0.10405642464394177
1,0,0,0,7,0,1,35.5,249.55,0,1,0,0,0,0,0,0,0,0,1,0,1,0,0,0,0,1,0,1,0,0,0.21832112103396553
0,0,0,0,51,1,0,87.55,4475.9,0,0,0,1,0,0,0,0,0,0,0,0,0,0,1,0,1,1,0,1,0,0,0.15422851521711978
0,0,0,0,9,1,0,45.15,416.45,1,0,0,0,0,0,0,0,0,0,0,0,0,0,0,0,0,0,0,0,1,0,0.3570341455226565
0,0,0,0,9,1,1,88.4,788.6,0,0,0,1,0,0,0,0,0,0,0,0,0,0,1,0,1,0,0,0,0,1,0.6762593683724837
1,0,0,0,4,1,1,50.8,202.3,0,0,0,0,0,0,0,0,0,0,0,0,1,0,0,0,0,0,0,0,0,1,0.2942415241803453
1,0,1,0,71,1,1,99.0,6994.6,0,0,1,1,0,0,1,0,1,0,1,0,0,0,1,0,0,0,1,0,1,0,0.06961811340191913
0,0,1,1,50,1,1,84.4,4116.15,1,0,1,1,0,0,0,0,0,0,0,0,0,0,1,0,0,0,0,0,0,0,0.3076305900980072
0,1,1,1,24,1,1,96.55,2263.45,0,0,0,1,0,0,0,0,0,0,1,0,0,0,1,0,1,0,1,0,1,0,0.34951890449502593
1,0,1,0,22,1,1,59.75,1374.35,0,0,0,0,0,0,1,0,0,0,0,0,0,0,1,0,0,1,0,0,0,0,0.11795102618323025
1,0,0,0,44,1,1,111.5,4915.15,0,0,1,1,0,0,1,0,1,0,1,0,0,0,1,0,1,0,0,0,1,0,0.45601592573707533
0,0,1,1,33,1,0,24.25,838.5,0,0,1,0,1,1,0,1,0,1,0,1,0,1,0,1,0,0,0,0,0,0,0.05557425658342275
0,0,0,0,1,1,1,75.1,75.1,1,0,1,1,0,0,0,0,0,0,0,0,0,0,0,0,0,0,0,0,1,0,0.7404100303856039
0,0,1,0,54,1,1,70.15,3715.65,1,0,1,0,0,0,0,0,0,0,0,0,0,0,1,0,1,1,0,1,0,0,0.08528457032072785
1,0,0,0,42,1,1,101.75,4273.45,1,0,1,1,0,0,0,0,1,0,0,0,0,0,1,0,1,0,0,0,1,0,0.5532606799396481
0,0,0,0,1,1,0,45.8,45.8,1,0,0,0,0,0,0,0,0,0,0,0,0,0,0,0,0,0,0,0,1,0,0.44129429442181733
0,0,0,0,1,1,0,20.5,20.5,0,0,0,0,1,1,0,1,0,1,0,1,0,1,0,1,0,0,0,0,0,1,0.21189049604550247
1,0,0,0,30,1,0,70.4,2044.75,0,0,0,0,0,0,1,0,1,0,0,0,1,0,1,0,0,1,0,0,1,0,0.05296069043147084
0,0,0,0,1,0,0,30.55,30.55,0,1,0,0,0,0,0,0,0,0,0,0,1,0,0,0,0,0,0,0,0,1,0.405430377949342
1,0,1,1,16,1,0,84.9,1398.25,0,0,1,0,0,0,1,0,1,0,0,0,1,0,1,0,1,0,0,0,1,0,0.23066322790752605
1,0,0,0,1,1,1,20.1,20.1,1,0,0,0,1,1,0,1,0,1,0,1,0,1,0,1,0,0,0,0,0,1,0.25554866744372434
1,0,1,0,9,0,0,40.65,328.95,1,1,0,0,0,0,0,0,0,0,0,0,1,0,1,0,0,0,0,0,0,1,0.37262960934987027
1,1,1,0,46,1,1,101.0,4680.05,1,0,1,1,0,0,0,0,0,0,1,0,0,0,1,0,1,0,0,0,1,0,0.6268944053075833
1,0,0,0,1,1,1,69.1,69.1,1,0,0,1,0,0,0,0,0,0,0,0,0,0,0,0,0,0,0,0,1,0,0.6910103824400985
1,0,1,0,71,1,0,54.5,3778.2,0,0,0,0,0,0,1,0,0,0,0,0,1,0,0,0,0,0,1,0,0,0,0.003590960050695029
1,0,0,0,43,1,1,75.35,3161.4,0,0,1,1,0,0,0,0,0,0,0,0,0,0,0,0,0,0,0,1,0,0,0.28504756353576033
1,0,1,0,50,0,1,44.45,2188.45,0,1,0,0,0,0,1,0,0,0,0,0,1,0,1,0,0,1,0,0,0,0,0.03805163641478889
0,0,0,0,13,1,1,75.0,999.45,1,0,1,1,0,0,0,0,0,0,0,0,0,0,0,0,0,0,0,0,0,1,0.5736305565925947
1,0,1,1,19,1,0,100.0,1888.65,1,0,0,1,0,0,0,0,1,0,0,0,1,0,1,0,1,1,0,0,0,0,0.22305016015801724
0,0,0,0,41,1,0,98.05,3990.6,0,0,1,1,0,0,0,0,0,0,1,0,0,0,1,0,1,0,0,0,0,0,0.4531333934517299
0,1,0,0,1,1,1,71.15,71.15,1,0,0,1,0,0,0,0,0,0,0,0,0,0,0,0,0,0,0,0,1,0,0.74613657460598
0,0,0,0,24,0,1,54.15,1240.25,1,1,0,0,0,0,0,0,1,0,1,0,0,0,1,0,1,0,0,1,0,0,0.3999711013517971
0,0,1,0,40,1,0,63.9,2635.0,0,0,1,0,0,0,0,0,1,0,0,0,0,0,1,0,0,1,0,0,0,0,0.08499918875329536
0,0,1,1,3,1,1,69.15,235.0,0,0,1,0,0,0,0,0,1,0,1,0,0,0,1,0,0,0,0,0,0,0,0.46374333696429365
0,0,0,0,37,1,0,64.65,2347.85,0,0,1,0,0,0,1,0,0,0,0,0,0,0,1,0,0,1,0,0,0,0,0.06479021051590396
0,0,1,1,67,1,1,108.75,7156.2,1,0,1,1,0,0,1,0,0,0,1,0,1,0,1,0,1,0,1,1,0,0,0.04996758677993228
0,0,1,1,32,1,1,98.85,3089.6,0,0,1,1,0,0,0,0,1,0,0,0,0,0,1,0,1,0,0,0,1,0,0.5826059551761602
0,0,1,0,6,1,1,49.15,270.8,1,0,0,0,0,0,0,0,0,0,0,0,1,0,0,0,0,0,0,0,1,0,0.366650095379167
0,0,1,1,32,1,0,89.6,2901.8,0,0,1,1,0,0,1,0,0,0,0,0,0,0,1,0,0,0,0,0,1,0,0.3601717624890338
0,0,0,0,59,1,1,83.25,4949.1,0,0,1,1,0,0,0,0,1,0,1,0,0,0,0,0,0,0,0,0,1,0,0.26701876176115225
0,0,1,0,30,1,0,70.25,2198.9,0,0,0,0,0,0,0,0,1,0,1,0,1,0,0,0,1,1,0,0,0,0,0.07043766932387108
1,0,0,1,20,1,1,19.4,374.5,1,0,0,0,1,1,0,1,0,1,0,1,0,1,0,1,0,0,0,0,1,0,0.12276712207450552
0,0,1,1,27,1,0,24.5,761.95,0,0,1,0,1,1,0,1,0,1,0,1,0,1,0,1,0,0,1,0,1,0,0.028645781399416648
0,1,0,0,20,1,1,79.15,1520.9,1,0,1,1,0,0,1,0,0,0,0,0,0,0,0,0,0,0,0,0,1,0,0.5473881431618133
1,0,0,1,9,1,0,20.1,190.25,0,0,0,0,1,1,0,1,0,1,0,1,0,1,0,1,0,1,0,0,0,1,0.0610423294744945
0,0,1,1,68,1,1,73.0,5163.0,0,0,1,0,0,0,1,0,1,0,1,0,0,0,1,0,0,1,0,1,0,0,0.02207314058327003
0,0,1,1,69,1,0,61.4,4059.85,0,0,1,0,0,0,1,0,0,0,0,0,1,0,0,0,0,0,1,1,0,0,0.0039268094183931915
1,0,0,0,26,1,1,84.3,2281.6,0,0,1,1,0,0,0,0,0,0,1,0,1,0,0,0,0,0,0,0,0,1,0.36595502387757606
1,0,1,1,69,1,0,19.9,1356.7,0,0,0,0,1,1,0,1,0,1,0,1,0,1,0,1,0,0,1,0,0,0,0.0017512838548763515
1,0,0,0,11,1,0,20.4,231.45,0,0,0,0,1,1,0,1,0,1,0,1,0,1,0,1,0,0,1,0,0,1,0.04070225330622397
1,0,0,0,1,1,0,50.75,50.75,0,0,1,0,0,0,0,0,0,0,0,0,0,0,0,0,0,0,0,0,0,1,0.40724789580373416
1,0,1,1,10,1,0,20.45,242.4,0,0,0,0,1,1,0,1,0,1,0,1,0,1,0,1,0,1,0,0,0,1,0.0612060217072914
0,0,1,1,55,1,1,75.75,4264.25,0,0,1,0,0,0,1,0,1,0,0,0,1,0,0,0,1,1,0,0,0,0,0.027111559967527243
1,0,0,0,44,1,0,65.4,2774.55,0,0,0,0,0,0,1,0,0,0,0,0,1,0,1,0,0,1,0,0,1,0,0.033442680963937745
1,1,1,0,46,1,1,80.4,3605.2,1,0,0,1,0,0,0,0,0,0,0,0,0,0,0,0,1,0,0,0,1,0,0.4433851117979306
1,0,1,1,69,1,1,59.75,4069.9,0,0,0,0,0,0,1,0,1,0,1,0,0,0,0,0,0,0,1,0,0,0,0.006132255522114723
1,1,0,0,11,1,1,78.5,874.2,0,0,0,1,0,0,0,0,0,0,0,0,0,0,0,0,1,0,0,0,1,0,0.7253510891106351
0,0,1,0,11,1,1,102.0,1145.35,1,0,1,1,0,0,0,0,1,0,0,0,0,0,1,0,1,0,0,0,1,0,0.7622472937890673
1,0,0,0,29,1,0,48.95,1323.7,0,0,0,0,0,0,0,0,0,0,1,0,0,0,0,0,0,0,0,0,0,0,0.14131372535065
0,0,1,0,57,1,1,99.65,5497.05,0,0,1,1,0,0,1,0,0,0,0,0,0,0,1,0,1,0,0,0,1,0,0.37284050156633286
1,0,0,0,28,1,0,18.25,534.7,0,0,0,0,1,1,0,1,0,1,0,1,0,1,0,1,0,1,0,1,0,0,0.027001963680371242
0,0,0,0,42,1,0,54.55,2455.05,0,0,0,0,0,0,1,0,0,0,1,0,0,0,0,0,0,0,0,1,0,0,0.05864309319616665
0,0,0,0,2,1,0,20.65,38.7,1,0,0,0,1,1,0,1,0,1,0,1,0,1,0,1,0,0,0,0,0,1,0.2028647143611475
1,0,0,1,23,0,0,40.65,947.4,0,1,0,0,0,0,1,0,1,0,0,0,1,0,0,0,0,1,0,0,0,0,0.051231074486143544
0,0,1,1,18,1,0,20.45,357.0,0,0,0,0,1,1,0,1,0,1,0,1,0,1,0,1,0,0,0,0,0,1,0.08451855937180856
1,0,1,1,62,1,0,24.8,1476.25,0,0,1,0,1,1,0,1,0,1,0,1,0,1,0,1,0,1,0,0,0,0,0.005825172109837074
0,0,0,0,1,1,1,70.8,70.8,1,0,0,1,0,0,0,0,0,0,0,0,0,0,0,0,0,0,0,0,0,1,0.6211107791014615
1,0,0,0,16,1,1,89.05,1448.6,1,0,1,1,0,0,0,0,0,0,0,0,1,0,0,0,1,0,0,1,0,0,0.4958075460945463
0,0,0,0,3,1,1,96.6,291.9,1,0,1,1,0,0,0,0,0,0,0,0,0,0,1,0,1,0,0,0,1,0,0.8104785993813028
1,0,0,0,67,1,1,88.8,5903.15,0,0,1,0,0,0,1,0,1,0,1,0,1,0,1,0,1,1,0,0,0,0,0.03146707926314593
1,0,0,0,62,1,1,20.05,1201.65,0,0,0,0,1,1,0,1,0,1,0,1,0,1,0,1,0,0,1,1,0,0,0.0034424445441817173
0,0,1,0,57,1,1,104.5,5921.35,1,0,1,1,0,0,0,0,1,0,1,0,0,0,1,0,1,0,0,1,0,0,0.38125274350511634
1,0,0,0,2,1,1,69.8,146.65,0,0,0,1,0,0,0,0,0,0,0,0,0,0,0,0,0,0,0,0,1,0,0.6819499554846563
0,0,1,1,23,1,1,77.15,1759.4,0,0,1,0,0,0,1,0,0,0,1,0,1,0,1,0,0,0,1,0,0,0,0.05088081534527908
0,0,0,1,25,0,0,35.05,844.45,0,1,0,0,0,0,1,0,0,0,0,0,1,0,0,0,0,0,1,0,0,0,0.030954626482528322
0,1,0,0,72,1,1,108.1,7774.05,0,0,1,1,0,0,0,0,1,0,1,0,1,0,1,0,1,0,1,0,0,0,0.10331003024672603
0,0,1,0,2,1,1,84.05,134.05,0,0,1,1,0,0,0,0,0,0,0,0,0,0,1,0,0,0,0,0,1,0,0.784790848567971
0,0,0,0,8,1,1,20.2,140.95,0,0,0,0,1,1,0,1,0,1,0,1,0,1,0,1,0,1,0,0,0,0,0.1082619909145646
0,0,0,0,5,1,1,50.6,249.95,1,0,1,0,0,0,0,0,0,0,0,0,0,0,0,0,0,0,0,0,0,1,0.439538862890165
1,0,0,0,35,0,0,49.2,1701.65,0,1,0,0,0,0,0,0,0,0,1,0,0,0,1,0,1,0,0,0,1,0,0.3321447043479417
1,0,0,0,24,1,0,24.6,592.65,0,0,1,0,1,1,0,1,0,1,0,1,0,1,0,1,0,1,0,0,1,0,0.06142667028350928
0,0,1,1,2,1,1,71.65,135.75,0,0,0,1,0,0,0,0,0,0,0,0,0,0,0,0,0,0,0,0,1,0,0.6468194924305884
1,0,1,1,72,1,1,104.9,7732.65,0,0,1,1,0,0,1,0,1,0,1,0,1,0,0,0,1,0,1,1,0,0,0.03054819760388178
0,0,0,0,41,1,1,106.5,4282.4,0,0,1,1,0,0,1,0,1,0,1,0,1,0,1,0,0,0,0,0,1,0,0.3041139231115197
1,0,0,1,4,1,0,49.35,219.65,1,0,0,0,0,0,1,0,0,0,0,0,0,0,0,0,0,0,0,0,1,0,0.260161170864507
1,0,0,0,26,1,0,75.5,2018.1,0,0,0,1,0,0,0,0,1,0,0,0,0,0,0,0,0,1,0,0,0,0,0.18159480391100094
1,0,0,0,7,1,1,94.25,669.0,1,0,0,1,0,0,0,0,1,0,0,0,0,0,1,0,1,0,0,0,1,0,0.7274175204824468
0,0,1,0,1,1,1,68.95,68.95,1,0,0,1,0,0,0,0,0,0,0,0,0,0,0,0,0,0,0,0,1,0,0.7085356761325117
0,0,1,1,4,1,1,58.5,224.85,0,0,1,0,0,0,0,0,1,0,0,0,1,0,0,0,0,0,0,0,0,1,0.2919238782850071
1,0,0,0,48,1,0,78.9,3771.5,0,0,0,0,0,0,0,0,1,0,1,0,1,0,1,0,1,0,1,1,0,0,0.02489030777391825
1,1,0,0,2,1,1,93.85,196.75,1,0,1,1,0,0,0,0,0,0,0,0,0,0,1,0,1,0,0,0,1,0,0.8503134162114407
0,1,1,0,12,1,1,79.2,943.85,0,0,0,0,0,0,1,0,0,0,1,0,1,0,1,0,1,1,0,0,1,0,0.23372731291181328
1,0,1,0,60,1,1,109.45,6572.85,0,0,1,1,0,0,1,0,0,0,1,0,1,0,1,0,1,0,0,0,0,0,0.2471330789819882
1,0,0,0,55,1,1,59.2,3175.85,0,0,0,0,0,0,1,0,0,0,1,0,1,0,0,0,0,0,1,0,1,0,0.012227356956517037
1,0,0,0,1,0,0,29.15,29.15,0,1,0,0,0,0,0,0,0,0,0,0,1,0,0,0,0,0,0,0,0,1,0.4007452711204722
1,0,0,0,1,1,0,20.05,20.05,0,0,0,0,1,1,0,1,0,1,0,1,0,1,0,1,0,0,0,0,0,1,0.20717893004199303
1,0,0,0,4,1,1,76.05,318.9,1,0,1,1,0,0,0,0,0,0,0,0,0,0,0,0,0,0,0,0,1,0,0.7117166715116572
1,0,0,0,1,0,1,24.45,24.45,1,1,0,0,0,0,0,0,0,0,0,0,0,0,0,0,0,0,0,0,0,1,0.5719168163504497
0,0,0,0,42,1,0,66.5,2762.75,0,0,0,0,0,0,0,0,0,0,1,0,1,0,0,0,1,0,1,1,0,0,0.023660907765354844
0,0,0,0,1,1,0,49.55,49.55,0,0,0,0,0,0,1,0,0,0,0,0,0,0,0,0,0,0,0,0,0,0,0.2807101558991664
1,0,0,0,7,1,1,89.35,631.85,1,0,1,1,0,0,0,0,0,0,1,0,0,0,1,0,0,0,0,1,0,0,0.6558295844261158
1,0,0,0,3,1,1,73.6,232.5,0,0,0,1,0,0,0,0,0,0,1,0,0,0,0,0,0,0,0,1,0,0,0.5793898399535264
0,0,1,0,72,1,1,82.65,5919.35,0,0,1,0,0,0,1,0,1,0,1,0,0,0,1,0,1,0,1,1,0,0,0.02050769731366012
1,0,0,0,15,1,1,49.0,749.25,0,0,1,0,0,0,0,0,0,0,0,0,0,0,0,0,0,0,0,0,1,0,0.4084822543282102
1,0,1,0,4,1,1,80.35,307.4,1,0,0,1,0,0,0,0,0,0,0,0,0,0,1,0,0,0,0,0,1,0,0.7241227257329104
0,0,0,0,11,1,0,25.2,245.15,0,0,1,0,1,1,0,1,0,1,0,1,0,1,0,1,0,1,0,0,1,0,0.11519540704289422
0,0,0,0,5,1,0,25.45,134.75,0,0,1,0,1,1,0,1,0,1,0,1,0,1,0,1,0,0,0,0,0,1,0.21488477002208733
0,1,0,0,1,1,1,55.8,55.8,1,0,0,0,0,0,1,0,0,0,1,0,0,0,0,0,0,0,0,0,1,0,0.45738405700565493
1,0,1,0,72,1,1,110.9,8240.85,0,0,1,1,0,0,1,0,0,0,1,0,1,0,1,0,1,0,1,1,0,0,0.06046320262187415
0,0,1,0,55,1,1,77.75,4266.4,0,0,1,1,0,0,0,0,1,0,0,0,0,0,0,0,0,0,0,1,0,0,0.21336866024834697
0,0,1,1,40,1,1,26.2,1077.5,0,0,1,0,1,1,0,1,0,1,0,1,0,1,0,1,0,0,0,0,1,0,0.06606392389339732
0,0,1,0,57,1,0,19.9,1115.6,0,0,0,0,1,1,0,1,0,1,0,1,0,1,0,1,0,0,1,0,0,0,0.004234863139692315
1,0,0,0,1,1,1,79.05,79.05,1,0,0,1,0,0,0,0,0,0,0,0,0,0,1,0,0,0,0,0,1,0,0.7379804355168111
1,0,1,0,1,1,1,95.0,95.0,1,0,0,1,0,0,1,0,0,0,0,0,0,0,1,0,1,0,0,0,1,0,0.706008527526603
0,0,0,0,1,0,0,25.2,25.2,1,1,0,0,0,0,0,0,0,0,0,0,0,0,0,0,0,0,0,0,0,1,0.510507590767091
1,1,1,1,52,1,1,80.85,4079.55,0,0,1,0,0,0,0,0,1,0,1,0,0,0,1,0,1,1,0,0,1,0,0.13152032415281376
1,1,0,0,41,1,1,98.4,4187.75,1,0,1,1,0,0,0,0,0,0,1,0,0,0,1,0,1,0,0,0,1,0,0.654592090060178
1,0,1,0,43,1,1,56.35,2391.15,0,0,0,0,0,0,0,0,0,0,0,0,0,0,1,0,0,1,0,0,0,1,0.07145445701834131
0,0,1,1,47,1,0,19.3,890.5,0,0,0,0,1,1,0,1,0,1,0,1,0,1,0,1,0,0,1,0,0,0,0.005758743347790624
1,0,0,0,3,1,0,50.4,137.25,0,0,1,0,0,0,0,0,0,0,0,0,0,0,0,0,0,0,0,0,0,0,0.3998446569736147
1,1,1,1,66,1,0,79.4,5154.6,1,0,1,0,0,0,1,0,1,0,1,0,1,0,1,0,0,0,1,1,0,0,0.009057587117662169
1,0,1,1,55,1,1,55.25,3119.9,0,0,0,0,0,0,0,0,0,0,1,0,1,0,0,0,0,0,1,1,0,0,0.010577732652771416
1,0,0,0,29,1,0,19.1,529.5,0,0,0,0,1,1,0,1,0,1,0,1,0,1,0,1,0,1,0,0,0,1,0.027071509166158515
0,0,0,1,12,1,1,84.05,966.55,0,0,1,1,0,0,0,0,0,0,0,0,0,0,1,0,0,0,0,0,1,0,0.6661753558332321
0,0,1,0,66,1,1,105.2,6936.85,0,0,1,1,0,0,0,0,1,0,1,0,0,0,1,0,1,0,0,0,1,0,0.42251784817912613
1,1,0,0,35,1,1,101.4,3496.3,1,0,1,1,0,0,0,0,0,0,1,0,0,0,1,0,1,0,0,0,1,0,0.6796952390950727
1,1,1,0,10,1,1,89.8,914.3,1,0,1,1,0,0,0,0,0,0,1,0,0,0,0,0,1,0,0,0,1,0,0.7815823546898577
1,0,1,1,27,1,1,75.75,1929.0,0,0,1,1,0,0,0,0,0,0,0,0,0,0,0,0,0,0,0,0,0,0,0.40213772581807433
0,0,0,0,58,1,1,95.3,5817.7,0,0,0,1,0,0,0,0,0,0,0,0,1,0,1,0,1,0,0,0,1,0,0.325285798786685
1,0,1,0,54,1,0,109.75,6110.2,1,0,0,1,0,0,1,0,1,0,1,0,1,0,1,0,1,0,1,0,0,0,0.05690183649784532
1,0,0,0,9,1,0,19.85,178.8,0,0,0,0,1,1,0,1,0,1,0,1,0,1,0,1,0,0,0,0,0,1,0.14633107350235328
1,0,0,0,2,1,0,19.3,28.3,1,0,0,0,1,1,0,1,0,1,0,1,0,1,0,1,0,1,0,1,0,0,0.09840562228423523
1,0,0,0,6,1,1,69.1,435.0,0,0,0,1,0,0,0,0,0,0,0,0,0,0,0,0,0,0,0,0,1,0,0.6506263888219316
0,1,0,0,26,1,1,91.25,2351.8,1,0,0,1,0,0,0,0,0,0,0,0,0,0,1,0,1,0,0,0,1,0,0.6838192663787938
0,0,0,0,9,1,0,20.25,186.15,0,0,0,0,1,1,0,1,0,1,0,1,0,1,0,1,0,0,0,0,0,1,0.15025239628148518
1,0,1,0,8,1,1,54.75,445.85,0,0,0,0,0,0,0,0,1,0,1,0,0,0,0,0,0,0,0,0,0,1,0.3320189464004572
1,0,0,0,12,1,1,81.45,912.0,0,0,0,1,0,0,0,0,0,0,0,0,0,0,1,0,0,0,0,0,1,0,0.6497499011892194
0,0,0,0,15,1,1,49.1,679.55,1,0,1,0,0,0,0,0,0,0,0,0,0,0,0,0,0,0,0,0,1,0,0.41099020647204915
1,0,1,0,43,1,1,80.2,3581.6,0,0,1,0,0,0,1,0,0,0,1,0,0,0,1,0,1,1,0,0,1,0,0.13354406486698422
1,0,0,0,42,1,1,100.3,4222.95,0,0,1,1,0,0,0,0,0,0,0,0,1,0,1,0,1,0,0,0,1,0,0.4780390601968818
0,0,0,0,31,1,0,65.25,1994.3,1,0,1,0,0,0,1,0,0,0,1,0,1,0,0,0,0,0,0,1,0,0,0.07733048375633544
0,0,0,1,66,1,1,90.95,5930.05,0,0,1,1,0,0,1,0,0,0,1,0,1,0,0,0,0,0,1,1,0,0,0.021799843196435843
0,1,0,0,18,1,1,85.45,1505.85,1,0,1,1,0,0,0,0,1,0,0,0,1,0,0,0,0,0,0,0,1,0,0.548239343865004
1,0,0,0,1,1,0,20.0,20.0,0,0,0,0,1,1,0,1,0,1,0,1,0,1,0,1,0,0,0,0,0,1,0.20725653170919983
1,0,1,0,61,1,1,94.1,5638.3,1,0,1,1,0,0,0,0,1,0,0,0,1,0,1,0,0,0,1,0,1,0,0.08543476256228441
1,0,0,0,10,1,0,79.85,797.25,0,0,1,1,0,0,0,0,1,0,0,0,0,0,0,0,0,0,0,0,1,0,0.5773320973571756
1,1,0,0,1,1,1,71.65,71.65,1,0,0,1,0,0,0,0,0,0,0,0,0,0,0,0,0,0,0,0,1,0,0.7389830674941883
0,1,0,0,18,1,1,73.55,1359.45,0,0,0,1,0,0,0,0,1,0,0,0,0,0,0,0,0,0,0,0,1,0,0.5919228409152552
1,0,1,0,24,1,1,104.65,2542.45,1,0,1,1,0,0,0,0,1,0,1,0,0,0,1,0,1,0,0,0,1,0,0.6885205941442486
0,0,1,1,3,1,0,19.3,54.7,0,0,0,0,1,1,0,1,0,1,0,1,0,1,0,1,0,0,0,0,0,1,0.17101937140725249
1,0,0,0,50,1,0,20.15,989.05,0,0,0,0,1,1,0,1,0,1,0,1,0,1,0,1,0,1,0,1,0,0,0.008472030248350824
1,0,1,1,1,1,0,44.55,44.55,0,0,0,0,0,0,0,0,0,0,0,0,0,0,0,0,0,0,0,0,1,0,0.39513584957176456
1,0,0,0,2,1,1,54.45,87.3,0,0,0,0,0,0,1,0,0,0,0,0,1,0,0,0,0,0,0,0,0,1,0.22663395545131892
1,0,0,0,17,1,1,19.65,351.55,0,0,0,0,1,1,0,1,0,1,0,1,0,1,0,1,0,1,0,0,0,0,0.06896449948723818
1,0,1,1,69,1,1,105.0,7297.75,0,0,1,1,0,0,0,0,1,0,1,0,0,0,1,0,1,0,1,0,1,0,0.12820060164536667
1,0,1,0,72,1,1,88.7,6301.7,0,0,1,0,0,0,1,0,1,0,1,0,1,0,1,0,1,0,1,1,0,0,0.014554598801924513
0,0,0,0,3,1,1,74.25,210.3,1,0,1,1,0,0,0,0,0,0,0,0,0,0,0,0,0,0,0,0,1,0,0.7270588506997582
1,1,1,1,50,1,1,75.15,3822.45,0,0,1,0,0,0,1,0,1,0,1,0,0,0,0,0,1,0,1,0,0,0,0.03477066103642405
0,0,0,0,53,1,0,20.25,1048.45,0,0,0,0,1,1,0,1,0,1,0,1,0,1,0,1,0,0,1,0,0,1,0.0047035032359100575
0,0,1,0,58,1,1,109.1,6393.65,0,0,1,1,0,0,1,0,1,0,0,0,1,0,1,0,1,0,1,1,0,0,0.07360189551787882
1,0,0,0,46,0,1,30.75,1489.3,0,1,0,0,0,0,1,0,0,0,0,0,0,0,0,0,0,1,0,0,0,0,0.04419029217224619
1,1,1,0,72,1,1,112.9,8061.5,0,0,1,1,0,0,1,0,1,0,1,0,1,0,1,0,1,0,0,1,0,0,0.20703751040258506
0,1,0,0,1,1,1,74.2,74.2,1,0,1,1,0,0,0,0,0,0,0,0,0,0,0,0,0,0,0,0,1,0,0.788605053186997
0,0,1,1,6,1,1,94.05,518.75,0,0,1,1,0,0,0,0,1,0,1,0,0,0,1,0,0,0,0,0,0,1,0.6188404319397005
1,0,1,0,72,1,0,78.85,5763.15,0,0,1,0,0,0,1,0,1,0,1,0,1,0,0,0,1,0,1,0,0,0,0.008551476366412753
1,0,0,0,4,1,1,55.3,238.5,0,0,0,0,0,0,0,0,0,0,0,0,0,0,0,0,1,0,0,0,0,1,0.4522521589790357
0,0,1,1,52,1,0,19.35,1031.7,0,0,0,0,1,1,0,1,0,1,0,1,0,1,0,1,0,0,1,0,0,1,0.004231198266563958
0,0,0,0,2,1,0,20.45,34.8,0,0,0,0,1,1,0,1,0,1,0,1,0,1,0,1,0,1,0,0,0,1,0.10716465658336315
0,0,1,0,65,1,0,19.35,1319.95,0,0,0,0,1,1,0,1,0,1,0,1,0,1,0,1,0,0,1,0,0,0,0.002830596003630294
1,1,1,0,43,1,1,101.0,4388.4,1,0,1,1,0,0,0,0,1,0,0,0,0,0,1,0,1,0,0,0,1,0,0.624011264441017
1,0,1,0,4,1,1,100.2,420.2,1,0,1,1,0,0,0,0,1,0,0,0,0,0,1,0,1,0,0,0,1,0,0.7926463613082084
1,1,1,0,25,1,1,89.05,2177.45,1,0,1,1,0,0,1,0,0,0,0,0,0,0,0,0,1,1,0,0,1,0,0.40265456689584744
0,0,1,0,51,1,1,78.65,3950.85,0,0,1,0,0,0,0,0,1,0,0,0,1,0,1,0,1,1,0,1,0,0,0.06569898018437904
1,0,0,0,12,1,0,74.75,827.05,0,0,1,0,0,0,0,0,0,0,1,0,0,0,1,0,1,0,0,0,0,0,0.4326374334535804
0,0,1,1,57,1,1,70.1,3913.3,1,0,0,0,0,0,1,0,0,0,0,0,0,0,1,0,1,1,0,0,0,0,0.037505912562789505
0,0,1,1,24,1,0,19.9,533.5,0,0,0,0,1,1,0,1,0,1,0,1,0,1,0,1,0,1,0,0,0,1,0.031385218855520425
0,0,1,0,64,1,0,58.35,3756.45,0,0,1,0,0,0,0,0,0,0,1,0,1,0,0,0,0,1,0,0,0,0,0.018087271759441546
0,0,0,0,4,1,1,105.65,443.9,1,0,0,1,0,0,0,0,1,0,1,0,1,0,1,0,1,1,0,0,1,0,0.4776643172225115
0,0,0,0,26,1,1,100.5,2599.95,0,0,1,1,0,0,0,0,0,0,1,0,0,0,1,0,1,0,0,0,0,0,0.6273227067755983
0,0,1,1,15,1,0,20.05,284.3,0,0,0,0,1,1,0,1,0,1,0,1,0,1,0,1,0,0,0,0,0,1,0.09763713141518714
1,1,1,0,64,1,0,25.65,1740.8,0,0,1,0,1,1,0,1,0,1,0,1,0,1,0,1,0,0,1,1,0,0,0.004621560921420222
1,1,1,0,36,1,1,96.5,3436.1,1,0,1,1,0,0,0,0,1,0,0,0,0,0,1,0,1,0,0,0,1,0,0.6619429234997419
0,0,1,0,27,1,0,95.0,2462.55,0,0,1,1,0,0,0,0,0,0,0,0,0,0,1,0,1,0,0,1,0,0,0.523557052303036
1,1,1,0,1,1,0,70.85,70.85,1,0,0,1,0,0,0,0,0,0,0,0,0,0,0,0,0,0,0,0,0,1,0.6217765472267484
0,0,0,0,35,1,1,85.95,3110.1,1,0,1,0,0,0,1,0,0,0,1,0,1,0,1,0,1,1,0,1,0,0,0.08408837786180769
1,0,0,0,4,1,1,73.9,280.85,1,0,0,1,0,0,0,0,0,0,1,0,0,0,0,0,0,0,0,0,1,0,0.6619290824863538
0,0,1,1,8,1,1,45.45,411.75,0,0,0,0,0,0,0,0,0,0,0,0,0,0,0,0,0,0,0,0,1,0,0.39428931316730303
1,0,0,0,10,1,1,20.0,198.6,0,0,0,0,1,1,0,1,0,1,0,1,0,1,0,1,0,0,0,1,0,0,0.16570129294448446
0,0,0,0,2,1,0,49.2,103.7,0,0,0,0,0,0,0,0,1,0,0,0,0,0,0,0,0,0,0,0,0,1,0.3292586176884916
0,0,1,0,58,1,1,109.45,6144.55,1,0,1,1,0,0,1,0,1,0,1,0,0,0,1,0,1,0,1,0,0,0,0.11076583257977833
1,0,1,0,51,1,1,83.25,4089.45,0,0,0,0,0,0,1,0,1,0,1,0,1,0,1,0,1,0,1,1,0,0,0.02048463357949879
0,0,1,1,46,1,1,19.25,864.2,0,0,0,0,1,1,0,1,0,1,0,1,0,1,0,1,0,0,1,0,0,1,0.007510341943513533
1,0,0,0,1,1,1,19.65,19.65,0,0,0,0,1,1,0,1,0,1,0,1,0,1,0,1,0,0,0,0,0,0,0.2674507788095679
1,0,0,0,46,1,0,72.8,3249.4,0,0,1,1,0,0,0,0,0,0,0,0,0,0,0,0,0,0,0,0,0,0,0.23341549847610507
0,0,1,0,50,1,1,109.65,5405.8,0,0,1,1,0,0,1,0,1,0,0,0,1,0,1,0,1,0,0,0,0,0,0.27878448403976336
1,0,1,1,53,1,0,65.0,3363.8,0,0,0,0,0,0,0,0,1,0,0,0,1,0,1,0,0,0,0,1,0,0,0.03915131008615648
1,0,1,0,61,1,1,114.1,7132.15,0,0,1,1,0,0,0,0,1,0,1,0,1,0,1,0,1,0,0,0,1,0,0.3890396965763693
1,0,0,0,5,1,0,20.65,93.55,0,0,0,0,1,1,0,1,0,1,0,1,0,1,0,1,0,0,0,0,0,0,0.18181739570202718
1,0,0,0,47,1,1,86.95,4138.9,0,0,0,0,0,0,1,0,1,0,1,0,1,0,1,0,1,1,0,0,0,0,0.04582879775348481
0,0,0,0,54,1,1,94.75,5121.75,0,0,1,1,0,0,0,0,1,0,1,0,0,0,1,0,0,1,0,0,0,0,0.18672849171975298
1,0,0,1,19,0,1,25.35,566.1,0,1,0,0,0,0,0,0,0,0,0,0,0,0,0,0,0,0,0,1,0,0,0.28790936987179583
0,0,0,1,26,1,1,105.45,2715.3,0,0,0,1,0,0,0,0,1,0,1,0,1,0,1,0,1,0,1,0,1,0,0.19074388489910932
1,0,1,1,70,1,0,25.4,1782.05,0,0,1,0,1,1,0,1,0,1,0,1,0,1,0,1,0,0,1,0,0,1,0.002197650245919784
1,0,1,0,17,1,1,102.55,1742.5,0,0,1,1,0,0,0,0,1,0,1,0,0,0,1,0,1,0,0,0,1,0,0.7274716527862981
0,0,0,0,30,1,1,100.2,2983.8,1,0,1,1,0,0,0,0,1,0,0,0,0,0,1,0,1,0,0,0,1,0,0.6399009213864811
0,0,0,1,1,1,0,24.0,24.0,0,0,1,0,1,1,0,1,0,1,0,1,0,1,0,1,0,0,0,0,0,1,0.21455446247423007
0,0,1,1,19,1,0,25.6,485.9,0,0,1,0,1,1,0,1,0,1,0,1,0,1,0,1,0,0,1,0,0,1,0.030062228126322345
0,0,1,0,26,1,1,73.5,1905.7,0,0,0,0,0,0,0,0,1,0,1,0,0,0,1,0,1,0,1,1,0,0,0.10352165449817329
0,0,1,1,21,1,1,74.05,1565.7,1,0,0,1,0,0,0,0,1,0,0,0,0,0,0,0,0,0,0,0,0,0,0.3904074585229927
1,0,1,0,50,1,1,98.25,4858.7,0,0,1,1,0,0,0,0,1,0,0,0,0,0,1,0,1,1,0,0,1,0,0.3212708230179568
0,0,1,0,68,0,1,54.4,3723.65,0,1,0,0,0,0,1,0,0,0,1,0,0,0,1,0,1,1,0,0,1,0,0.05342540314914012
1,0,0,0,3,1,1,101.55,298.35,1,0,1,1,0,0,0,0,0,0,1,0,0,0,1,0,1,0,0,0,0,0,0.7559090597200915
1,0,1,1,9,1,0,103.1,970.45,0,0,0,1,0,0,0,0,0,0,1,0,1,0,1,0,1,0,0,0,1,0,0.5381680655396979
0,0,1,1,51,0,0,34.2,1782.0,0,1,0,0,0,0,1,0,0,0,0,0,1,0,0,0,0,0,1,0,0,0,0.009624835642141723
0,0,0,0,9,1,1,43.75,405.7,0,0,0,0,0,0,0,0,0,0,0,0,0,0,0,0,0,0,0,0,1,0,0.424422226441824
1,1,1,1,41,1,1,111.95,4534.9,1,0,1,1,0,0,0,0,1,0,1,0,1,0,1,0,1,1,0,0,1,0,0.31948459554793524
1,0,0,0,22,1,1,100.65,2415.95,0,0,1,1,0,0,0,0,1,0,0,0,0,0,1,0,1,0,0,0,1,0,0.6976475483307094
0,0,1,1,21,0,1,55.95,1157.05,1,1,0,0,0,0,1,0,0,0,1,0,0,0,1,0,1,1,0,0,1,0,0.24603709404568547
1,0,1,1,71,1,1,116.05,8297.5,0,0,1,1,0,0,1,0,1,0,1,0,1,0,1,0,1,0,1,0,0,0,0.053125925707471884
1,0,0,0,1,1,0,45.75,45.75,1,0,0,0,0,0,0,0,0,0,0,0,0,0,0,0,0,0,0,0,1,0,0.43336446137779466
1,0,1,1,26,1,1,82.0,2083.1,0,0,1,0,0,0,0,0,0,0,1,0,1,0,1,0,1,1,0,1,0,0,0.12622167373852083
1,0,1,0,71,1,0,65.15,4681.75,0,0,1,0,0,0,1,0,1,0,0,0,1,0,0,0,0,0,1,0,0,0,0.005170936664815352
1,0,0,0,4,1,1,44.8,176.2,0,0,0,0,0,0,0,0,0,0,0,0,0,0,0,0,0,0,0,1,0,0,0.372496416180601
0,0,0,0,12,1,1,79.8,1001.2,0,0,1,1,0,0,1,0,0,0,0,0,0,0,0,0,0,0,0,0,1,0,0.5589434414509471
0,0,1,0,18,1,1,88.85,1594.75,0,0,1,1,0,0,0,0,0,0,0,0,1,0,1,0,0,0,0,0,1,0,0.5928178346319394
0,0,0,0,3,1,1,74.95,212.4,0,0,1,1,0,0,0,0,0,0,0,0,0,0,0,0,0,0,0,0,1,0,0.7258298717651993
0,1,1,0,72,1,1,106.85,7677.4,0,0,1,1,0,0,1,0,1,0,0,0,0,0,1,0,1,1,0,0,0,0,0.16193334332005435
1,0,0,0,11,1,0,74.95,815.5,1,0,0,1,0,0,0,0,1,0,0,0,0,0,0,0,0,0,0,0,1,0,0.5097351716505497
0,0,0,0,1,1,0,80.15,80.15,1,0,0,1,0,0,0,0,0,0,0,0,0,0,0,0,1,0,0,1,0,0,0.5993695384854371
1,0,0,0,13,1,0,19.3,259.65,0,0,0,0,1,1,0,1,0,1,0,1,0,1,0,1,0,1,0,1,0,0,0.057675146061093384
0,0,1,0,72,1,1,109.25,8109.8,1,0,1,1,0,0,0,0,1,0,1,0,1,0,1,0,1,1,0,0,1,0,0.18641580991009118
1,0,1,0,42,1,0,56.1,2386.85,0,0,1,0,0,0,1,0,0,0,0,0,0,0,0,0,0,1,0,1,0,0,0.035352165903108065
0,0,0,0,17,1,0,19.7,340.35,0,0,0,0,1,1,0,1,0,1,0,1,0,1,0,1,0,0,0,1,0,0,0.09763192206804025
0,1,0,0,7,1,1,51.3,419.35,0,0,0,0,0,0,0,0,1,0,0,0,0,0,0,0,0,0,0,0,0,1,0.40196476150848043
0,0,1,0,68,1,0,118.6,7990.05,0,0,1,1,0,0,1,0,1,0,1,0,1,0,1,0,1,0,1,0,0,1,0.052048762709464715
1,0,1,1,56,1,0,24.15,1402.25,0,0,1,0,1,1,0,1,0,1,0,1,0,1,0,1,0,0,1,0,0,0,0.004780027708052976
0,0,1,1,38,1,0,20.3,749.35,0,0,0,0,1,1,0,1,0,1,0,1,0,1,0,1,0,1,0,0,0,1,0.01486560038339695
0,0,1,1,72,1,1,115.5,8425.15,0,0,1,1,0,0,1,0,1,0,1,0,1,0,1,0,1,0,1,0,1,0,0.06962075767123005
0,0,0,0,48,1,0,25.05,1171.5,0,0,1,0,1,1,0,1,0,1,0,1,0,1,0,1,0,1,0,1,0,0,0.012914888965950288
0,1,1,0,52,1,1,109.1,5647.95,0,0,1,1,0,0,1,0,1,0,1,0,0,0,1,0,1,0,0,0,1,0,0.48531166450954855
0,0,1,1,35,1,0,19.65,708.8,0,0,0,0,1,1,0,1,0,1,0,1,0,1,0,1,0,1,0,0,0,1,0.017589275839406216
1,0,1,0,67,1,1,111.3,7567.2,0,0,1,1,0,0,0,0,1,0,1,0,1,0,1,0,1,0,1,0,0,0,0.09941688282902211
0,0,0,0,1,0,0,29.9,29.9,0,1,0,0,0,0,1,0,0,0,0,0,0,0,0,0,0,0,0,0,0,1,0.4007987055127694
1,0,0,0,53,1,1,80.6,4348.1,0,0,0,1,0,0,0,0,1,0,0,0,1,0,0,0,0,0,0,0,0,1,0.1368707080412341
1,0,1,1,34,1,0,20.8,635.9,0,0,0,0,1,1,0,1,0,1,0,1,0,1,0,1,0,0,0,0,0,1,0.03634653814383373
0,0,0,0,3,0,0,35.2,108.95,1,1,0,0,0,0,0,0,0,0,0,0,0,0,1,0,0,0,0,1,0,0,0.5262734393092441
0,0,1,0,1,1,0,78.8,78.8,1,0,0,1,0,0,0,0,0,0,0,0,0,0,1,0,0,0,0,0,1,0,0.6998588933976578
1,0,0,0,19,1,0,89.95,1682.4,0,0,0,1,0,0,0,0,0,0,1,0,1,0,1,0,0,0,0,0,0,1,0.35642422613455566
0,1,1,0,60,1,1,116.05,6925.9,0,0,1,1,0,0,1,0,1,0,1,0,1,0,1,0,1,0,1,0,0,0,0.10522713874842758
1,0,0,0,11,1,0,19.55,223.15,0,0,0,0,1,1,0,1,0,1,0,1,0,1,0,1,0,0,1,1,0,0,0.03820892685348958
0,0,0,0,47,1,1,106.4,5127.95,1,0,1,1,0,0,0,0,1,0,1,0,0,0,1,0,1,0,0,0,1,0,0.5483300860760699
1,0,0,0,18,1,0,49.4,874.8,1,0,0,0,0,0,1,0,0,0,0,0,0,0,0,0,0,0,0,0,1,0,0.1895347553451896
0,0,1,1,60,1,0,115.25,6758.45,0,0,1,1,0,0,1,0,1,0,1,0,1,0,1,0,1,0,1,1,0,0,0.04460100639589039
1,0,1,0,72,1,0,24.8,1874.3,0,0,1,0,1,1,0,1,0,1,0,1,0,1,0,1,0,0,1,1,0,0,0.0023397306273919326
1,0,0,0,39,1,0,19.9,791.15,0,0,0,0,1,1,0,1,0,1,0,1,0,1,0,1,0,1,0,0,0,1,0.016306097828684734
0,0,1,0,59,1,1,81.25,4639.45,0,0,0,1,0,0,1,0,0,0,1,0,0,0,0,0,0,1,0,1,0,0,0.05841564935029111
1,0,1,1,2,1,0,69.95,143.9,0,0,0,1,0,0,0,0,0,0,0,0,0,0,0,0,0,0,0,0,0,1,0.4977489834917367
1,1,0,0,1,1,0,69.1,69.1,1,0,0,1,0,0,0,0,0,0,0,0,0,0,0,0,0,0,0,0,1,0,0.6881594400747448
1,0,1,1,20,1,1,90.2,1776.55,1,0,0,1,0,0,0,0,0,0,0,0,0,0,1,0,1,0,0,0,1,0,0.6219800918397906
0,0,0,0,6,1,1,93.55,536.4,1,0,1,1,0,0,0,0,0,0,0,0,0,0,1,0,1,0,0,0,0,0,0.7522886659105671
1,0,0,0,71,1,1,86.4,6172.0,0,0,1,1,0,0,0,0,0,0,1,0,1,0,0,0,0,0,1,1,0,0,0.03244920637393654
0,0,1,0,24,1,0,66.3,1559.45,0,0,1,0,0,0,1,0,1,0,1,0,0,0,0,0,0,0,0,0,0,1,0.1433021393848381
1,1,1,0,67,1,1,94.65,6079.0,0,0,1,1,0,0,0,0,0,0,0,0,0,0,1,0,1,0,0,1,0,0,0.341848585268385
1,0,0,0,1,1,1,80.85,80.85,1,0,0,1,0,0,0,0,0,0,0,0,0,0,0,0,1,0,0,0,0,1,0.6700336857783284
0,0,1,1,48,1,1,82.05,4029.95,1,0,1,1,0,0,0,0,0,0,0,0,0,0,0,0,1,1,0,0,0,1,0.18403035563238748
0,0,1,0,37,1,0,72.1,2658.4,0,0,1,0,0,0,0,0,1,0,0,0,1,0,0,0,1,1,0,0,0,1,0.063762135886481
1,0,0,0,11,0,0,34.7,383.55,0,1,0,0,0,0,0,0,1,0,1,0,0,0,0,0,0,0,0,0,0,1,0.35167051059418913
1,0,1,0,3,1,1,20.55,51.15,1,0,0,0,1,1,0,1,0,1,0,1,0,1,0,1,0,0,0,1,0,0,0.23069157358510192
0,0,1,0,18,1,1,95.95,1745.5,0,0,0,1,0,0,0,0,0,0,1,0,0,0,1,0,1,0,0,1,0,0,0.6055709604260925
1,0,1,1,50,1,1,44.8,2230.85,0,0,0,0,0,0,0,0,0,0,0,0,0,0,0,0,0,1,0,0,0,0,0.03230221890778244
0,0,1,1,67,1,1,109.4,7281.6,0,0,1,1,0,0,1,0,0,0,1,0,1,0,1,0,1,1,0,0,1,0,0.12157258194427507
0,0,1,0,25,1,1,71.05,1837.7,0,0,0,0,0,0,1,0,1,0,0,0,1,0,0,0,1,0,0,0,0,1,0.13458782730267296
0,1,0,0,2,1,1,78.55,149.55,1,0,1,1,0,0,0,0,0,0,1,0,0,0,0,0,0,0,0,0,1,0,0.779757723121952
1,0,0,0,9,1,0,19.7,180.7,0,0,0,0,1,1,0,1,0,1,0,1,0,1,0,1,0,0,0,1,0,0,0.13785932956343527
0,0,0,1,10,0,0,40.25,411.45,0,1,0,0,0,0,1,0,1,0,0,0,1,0,0,0,0,1,0,0,0,1,0.08815225359680687
0,0,1,0,70,1,0,19.85,1328.35,0,0,0,0,1,1,0,1,0,1,0,1,0,1,0,1,0,0,1,1,0,0,0.001849783747470406
1,0,0,0,9,1,1,68.25,576.95,0,0,0,0,0,0,1,0,0,0,1,0,1,0,0,0,1,0,0,0,0,0,0.23147123783208556
0,0,0,0,4,1,1,20.15,68.45,0,0,0,0,1,1,0,1,0,1,0,1,0,1,0,1,0,0,0,1,0,0,0.21911005367664124
0,0,0,0,2,1,0,50.95,123.05,0,0,0,0,0,0,1,0,0,0,0,0,0,0,0,0,0,0,0,0,0,1,0.2595136084459476
0,0,0,1,1,1,0,78.65,78.65,1,0,0,1,0,0,0,0,0,0,0,0,0,0,0,0,1,0,0,0,1,0,0.6450827223514956
1,0,0,0,19,0,1,25.15,468.35,0,1,0,0,0,0,0,0,0,0,0,0,0,0,0,0,0,0,0,0,0,0,0.35748068712268877
1,0,1,1,7,1,1,20.25,174.7,0,0,0,0,1,1,0,1,0,1,0,1,0,1,0,1,0,0,0,0,0,0,0.1840565396485465
1,0,0,0,1,1,1,42.9,42.9,1,0,0,0,0,0,0,0,0,0,0,0,0,0,0,0,0,0,0,0,1,0,0.5080095322822755
1,1,0,0,1,1,0,44.0,44.0,0,0,0,0,0,0,0,0,0,0,0,0,0,0,0,0,0,0,0,0,1,0,0.5020824610063046
0,0,1,1,9,1,0,20.25,172.35,0,0,0,0,1,1,0,1,0,1,0,1,0,1,0,1,0,1,0,0,0,1,0.06548960310497984
0,0,0,0,3,0,0,34.25,139.35,1,1,0,0,0,0,1,0,0,0,0,0,1,0,0,0,0,0,0,0,0,1,0.2883363218935041
0,0,0,0,9,0,0,58.5,539.85,1,1,0,0,0,0,1,0,0,0,1,0,1,0,1,0,1,0,0,0,0,1,0.3364781895040977
0,0,0,0,5,1,0,55.8,300.4,0,0,0,0,0,0,1,0,0,0,1,0,0,0,0,0,0,0,0,1,0,0,0.2202814103505605
0,0,1,1,56,1,0,88.9,4968.0,0,0,0,1,0,0,0,0,0,0,0,0,0,0,1,0,1,1,0,0,0,0,0.13017640844683054
0,0,0,1,18,1,0,57.65,992.7,0,0,1,0,0,0,1,0,0,0,0,0,0,0,0,0,0,0,0,0,0,1,0.14893734408313725
1,1,0,0,49,1,1,96.2,4718.25,1,0,1,1,0,0,0,0,0,0,0,0,0,0,1,0,1,0,0,0,1,0,0.5805263798697328
1,0,1,0,70,1,0,79.15,5536.5,0,0,1,0,0,0,1,0,1,0,1,0,1,0,1,0,0,0,1,0,0,1,0.008311092708464802
0,0,0,0,72,1,1,108.05,7806.6,0,0,1,1,0,0,0,0,1,0,1,0,1,0,1,0,1,0,1,1,0,0,0.07314210946170854
0,1,0,0,6,1,0,74.4,434.1,1,0,0,1,0,0,0,0,0,0,1,0,0,0,0,0,0,0,0,0,1,0,0.649147782297373
1,1,1,0,17,1,1,94.8,1563.9,0,0,1,1,0,0,0,0,0,0,0,0,0,0,1,0,1,0,0,0,1,0,0.7875975027582345
1,0,1,0,29,0,1,45.9,1332.4,0,1,0,0,0,0,0,0,0,0,0,0,0,0,1,0,1,0,0,0,1,0,0.46785039120921995
0,0,1,0,6,1,1,105.3,545.2,1,0,1,1,0,0,0,0,1,0,1,0,0,0,1,0,1,0,0,0,1,0,0.7807826101734449
1,0,1,0,63,1,0,102.6,6296.75,0,0,1,1,0,0,0,0,0,0,1,0,0,0,1,0,1,0,1,0,1,0,0.13859062430828817
1,0,1,0,16,1,1,73.85,1284.2,1,0,1,1,0,0,0,0,0,0,0,0,0,0,0,0,0,0,0,0,0,0,0.5724983074082953
1,0,0,0,59,1,1,61.35,3645.5,0,0,0,0,0,0,0,0,0,0,1,0,0,0,0,0,1,1,0,0,0,0,0.04219664112774428
0,0,0,0,3,1,0,57.55,161.45,0,0,0,0,0,0,0,0,0,0,1,0,0,0,1,0,0,0,0,0,1,0,0.4794111433428978
0,0,0,0,8,0,1,29.25,226.95,0,1,0,0,0,0,0,0,1,0,0,0,0,0,0,0,0,0,0,0,0,1,0.46267638885442863
0,1,1,0,7,1,1,84.55,646.85,1,0,1,1,0,0,0,0,0,0,0,0,0,0,0,0,1,0,0,0,1,0,0.8065706973412593
0,0,0,0,68,1,0,19.6,1441.65,0,0,0,0,1,1,0,1,0,1,0,1,0,1,0,1,0,0,1,1,0,0,0.0020559799441796063
0,0,1,1,68,1,0,111.75,7511.3,0,0,1,1,0,0,1,0,0,0,1,0,1,0,1,0,1,0,1,1,0,0,0.03924570929473155
0,1,1,0,52,1,1,106.5,5621.85,0,0,1,1,0,0,0,0,1,0,1,0,0,0,1,0,1,1,0,0,1,0,0.402768840939735
1,0,1,1,72,1,1,107.7,7919.8,0,0,1,1,0,0,1,0,1,0,0,0,1,0,1,0,1,0,1,1,0,0,0.041933227075598524
0,0,1,0,32,1,0,19.3,593.2,0,0,0,0,1,1,0,1,0,1,0,1,0,1,0,1,0,1,0,0,0,1,0.025103187506536263
0,0,1,0,72,1,0,20.05,1423.65,0,0,0,0,1,1,0,1,0,1,0,1,0,1,0,1,0,0,1,0,0,0,0.001921542046167867
1,0,1,1,1,1,1,69.95,69.95,0,0,0,1,0,0,0,0,0,0,0,0,0,0,0,0,0,0,0,1,0,0,0.557017187897538
1,0,1,1,42,1,0,63.7,2763.35,0,0,0,0,0,0,1,0,0,0,0,0,1,0,0,0,1,1,0,1,0,0,0.02223973975655195
0,0,0,0,25,1,0,24.75,692.1,1,0,1,0,1,1,0,1,0,1,0,1,0,1,0,1,0,0,1,1,0,0,0.02510493014843867
1,0,0,0,45,1,1,50.9,2298.55,0,0,0,0,0,0,1,0,0,0,0,0,0,0,0,0,0,0,0,0,0,0,0.06774341910990084
0,0,1,1,43,0,1,60.4,2640.55,0,1,0,0,0,0,1,0,0,0,1,0,1,0,1,0,1,1,0,1,0,0,0.05838145058611224
1,0,1,0,37,1,0,79.25,2911.8,0,0,1,0,0,0,1,0,0,0,1,0,0,0,1,0,1,1,0,0,0,1,0.09011713893814088
0,1,0,0,20,1,1,85.8,1727.5,1,0,1,1,0,0,0,0,0,0,0,0,0,0,0,0,1,0,0,1,0,0,0.6297784878143114
0,0,0,0,4,0,1,24.45,86.6,1,1,0,0,0,0,0,0,0,0,0,0,0,0,0,0,0,0,0,0,1,0,0.6204699831624076
1,0,1,0,63,1,1,110.1,6705.7,0,0,0,1,0,0,1,0,1,0,1,0,1,0,1,0,1,0,1,1,0,0,0.04671786382770144
1,0,0,0,3,1,0,90.7,237.65,0,0,0,1,0,0,0,0,0,0,0,0,0,0,1,0,1,0,0,0,0,1,0.6441998935175122
1,0,1,1,66,1,1,25.3,1672.35,0,0,1,0,1,1,0,1,0,1,0,1,0,1,0,1,0,0,1,1,0,0,0.003291932270961579
1,0,0,0,28,1,1,105.7,2979.5,1,0,1,1,0,0,0,0,1,0,1,0,0,0,1,0,1,0,0,0,1,0,0.6528125687280337
0,1,0,0,8,1,0,85.2,695.75,0,0,1,1,0,0,0,0,0,0,0,0,0,0,0,0,1,0,0,0,1,0,0.7417181566862868
1,0,0,1,71,1,0,24.35,1654.6,0,0,1,0,1,1,0,1,0,1,0,1,0,1,0,1,0,0,1,0,0,1,0.001916529247899024
1,0,0,0,1,0,1,24.25,24.25,1,1,0,0,0,0,0,0,0,0,0,0,0,0,0,0,0,0,0,0,1,0,0.6499421591200432
0,0,1,1,72,1,0,25.1,1857.85,0,0,1,0,1,1,0,1,0,1,0,1,0,1,0,1,0,0,1,0,0,0,0.0021936513555802597
1,1,1,0,16,1,1,54.55,825.1,0,0,0,0,0,0,1,0,1,0,0,0,0,0,0,0,0,0,0,0,0,0,0.23835599986720665
1,0,1,0,66,1,0,96.6,6424.25,0,0,1,1,0,0,1,0,1,0,1,0,1,0,0,0,0,0,1,0,0,1,0.023016679891945682
0,0,0,0,11,1,1,76.5,837.95,1,0,1,1,0,0,0,0,0,0,0,0,0,0,0,0,0,0,0,0,1,0,0.6632588774571568
1,0,0,0,51,1,1,81.15,4126.2,0,0,1,0,0,0,1,0,1,0,1,0,1,0,1,0,0,1,0,1,0,0,0.03159062397998704
0,0,0,1,8,0,1,38.5,330.8,0,1,0,0,0,0,1,0,0,0,0,0,0,0,0,0,1,0,0,0,1,0,0.479223651679428
1,0,0,0,14,1,1,92.9,1337.45,0,0,0,1,0,0,0,0,0,0,0,0,0,0,1,0,1,0,0,0,1,0,0.7027145041110929
0,0,0,0,4,1,1,93.5,362.2,1,0,1,1,0,0,0,0,1,0,0,0,1,0,0,0,1,0,0,0,1,0,0.6621472153041426
0,0,0,0,70,1,0,84.7,5991.05,0,0,1,0,0,0,1,0,1,0,1,0,0,0,1,0,1,0,1,0,0,1,0.01803543363427203
0,0,0,1,70,1,0,66.0,4891.5,0,0,1,0,0,0,1,0,1,0,0,0,1,0,0,0,0,0,1,0,1,0,0.0060022441238334
0,1,1,0,54,1,1,101.5,5373.1,1,0,1,1,0,0,0,0,1,0,0,0,0,0,1,0,1,1,0,1,0,0,0.27601588411625566
1,0,0,1,28,1,1,74.9,2068.55,1,0,0,1,0,0,1,0,0,0,0,0,0,0,0,0,0,0,0,0,0,0,0.24584741825633422
1,0,0,0,24,1,0,20.75,487.05,0,0,0,0,1,1,0,1,0,1,0,1,0,1,0,1,0,0,1,0,0,1,0.020787022085248907
0,0,1,0,69,1,1,61.45,4131.2,0,0,0,0,0,0,0,0,1,0,0,0,0,0,0,0,1,0,1,1,0,0,0.01408582985199164
1,0,1,1,42,1,0,54.5,2301.15,0,0,0,0,0,0,1,0,1,0,0,0,0,0,0,0,0,0,0,0,0,1,0.04510205762465171
0,1,0,0,2,1,1,69.6,131.65,1,0,0,1,0,0,0,0,0,0,0,0,0,0,0,0,0,0,0,0,1,0,0.7412998344229768
0,1,0,0,39,1,1,99.75,4036.0,0,0,1,1,0,0,0,0,0,0,1,0,0,0,1,0,1,0,0,0,1,0,0.6748902364432092
1,0,1,1,45,1,1,109.75,4900.65,0,0,1,1,0,0,0,0,1,0,1,0,1,0,1,0,1,0,1,0,0,0,0.1272871288715102
1,0,1,1,72,1,1,80.85,5727.45,0,0,1,0,0,0,1,0,1,0,1,0,1,0,1,0,0,0,1,0,0,0,0.00861486523701309
0,0,0,0,38,1,0,20.3,743.05,0,0,0,0,1,1,0,1,0,1,0,1,0,1,0,1,0,0,1,0,0,1,0.010319687053745074
1,0,1,0,72,1,1,67.8,4804.65,0,0,1,0,0,0,1,0,1,0,1,0,1,0,0,0,0,0,1,0,0,0,0.00664384969753907
1,0,0,0,1,1,1,24.05,24.05,1,0,1,0,1,1,0,1,0,1,0,1,0,1,0,1,0,0,0,0,0,1,0.30167966293631
1,0,1,1,72,1,1,19.8,1414.65,0,0,0,0,1,1,0,1,0,1,0,1,0,1,0,1,0,0,1,1,0,0,0.0017268826902625918
1,0,1,0,55,1,0,25.7,1443.65,0,0,1,0,1,1,0,1,0,1,0,1,0,1,0,1,0,0,1,0,0,0,0.0062828536766366535
0,0,1,1,51,0,1,56.15,2898.95,0,1,0,0,0,0,0,0,0,0,1,0,1,0,1,0,1,1,0,0,1,0,0.08837192418438453
1,0,0,0,63,1,1,86.7,5309.5,0,0,0,0,0,0,1,0,1,0,1,0,1,0,1,0,1,0,1,0,0,0,0.015428452791942462
0,0,0,0,1,1,0,20.4,20.4,0,0,0,0,1,1,0,1,0,1,0,1,0,1,0,1,0,0,0,0,0,1,0.21204830674608682
0,0,1,1,23,1,1,19.65,451.55,0,0,0,0,1,1,0,1,0,1,0,1,0,1,0,1,0,0,1,0,0,1,0.02517124854083684
0,0,0,0,1,1,0,50.55,50.55,1,0,0,0,0,0,0,0,1,0,0,0,0,0,0,0,0,0,0,0,1,0,0.41223312999450246
0,0,0,0,2,1,1,54.35,117.05,0,0,1,0,0,0,0,0,0,0,0,0,1,0,0,0,0,0,0,0,0,1,0.3734097904685439
0,1,0,0,52,1,0,108.1,5839.3,0,0,1,1,0,0,1,0,1,0,1,0,0,0,1,0,1,0,0,1,0,0,0.32921372157278833
0,0,0,0,36,1,0,54.45,1893.5,0,0,1,0,0,0,1,0,0,0,0,0,0,0,0,0,0,1,0,0,0,1,0.045986294364515026
0,0,0,0,1,1,0,45.35,45.35,0,0,0,0,0,0,0,0,0,0,0,0,0,0,0,0,0,0,0,0,0,1,0.36380689835541263
0,0,0,0,28,1,0,59.0,1654.45,0,0,1,0,0,0,1,0,0,0,1,0,0,0,0,0,0,1,0,0,0,1,0.06588953218786991
0,0,1,1,7,1,0,69.45,477.05,0,0,0,0,0,0,1,0,1,0,1,0,0,0,1,0,0,1,0,0,1,0,0.15021529562569702
1,0,0,0,14,1,1,100.55,1415.55,1,0,1,1,0,0,0,0,1,0,0,0,0,0,1,0,1,0,0,0,1,0,0.7316191349131844
1,1,1,0,72,0,1,64.95,4546.0,0,1,0,0,0,0,1,0,1,0,1,0,1,0,1,0,1,0,1,1,0,0,0.016013614641707863
0,0,1,1,1,1,1,20.5,20.5,1,0,0,0,1,1,0,1,0,1,0,1,0,1,0,1,0,0,0,0,0,1,0.2298268706725963
0,0,0,0,10,1,0,18.85,163.2,0,0,0,0,1,1,0,1,0,1,0,1,0,1,0,1,0,0,0,0,0,1,0.14368329442249403
1,0,0,0,42,1,0,19.8,849.9,0,0,0,0,1,1,0,1,0,1,0,1,0,1,0,1,0,1,0,0,0,0,0.014766692962542929
0,0,0,0,7,0,0,25.05,189.95,0,1,0,0,0,0,0,0,0,0,0,0,0,0,0,0,0,0,0,0,0,0,0.4494678530427751
1,0,0,0,4,1,1,74.8,321.9,1,0,0,1,0,0,0,0,0,0,1,0,0,0,0,0,0,0,0,0,0,0,0.6000969770100896
1,0,1,1,72,1,1,114.3,8058.55,0,0,1,1,0,0,1,0,1,0,1,0,1,0,1,0,1,0,1,1,0,0,0.04210329755421195
0,0,1,0,20,0,1,24.45,482.8,1,1,0,0,0,0,0,0,0,0,0,0,0,0,0,0,0,0,0,0,1,0,0.4299043305895443
1,0,0,0,63,1,0,109.2,7049.75,0,0,0,1,0,0,1,0,1,0,1,0,1,0,1,0,1,0,1,1,0,0,0.038266090826852305
0,0,0,0,56,0,0,45.05,2560.1,0,1,0,0,0,0,1,0,1,0,1,0,1,0,0,0,0,0,1,0,0,0,0.009237304622532467
0,0,0,1,5,1,1,51.0,286.8,0,0,0,0,0,0,0,0,0,0,0,0,1,0,0,0,0,0,0,0,0,1,0.25057259788879155
0,0,1,0,72,1,1,110.45,7982.5,0,0,1,1,0,0,0,0,1,0,1,0,1,0,1,0,1,0,1,0,0,0,0.08861614826898474
1,1,1,1,68,1,1,84.65,5683.6,0,0,1,1,0,0,0,0,1,0,1,0,0,0,0,0,0,0,0,0,1,0,0.2190099843362464
1,0,1,1,67,1,0,60.05,3994.05,0,0,0,0,0,0,1,0,1,0,0,0,1,0,0,0,0,1,0,0,0,1,0.005537744801650591
1,0,1,1,8,1,0,44.65,369.15,0,0,0,0,0,0,0,0,0,0,0,0,0,0,0,0,0,0,0,0,0,0,0.26691176952054024
1,0,1,1,52,1,1,93.25,4631.7,0,0,1,1,0,0,0,0,1,0,0,0,1,0,0,0,1,0,0,0,0,0,0.2105477471235716
0,0,1,1,18,1,1,20.25,401.95,0,0,0,0,1,1,0,1,0,1,0,1,0,1,0,1,0,0,0,0,0,1,0.10972974413080622
0,0,1,1,59,1,0,25.45,1534.05,0,0,1,0,1,1,0,1,0,1,0,1,0,1,0,1,0,0,1,0,0,1,0.004019382653744682
0,0,0,0,60,1,0,20.6,1093.0,0,0,0,0,1,1,0,1,0,1,0,1,0,1,0,1,0,0,1,0,0,1,0.003148388770727143
1,0,0,0,7,1,1,94.1,701.3,0,0,1,1,0,0,0,0,0,0,0,0,0,0,1,0,1,0,0,0,1,0,0.7915201313879001
1,0,1,1,59,0,0,34.8,1980.3,0,1,0,0,0,0,1,0,0,0,1,0,0,0,0,0,0,1,0,0,0,1,0.014715206694102988
1,0,0,0,46,0,1,60.75,2893.4,0,1,0,0,0,0,1,0,0,0,1,0,1,0,1,0,1,0,1,0,0,0,0.040892138795977244
1,0,0,0,5,1,1,51.35,262.3,0,0,0,0,0,0,0,0,1,0,0,0,0,0,0,0,0,0,0,0,1,0,0.42721091158202634
1,1,1,0,59,0,1,64.05,3886.85,0,1,0,0,0,0,1,0,0,0,1,0,1,0,1,0,1,0,1,1,0,0,0.03017843916139108
0,0,1,0,70,1,1,84.8,5917.55,0,0,1,0,0,0,0,0,1,0,1,0,1,0,1,0,1,0,1,0,0,0,0.026202234851720744
0,0,0,0,14,1,1,71.0,914.0,1,0,0,1,0,0,0,0,0,0,0,0,0,0,0,0,0,0,0,1,0,0,0.4779362323360781
0,0,0,0,44,1,1,50.15,2139.1,0,0,1,0,0,0,0,0,0,0,0,0,0,0,0,0,0,0,0,0,0,1,0.123244007678731
0,0,1,0,64,1,1,94.6,5948.7,0,0,1,1,0,0,1,0,0,0,1,0,0,0,1,0,0,0,1,1,0,0,0.06014370054120034
0,0,1,1,58,0,0,59.75,3624.35,0,1,0,0,0,0,1,0,0,0,1,0,1,0,1,0,1,0,1,0,0,1,0.016356213106015906
0,1,1,0,46,1,0,100.25,4753.85,0,0,1,1,0,0,0,0,0,0,0,0,1,0,1,0,1,1,0,0,1,0,0.30058946817896487
1,1,1,0,58,1,1,98.9,5780.7,0,0,1,1,0,0,0,0,1,0,0,0,0,0,1,0,1,0,0,0,1,0,0.5170400976264249
0,0,1,0,72,1,1,97.7,6869.7,0,0,1,1,0,0,0,0,1,0,0,0,0,0,1,0,1,0,1,1,0,0,0.08884114224007116
0,1,0,0,30,0,1,40.3,1172.95,1,1,0,0,0,0,0,0,0,0,1,0,0,0,1,0,0,0,0,0,1,0,0.4367538836404318
1,1,0,0,11,1,0,60.25,662.95,0,0,1,0,0,0,1,0,1,0,0,0,0,0,0,0,0,0,0,0,0,0,0.26363346437694096
0,1,0,0,34,0,1,56.25,1765.95,0,1,0,0,0,0,0,0,1,0,1,0,0,0,1,0,1,0,0,0,1,0,0.45100624067168227
1,0,0,0,54,0,0,46.2,2431.95,0,1,0,0,0,0,1,0,1,0,0,0,0,0,0,0,1,0,1,0,0,0,0.018884769818329275
0,0,0,0,3,0,1,50.6,155.35,1,1,0,0,0,0,0,0,1,0,0,0,0,0,1,0,1,0,0,0,1,0,0.7127933286651873
0,0,1,1,72,1,0,24.9,1859.2,0,0,1,0,1,1,0,1,0,1,0,1,0,1,0,1,0,0,1,0,0,1,0.0020764528047967166
0,0,1,1,40,1,1,84.85,3303.05,1,0,1,1,0,0,0,0,0,0,1,0,1,0,0,0,0,0,0,0,1,0,0.2936918904342695
0,0,1,1,2,1,0,65.7,134.35,1,0,0,0,0,0,0,0,0,0,0,0,0,0,1,0,1,0,0,0,0,1,0.4275787511693667
1,0,1,1,54,1,0,63.35,3409.1,0,0,1,0,0,0,0,0,0,0,1,0,0,0,0,0,1,0,1,1,0,0,0.022761524722102914
0,0,0,0,14,1,0,50.1,709.5,0,0,0,0,0,0,1,0,0,0,0,0,0,0,0,0,0,0,0,0,0,0,0.18071412903510373
0,0,0,0,1,1,0,70.5,70.5,1,0,0,1,0,0,0,0,0,0,0,0,0,0,0,0,0,0,0,0,1,0,0.634383056501591
0,0,0,0,10,1,1,94.85,953.45,1,0,1,1,0,0,0,0,1,0,1,0,0,0,0,0,1,0,0,0,1,0,0.7082993742934156
0,0,0,0,1,1,0,50.15,50.15,0,0,0,0,0,0,1,0,0,0,0,0,0,0,0,0,0,0,0,0,1,0,0.33698056264582427
1,0,0,0,1,1,0,19.75,19.75,1,0,0,0,1,1,0,1,0,1,0,1,0,1,0,1,0,0,0,0,0,1,0.2076448620306938
1,0,0,0,56,1,1,64.65,3665.55,0,0,1,0,0,0,1,0,1,0,0,0,1,0,0,0,0,1,0,0,0,0,0.01945634354379676
0,0,1,0,68,1,1,79.6,5515.8,0,0,0,0,0,0,1,0,1,0,0,0,1,0,1,0,1,0,1,0,0,0,0.013887737623703919
0,0,1,1,14,1,1,19.5,272.0,0,0,0,0,1,1,0,1,0,1,0,1,0,1,0,1,0,1,0,0,0,1,0.0664722482216861
1,0,1,1,68,1,1,99.55,6668.0,0,0,0,1,0,0,1,0,0,0,0,0,1,0,1,0,1,0,1,0,1,0,0.04782332611250683
1,1,1,0,55,1,1,74.0,4052.4,0,0,1,1,0,0,0,0,0,0,0,0,0,0,0,0,0,0,0,0,1,0,0.3466594463035936
0,0,0,0,16,0,1,38.9,664.4,0,1,0,0,0,0,1,0,0,0,0,0,0,0,1,0,0,0,0,0,1,0,0.4363803465623293
1,1,0,0,9,1,1,79.55,718.55,0,0,0,1,0,0,0,0,0,0,0,0,0,0,0,0,1,0,0,0,1,0,0.737167044605042
1,0,1,1,14,1,1,65.45,937.6,1,0,0,0,0,0,1,0,1,0,0,0,0,0,1,0,0,0,0,0,1,0,0.2690894217504692
1,1,1,0,58,1,1,98.7,5812.6,1,0,1,1,0,0,0,0,0,0,1,0,0,0,1,0,1,0,0,0,1,0,0.5448685239951957
1,0,0,0,53,0,1,46.3,2546.85,0,1,0,0,0,0,1,0,1,0,0,0,0,0,0,0,1,0,0,0,0,0,0.09154833702252335
1,0,1,0,70,1,1,99.35,6944.5,0,0,1,1,0,0,1,0,1,0,1,0,0,0,1,0,0,0,1,1,0,0,0.04968548556304731
0,1,1,1,14,1,1,95.8,1346.3,0,0,1,1,0,0,0,0,0,0,0,0,0,0,1,0,1,0,0,0,1,0,0.7730442874313197
1,0,1,1,22,1,1,67.5,1544.05,1,0,0,0,0,0,1,0,0,0,1,0,1,0,1,0,0,1,0,0,0,0,0.06899936411441122
0,0,1,0,10,1,1,78.15,765.15,0,0,1,1,0,0,1,0,0,0,0,0,0,0,0,0,0,0,0,1,0,0,0.48731649549623657
0,0,1,1,29,1,0,26.1,692.55,0,0,1,0,1,1,0,1,0,1,0,1,0,1,0,1,0,0,1,0,0,1,0.017883470275872903
0,0,0,0,1,1,1,69.6,69.6,1,0,0,1,0,0,0,0,0,0,0,0,0,0,0,0,0,0,0,0,1,0,0.6969513183565529
1,0,1,0,49,1,0,84.35,4059.35,1,0,1,0,0,0,1,0,0,0,1,0,1,0,1,0,1,1,0,0,1,0,0.05919443931533706
0,1,1,0,68,1,1,100.2,6851.65,1,0,1,1,0,0,0,0,1,0,0,0,0,0,1,0,1,0,0,0,1,0,0.4566098312174908
0,0,0,0,1,1,0,78.05,78.05,1,0,0,1,0,0,0,0,0,0,0,0,0,0,1,0,0,0,0,0,1,0,0.6909131704355189
0,0,0,0,30,0,1,40.35,1187.05,0,1,0,0,0,0,0,0,0,0,0,0,1,0,0,0,1,1,0,1,0,0,0.11456444329313939
0,0,1,0,72,1,0,79.2,5401.9,0,0,1,0,0,0,1,0,1,0,1,0,1,0,1,0,0,0,1,1,0,0,0.006823995925677387
0,0,0,0,10,1,1,20.9,247.0,0,0,0,0,1,1,0,1,0,1,0,1,0,1,0,1,0,0,0,0,0,1,0.1815177078801705
1,0,0,0,7,1,0,73.6,520.0,1,0,1,1,0,0,0,0,0,0,0,0,0,0,0,0,0,0,0,0,1,0,0.6315563364943259
0,0,0,0,9,1,1,74.75,706.6,1,0,1,1,0,0,0,0,0,0,0,0,0,0,0,0,0,0,0,0,1,0,0.6841133591359606
0,0,0,1,1,1,0,49.9,49.9,0,0,0,0,0,0,1,0,0,0,0,0,0,0,0,0,0,0,0,0,0,1,0.22794868227173565
0,0,0,0,20,1,1,68.9,1370.35,0,0,1,0,0,0,0,0,1,0,0,0,1,0,0,0,1,0,0,1,0,0,0.24196961008437487
0,0,0,0,1,1,1,20.25,20.25,0,0,0,0,1,1,0,1,0,1,0,1,0,1,0,1,0,0,0,0,0,1,0.26154515184588717
0,0,0,0,29,1,1,76.0,2215.25,0,0,1,1,0,0,0,0,0,0,0,0,0,0,0,0,0,0,0,1,0,0,0.41177271409722965
1,0,0,0,1,1,0,74.0,74.0,0,0,0,1,0,0,0,0,0,0,0,0,1,0,0,0,0,0,0,0,1,0,0.5277018188233612
1,0,0,0,3,1,1,82.3,214.4,0,0,0,1,0,0,1,0,0,0,0,0,1,0,0,0,0,0,0,0,0,1,0.37781747815051453
0,0,0,0,20,1,1,89.4,1871.15,0,0,0,1,0,0,1,0,0,0,1,0,0,0,1,0,0,0,0,0,0,0,0.43811671687894965
1,0,0,1,64,1,1,99.15,6171.2,0,0,0,1,0,0,0,0,1,0,0,0,1,0,1,0,1,0,0,1,0,0,0.14972684843309733
1,0,0,0,1,1,1,20.2,20.2,1,0,0,0,1,1,0,1,0,1,0,1,0,1,0,1,0,0,0,0,0,1,0.2553689749970723
0,0,0,0,6,0,0,29.45,161.45,0,1,0,0,0,0,1,0,0,0,0,0,0,0,0,0,0,0,0,0,0,0,0.35544020677588684
1,0,1,0,50,1,0,19.8,1013.2,0,0,0,0,1,1,0,1,0,1,0,1,0,1,0,1,0,0,1,0,1,0,0.007843376991411438
1,0,0,0,6,1,1,59.15,336.7,0,0,0,0,0,0,1,0,0,0,0,0,0,0,0,0,1,0,0,0,0,0,0.340854933584445
1,0,1,1,7,1,0,44.75,333.65,0,0,0,0,0,0,0,0,0,0,0,0,0,0,0,0,0,0,0,0,1,0,0.3332910167198117
1,0,1,1,72,1,1,90.8,6511.8,0,0,1,1,0,0,0,0,0,0,1,0,0,0,0,0,1,0,1,1,0,0,0.054898200442851555
1,0,1,0,8,1,1,49.55,393.45,0,0,0,0,0,0,0,0,1,0,0,0,0,0,0,0,0,0,0,0,0,0,0.3468066742345672
0,0,1,1,67,1,0,106.7,7009.5,0,0,1,1,0,0,1,0,0,0,0,0,1,0,1,0,1,0,1,1,0,0,0.03663546384652756
0,1,1,0,24,1,1,93.55,2264.05,1,0,1,1,0,0,0,0,0,0,0,0,0,0,1,0,1,0,0,0,1,0,0.7607294870847101
0,0,1,0,72,1,1,94.45,6921.7,0,0,1,1,0,0,1,0,1,0,0,0,0,0,0,0,1,0,1,1,0,0,0.04721571452040895
1,0,1,1,33,1,1,19.45,600.25,0,0,0,0,1,1,0,1,0,1,0,1,0,1,0,1,0,1,0,0,0,0,0.025630131568054406
1,0,0,0,2,0,1,25.05,56.35,1,1,0,0,0,0,0,0,0,0,0,0,0,0,0,0,0,0,0,0,1,0,0.63686561980768
1,0,1,0,70,1,0,67.95,4664.15,0,0,0,0,0,0,1,0,1,0,0,0,1,0,0,0,1,0,1,0,0,1,0.005399151934726702
0,0,0,0,22,1,0,65.25,1441.8,0,0,0,0,0,0,0,0,1,0,1,0,0,0,1,0,0,1,0,0,0,0,0.12100745867058713
0,0,0,0,59,1,1,99.45,5623.7,0,0,1,1,0,0,1,0,1,0,1,0,0,0,0,0,1,0,0,0,0,0,0.21601773305953406
1,0,0,0,36,1,1,20.35,695.85,0,0,0,0,1,1,0,1,0,1,0,1,0,1,0,1,0,1,0,1,0,0,0.022874870712049144
0,0,1,1,51,1,0,19.95,1028.75,0,0,0,0,1,1,0,1,0,1,0,1,0,1,0,1,0,0,1,0,0,1,0.004457252009361742
1,0,1,0,53,1,0,77.4,4155.95,0,0,1,0,0,0,1,0,0,0,1,0,1,0,1,0,0,1,0,0,0,0,0.0288549105478599
0,0,1,1,20,1,0,19.7,395.6,0,0,0,0,1,1,0,1,0,1,0,1,0,1,0,1,0,1,0,0,0,0,0.040066748831877906
1,0,1,0,63,1,0,99.7,6330.4,0,0,0,1,0,0,1,0,0,0,1,0,0,0,1,0,1,0,1,1,0,0,0.05446261544154966
0,0,0,0,40,1,0,74.8,2971.7,0,0,0,1,0,0,0,0,1,0,0,0,0,0,0,0,0,0,0,1,0,0,0.2014960805928726
1,0,0,0,35,1,1,19.15,638.0,0,0,0,0,1,1,0,1,0,1,0,1,0,1,0,1,0,1,0,0,0,1,0.02583109410848254
1,0,1,1,26,1,0,78.95,2034.25,0,0,0,1,0,0,0,0,0,0,0,0,0,0,0,0,1,1,0,0,0,0,0.21626202650167956
1,1,1,0,27,1,1,95.55,2510.2,1,0,1,1,0,0,0,0,1,0,1,0,0,0,0,0,1,0,0,0,1,0,0.6525531793925994
1,0,0,1,53,1,0,62.85,3419.5,0,0,0,0,0,0,1,0,1,0,0,0,1,0,0,0,0,1,0,1,0,0,0.00911750705619099
1,1,1,0,34,1,0,71.55,2427.35,0,0,0,1,0,0,0,0,0,0,0,0,0,0,0,0,0,0,0,1,0,0,0.30845612966592334
0,1,1,0,19,1,1,94.95,1760.25,0,0,1,1,0,0,0,0,0,0,0,0,0,0,1,0,1,0,0,0,1,0,0.7831016137310567
1,0,1,0,43,1,1,86.1,3551.65,0,0,0,1,0,0,1,0,1,0,1,0,0,0,0,0,0,0,0,1,0,0,0.17215801111044632
1,0,1,1,6,1,0,19.55,122.9,0,0,0,0,1,1,0,1,0,1,0,1,0,1,0,1,0,0,0,0,0,1,0.14557288725991038
1,0,0,1,56,1,1,24.8,1424.2,0,0,1,0,1,1,0,1,0,1,0,1,0,1,0,1,0,0,1,0,0,1,0.005643517130174948
1,0,0,0,57,0,1,39.3,2111.45,1,1,0,0,0,0,0,0,1,0,0,0,0,0,1,0,0,0,0,0,1,0,0.12525605734423267
1,0,1,1,34,1,1,84.05,2909.95,0,0,0,1,0,0,0,0,0,0,1,0,0,0,1,0,0,0,0,0,0,1,0.3626016656257548
0,0,0,0,10,0,0,36.25,374.0,0,1,0,0,0,0,0,0,1,0,0,0,1,0,0,0,0,0,0,0,1,0,0.3517686373287051
0,0,0,0,1,1,1,20.25,20.25,1,0,0,0,1,1,0,1,0,1,0,1,0,1,0,1,0,0,0,0,0,1,0.26154515184588717
0,0,0,0,13,0,1,23.9,300.8,1,1,0,0,0,0,0,0,0,0,0,0,0,0,0,0,0,0,0,0,1,0,0.5078138329759819
1,0,0,0,56,1,0,98.6,5581.05,0,0,1,1,0,0,0,0,1,0,0,0,0,0,1,0,1,0,0,0,1,0,0.38829188433715195
0,0,1,0,55,1,1,103.65,5676.65,0,0,1,1,0,0,0,0,1,0,1,0,0,0,1,0,1,0,0,1,0,0,0.3934460040486821
0,0,1,1,36,1,1,92.9,3379.25,0,0,1,0,0,0,1,0,1,0,1,0,1,0,1,0,1,0,1,1,0,0,0.03871711567654088
1,0,1,0,47,1,0,19.9,942.95,0,0,0,0,1,1,0,1,0,1,0,1,0,1,0,1,0,1,0,0,0,0,0.01190518450141594
0,0,1,1,12,1,1,20.1,232.4,0,0,0,0,1,1,0,1,0,1,0,1,0,1,0,1,0,0,0,1,0,0,0.1345444674096463
0,0,0,0,1,1,1,85.45,85.45,1,0,0,1,0,0,0,0,0,0,1,0,0,0,1,0,0,0,0,0,1,0,0.7376568770234209
1,1,0,0,24,1,1,80.5,2088.45,0,0,1,1,0,0,0,0,1,0,0,0,0,0,0,0,0,0,0,0,1,0,0.6005670860408313
0,0,0,0,63,1,0,99.9,6137.0,1,0,1,1,0,0,0,0,1,0,0,0,0,0,1,0,1,1,0,0,0,0,0.15452967594337458
0,1,0,0,35,0,1,39.85,1434.6,0,1,0,0,0,0,0,0,0,0,1,0,0,0,1,0,0,0,0,0,1,0,0.3858123381916654
0,0,0,0,67,1,0,60.5,3870.0,0,0,0,0,0,0,1,0,1,0,0,0,1,0,0,0,0,1,0,1,0,0,0.006042397520911798
1,0,0,0,25,1,1,84.8,2043.45,1,0,1,1,0,0,0,0,0,0,0,0,0,0,0,0,1,0,0,0,1,0,0.6103560627381837
1,0,0,0,21,1,0,103.85,2215.0,0,0,1,1,0,0,1,0,0,0,1,0,0,0,1,0,1,0,0,0,0,1,0.4755642549090445
0,0,0,0,13,1,0,67.8,842.25,0,0,0,0,0,0,1,0,1,0,0,0,1,0,0,0,1,0,0,0,0,0,0.155634157076893
1,0,1,0,35,1,1,75.2,2576.2,1,0,1,1,0,0,0,0,0,0,0,0,0,0,0,0,0,0,0,0,1,0,0.4558551098105384
1,1,1,0,71,1,0,24.85,1901.0,0,0,1,0,1,1,0,1,0,1,0,1,0,1,0,1,0,0,1,0,0,0,0.003685068512344874
0,0,0,0,29,1,0,19.35,601.6,0,0,0,0,1,1,0,1,0,1,0,1,0,1,0,1,0,0,0,1,0,0,0.05474694161293864
1,0,1,0,71,0,0,49.35,3515.25,1,1,0,0,0,0,0,0,1,0,0,0,0,0,1,0,1,0,1,0,1,0,0.02636201787066044
1,1,1,0,7,1,1,89.0,605.45,0,0,0,1,0,0,0,0,0,0,0,0,0,0,1,0,1,0,0,0,1,0,0.8016289013159523
0,1,0,0,57,0,1,55.0,3094.05,0,1,0,0,0,0,0,0,1,0,1,0,0,0,1,0,1,0,0,0,1,0,0.24319707863777446
1,0,1,0,65,1,0,76.15,4929.55,0,0,1,0,0,0,1,0,0,0,1,0,1,0,0,0,1,0,1,0,0,0,0.011042007814877589
1,0,0,0,27,1,0,20.3,595.05,0,0,0,0,1,1,0,1,0,1,0,1,0,1,0,1,0,1,0,0,0,1,0.030608507000816944
1,0,0,0,6,1,1,74.9,469.8,1,0,1,1,0,0,0,0,0,0,0,0,0,0,0,0,0,0,0,0,1,0,0.6991224748006118
0,1,0,0,72,1,1,117.35,8436.25,0,0,1,1,0,0,1,0,1,0,1,0,1,0,1,0,1,0,1,1,0,0,0.07063057662813682
1,0,0,0,1,1,1,19.75,19.75,0,0,0,0,1,1,0,1,0,1,0,1,0,1,0,1,0,0,0,0,0,1,0.25617824462495636
1,0,0,0,11,1,0,45.2,492.0,0,0,0,0,0,0,0,0,0,0,0,0,0,0,0,0,0,0,0,1,0,0,0.24691404574372794
1,0,1,1,39,1,0,25.2,987.95,0,0,1,0,1,1,0,1,0,1,0,1,0,1,0,1,0,0,1,0,0,1,0.01067036514796438
0,1,0,0,59,1,1,89.75,5496.9,0,0,1,1,0,0,1,0,1,0,1,0,0,0,0,0,0,0,0,0,1,0,0.2601453591714315
1,0,0,0,26,1,0,75.0,1908.35,0,0,0,0,0,0,1,0,0,0,0,0,1,0,1,0,1,1,0,0,0,0,0.06988330329042522
1,1,0,0,2,1,0,49.95,107.1,0,0,0,0,0,0,0,0,0,0,1,0,0,0,0,0,0,0,0,0,0,1,0.4035894339022836
0,0,1,1,72,0,0,65.7,4575.35,0,1,0,0,0,0,1,0,1,0,1,0,1,0,1,0,1,0,1,0,0,0,0.008956918486000793
1,0,1,0,65,1,0,67.05,4309.55,0,0,1,0,0,0,1,0,1,0,1,0,0,0,0,0,0,1,0,1,0,0,0.014347559693330651
1,0,1,1,72,1,0,110.9,7922.75,0,0,1,1,0,0,0,0,1,0,1,0,1,0,1,0,1,0,1,1,0,0,0.04713147289293617
1,0,0,0,6,1,1,87.95,522.35,0,0,1,1,0,0,0,0,0,0,0,0,1,0,0,0,1,0,0,0,0,0,0.605739920678662
1,1,0,0,32,1,0,19.8,587.7,0,0,0,0,1,1,0,1,0,1,0,1,0,1,0,1,0,1,0,1,0,0,0.02766475435507322
0,0,1,0,50,1,0,75.7,3876.2,0,0,1,0,0,0,0,0,0,0,1,0,0,0,1,0,1,1,0,0,0,0,0.09451956948745985
1,0,1,0,61,0,1,62.15,3778.85,0,1,0,0,0,0,1,0,0,0,1,0,1,0,1,0,1,0,1,0,0,1,0.022075248681686015
0,0,0,0,15,1,1,101.25,1457.25,1,0,0,1,0,0,0,0,1,0,1,0,0,0,1,0,1,0,0,0,1,0,0.6772848060900917
1,0,1,0,72,1,0,115.15,8349.45,0,0,1,1,0,0,1,0,1,0,1,0,1,0,1,0,1,0,1,0,0,0,0.048809196844244264
1,0,0,0,9,1,1,18.95,185.6,1,0,0,0,1,1,0,1,0,1,0,1,0,1,0,1,0,0,0,0,0,1,0.18549427501856128
0,0,0,0,1,1,0,19.5,19.5,0,0,0,0,1,1,0,1,0,1,0,1,0,1,0,1,0,0,0,0,0,1,0.21347246787637617
0,0,0,0,12,1,1,86.55,1066.9,0,0,1,1,0,0,0,0,0,0,0,0,0,0,0,0,1,0,0,0,1,0,0.7176134300030046
0,0,0,0,37,0,0,28.6,973.55,1,1,0,0,0,0,0,0,0,0,0,0,1,0,0,0,0,0,0,1,0,0,0.09350087238049476
1,0,1,1,61,1,0,20.4,1226.45,0,0,0,0,1,1,0,1,0,1,0,1,0,1,0,1,0,1,0,0,0,1,0.004325317715571009
1,0,1,1,18,1,0,19.8,342.3,0,0,0,0,1,1,0,1,0,1,0,1,0,1,0,1,0,1,0,0,0,0,0.04276784134888571
1,0,0,1,21,1,0,45.65,985.05,0,0,0,0,0,0,0,0,0,0,0,0,0,0,0,0,0,0,0,0,0,1,0.15374628950071986
1,0,1,1,68,0,1,56.4,3948.45,0,1,0,0,0,0,1,0,1,0,1,0,1,0,0,0,1,0,1,0,0,1,0.008897508307947164
1,1,0,0,12,1,1,73.3,828.05,0,0,1,1,0,0,0,0,0,0,0,0,0,0,0,0,0,0,0,1,0,0,0.6166747283936794
0,1,0,0,2,0,0,24.35,41.85,1,1,0,0,0,0,0,0,0,0,0,0,0,0,0,0,0,0,0,0,1,0,0.6418841435326039
0,0,1,0,62,1,1,101.35,6164.7,0,0,1,1,0,0,0,0,0,0,1,0,0,0,1,0,1,0,0,0,1,0,0.4498254951634634
0,1,0,0,29,1,0,98.65,2862.75,1,0,1,1,0,0,0,0,0,0,0,0,1,0,1,0,1,0,0,0,1,0,0.5740153852924978
1,0,0,1,1,0,0,33.6,33.6,0,1,0,0,0,0,0,0,1,0,0,0,1,0,0,0,0,0,0,0,0,1,0.3237369400828053
1,1,1,0,5,1,1,79.9,343.95,1,0,1,1,0,0,0,0,0,0,1,0,0,0,0,0,0,0,0,0,0,0,0.7068932987098001
0,0,0,0,1,1,0,20.7,20.7,0,0,0,0,1,1,0,1,0,1,0,1,0,1,0,1,0,0,0,0,1,0,0.2712603426338778
1,0,0,1,62,1,1,104.05,6590.5,0,0,1,1,0,0,0,0,0,0,1,0,1,0,1,0,1,0,1,0,1,0,0.11295503900944244
0,0,1,1,36,1,0,20.25,717.95,0,0,0,0,1,1,0,1,0,1,0,1,0,1,0,1,0,0,1,0,0,0,0.010312262825531212
0,1,0,0,28,1,1,103.3,2890.65,1,0,1,1,0,0,0,0,0,0,1,0,1,0,1,0,1,0,0,0,1,0,0.6501777701378785
0,0,1,1,69,1,0,73.7,4885.85,0,0,1,0,0,0,1,0,1,0,0,0,1,0,1,0,0,1,0,1,0,0,0.00979959326338016
0,0,1,0,11,1,1,96.2,1222.05,1,0,1,1,0,0,1,0,0,0,0,0,1,0,1,0,0,0,0,1,0,0,0.4512595953850957
0,0,1,0,63,1,1,108.75,6871.7,0,0,1,1,0,0,0,0,1,0,1,0,1,0,1,0,1,0,0,0,1,0,0.3625481466131431
1,0,0,0,23,1,0,20.15,405.6,0,0,0,0,1,1,0,1,0,1,0,1,0,1,0,1,0,1,0,0,0,0,0.038476981299108204
1,0,0,0,10,1,0,19.75,208.25,0,0,0,0,1,1,0,1,0,1,0,1,0,1,0,1,0,0,0,1,0,0,0.1319000530336712
0,0,1,0,71,1,1,25.95,1801.9,0,0,1,0,1,1,0,1,0,1,0,1,0,1,0,1,0,0,1,1,0,0,0.003256653623041675
0,1,0,0,45,1,1,70.05,3062.45,0,0,1,0,0,0,1,0,0,0,0,0,1,0,0,0,1,0,0,0,1,0,0.14460030306698582
0,0,1,1,70,1,0,24.05,1764.75,0,0,1,0,1,1,0,1,0,1,0,1,0,1,0,1,0,0,1,0,0,1,0.0022884258570385427
0,0,0,1,22,1,1,84.75,1816.75,0,0,1,1,0,0,0,0,0,0,0,0,0,0,0,0,1,0,0,0,1,0,0.5917827759367991
0,0,1,1,52,1,0,23.05,1255.1,0,0,1,0,1,1,0,1,0,1,0,1,0,1,0,1,0,0,1,0,0,1,0.00570076686517604
1,0,1,0,55,1,1,104.15,5743.05,1,0,1,1,0,0,0,0,0,0,1,0,1,0,1,0,1,1,0,0,1,0,0.2489839966123077
0,0,0,0,65,0,0,59.95,3921.1,0,1,0,0,0,0,1,0,0,0,1,0,1,0,1,0,1,0,1,1,0,0,0.013080189320305097
0,0,1,1,72,1,0,19.55,1463.45,0,0,0,0,1,1,0,1,0,1,0,1,0,1,0,1,0,0,1,0,0,0,0.0015718521740422764
1,0,1,0,10,1,0,19.6,189.45,0,0,0,0,1,1,0,1,0,1,0,1,0,1,0,1,0,1,0,0,0,0,0.07852204328066728
0,0,0,1,7,1,0,20.05,96.8,0,0,0,0,1,1,0,1,0,1,0,1,0,1,0,1,0,1,0,0,0,1,0.06846026438499438
1,1,0,0,5,1,1,85.55,408.5,0,0,0,1,0,0,0,0,1,0,0,0,0,0,0,0,1,0,0,0,1,0,0.7388405937853986
0,0,1,1,24,1,0,78.6,1846.65,0,0,1,0,0,0,1,0,0,0,1,0,0,0,1,0,1,0,1,1,0,0,0.06546146391494342
0,0,1,1,72,1,1,116.8,8456.75,0,0,1,1,0,0,1,0,1,0,1,0,1,0,1,0,1,0,1,1,0,0,0.04768377120130748
1,0,0,0,21,0,1,43.55,1011.5,0,1,0,0,0,0,1,0,0,0,0,0,1,0,1,0,0,0,0,0,0,1,0.22717478950609452
1,0,1,0,69,0,1,60.8,4263.4,0,1,0,0,0,0,0,0,1,0,1,0,1,0,1,0,1,1,0,1,0,0,0.035205953794956855
1,0,1,1,44,1,1,54.9,2549.1,0,0,0,0,0,0,0,0,1,0,0,0,1,0,0,0,0,0,0,0,0,0,0.060503389412727315
0,1,1,1,61,1,1,65.2,3965.05,0,0,1,0,0,0,0,0,0,0,1,0,0,0,1,0,0,1,0,0,1,0,0.07334879556620218
1,1,0,0,24,1,1,102.95,2496.7,1,0,1,1,0,0,0,0,1,0,1,0,0,0,1,0,1,0,0,1,0,0,0.6473963694723366
0,0,0,0,1,1,0,90.6,90.6,1,0,0,1,0,0,0,0,0,0,0,0,0,0,1,0,1,0,0,0,1,0,0.7364393827523182
0,0,0,0,6,1,1,50.8,288.05,1,0,0,0,0,0,0,0,0,0,0,0,1,0,0,0,0,0,0,0,0,0,0.29388796625739916
1,0,0,0,4,1,1,90.05,368.1,1,0,1,1,0,0,0,0,1,0,0,0,0,0,0,0,1,0,0,0,1,0,0.740778405392513
1,0,1,0,72,1,1,108.2,7840.6,0,0,1,1,0,0,0,0,1,0,1,0,1,0,1,0,1,0,1,0,1,0,0.10764318176600278
1,0,0,0,72,1,0,92.0,6632.75,0,0,1,0,0,0,1,0,1,0,1,0,1,0,1,0,1,0,1,0,0,0,0.01287411244099036
1,1,1,0,14,1,1,75.1,1013.35,0,0,1,1,0,0,0,0,0,0,0,0,0,0,0,0,0,0,0,0,1,0,0.6994555085202436
1,0,0,0,7,1,1,25.05,152.95,0,0,1,0,1,1,0,1,0,1,0,1,0,1,0,1,0,0,0,0,0,0,0.24854826605941913
0,0,0,0,48,1,0,75.15,3772.65,0,0,0,1,0,0,0,0,1,0,0,0,0,0,0,0,0,1,0,0,1,0,0.12338330253517578
1,0,1,1,55,1,0,19.5,1026.35,0,0,0,0,1,1,0,1,0,1,0,1,0,1,0,1,0,1,0,0,0,1,0.0058393604730177
1,0,0,0,1,1,0,19.3,19.3,0,0,0,0,1,1,0,1,0,1,0,1,0,1,0,1,0,0,0,1,0,0,0.1967887217804455
1,0,0,0,45,1,0,112.2,5031.85,0,0,0,1,0,0,1,0,1,0,1,0,1,0,1,0,1,1,0,1,0,0,0.09343003621074596
1,0,0,0,3,1,1,70.3,220.4,0,0,0,1,0,0,0,0,0,0,0,0,0,0,0,0,0,0,0,0,0,1,0.5972969771827973
0,0,1,0,71,1,0,19.6,1416.5,0,0,0,0,1,1,0,1,0,1,0,1,0,1,0,1,0,0,1,0,0,1,0.0019289224953759061
1,0,1,0,8,1,0,20.25,158.35,0,0,0,0,1,1,0,1,0,1,0,1,0,1,0,1,0,0,0,0,0,1,0.1590266303093416
0,0,1,0,3,1,1,75.85,256.6,1,0,1,1,0,0,0,0,0,0,0,0,0,0,0,0,0,0,0,0,1,0,0.7364599161771066
1,0,1,1,69,1,0,80.65,5542.55,0,0,0,0,0,0,1,0,1,0,0,0,1,0,1,0,1,0,1,0,0,0,0.007782336765316565
1,0,1,1,1,1,1,68.5,68.5,1,0,0,1,0,0,0,0,0,0,0,0,0,0,0,0,0,0,0,0,1,0,0.6551018564100023
0,1,1,0,72,1,1,115.75,8443.7,0,0,1,1,0,0,1,0,1,0,1,0,1,0,1,0,1,0,1,1,0,0,0.07517160120086507
1,0,0,0,11,1,1,73.5,791.75,1,0,0,1,0,0,1,0,0,0,0,0,0,0,0,0,0,0,0,0,1,0,0.4983121210867168
1,0,0,0,71,1,0,80.6,5708.2,0,0,1,0,0,0,1,0,1,0,1,0,1,0,0,0,1,0,1,0,0,0,0.008348775735385196
0,0,0,0,1,1,1,69.95,69.95,1,0,0,1,0,0,0,0,0,0,0,0,0,0,0,0,0,0,0,0,0,1,0.6229987528112849
0,0,1,0,33,0,0,59.55,2016.3,0,1,0,0,0,0,1,0,0,0,1,0,1,0,1,0,1,0,1,0,0,0,0.055414152533746215
0,0,0,0,16,1,0,19.05,326.65,0,0,0,0,1,1,0,1,0,1,0,1,0,1,0,1,0,1,0,0,0,1,0.05502383473877266
0,1,1,0,56,1,0,95.65,5471.75,0,0,1,1,0,0,1,0,1,0,1,0,1,0,0,0,0,1,0,0,1,0,0.09245716434897262
0,0,0,0,1,1,0,19.95,19.95,0,0,0,0,1,1,0,1,0,1,0,1,0,1,0,1,0,0,0,1,0,0,0.20102035178183922
1,0,0,0,5,1,1,70.05,346.4,1,0,0,0,0,0,0,0,0,0,1,0,0,0,1,0,1,0,0,0,1,0,0.5784825995818694
1,0,1,1,57,1,0,19.4,1061.6,0,0,0,0,1,1,0,1,0,1,0,1,0,1,0,1,0,1,0,0,0,1,0.0052536559596809244
1,0,1,1,56,0,1,36.1,1971.5,0,1,0,0,0,0,0,0,1,0,1,0,0,0,0,0,0,1,0,1,0,0,0.028893398886857533
1,0,0,0,8,1,1,94.0,773.65,1,0,1,1,0,0,0,0,1,0,1,0,0,0,1,0,0,0,0,0,1,0,0.7127224397515245
0,0,1,1,22,1,0,61.15,1422.05,1,0,0,0,0,0,1,0,1,0,1,0,0,0,0,0,0,0,0,0,0,1,0.10456833897804457
0,0,0,0,1,1,0,19.75,19.75,0,0,0,0,1,1,0,1,0,1,0,1,0,1,0,1,0,0,0,0,0,1,0.2130761697596266
0,0,0,1,40,1,1,64.1,2460.35,0,0,0,0,0,0,1,0,0,0,0,0,1,0,1,0,0,0,0,1,0,0,0.058957079824920294
1,0,1,1,46,1,0,19.75,856.5,0,0,0,0,1,1,0,1,0,1,0,1,0,1,0,1,0,0,1,1,0,0,0.005124009569382108
1,0,1,1,63,1,0,19.7,1275.85,0,0,0,0,1,1,0,1,0,1,0,1,0,1,0,1,0,0,1,0,0,1,0.002301987029062561
1,0,1,1,68,1,1,110.2,7467.5,0,0,1,1,0,0,1,0,1,0,1,0,0,0,1,0,1,0,1,0,1,0,0.09479719222839329
1,0,1,1,69,1,1,106.35,7261.75,0,0,0,1,0,0,1,0,1,0,0,0,1,0,1,0,1,0,1,1,0,0,0.03206428567578117
0,0,1,0,56,1,0,90.55,5116.6,0,0,1,1,0,0,0,0,1,0,1,0,1,0,0,0,0,0,0,0,1,0,0.18986135278365018
0,0,1,1,10,1,1,65.9,660.05,0,0,0,0,0,0,0,0,1,0,1,0,0,0,0,0,1,1,0,0,0,1,0.18901166511634382
1,0,0,0,63,1,0,104.5,6590.8,0,0,1,1,0,0,1,0,1,0,1,0,1,0,1,0,0,1,0,1,0,0,0.054332435789352866
0,0,1,1,24,0,1,52.5,1208.15,0,1,0,0,0,0,1,0,1,0,1,0,1,0,0,0,1,0,1,0,0,1,0.052925173139297434
0,0,0,0,19,1,1,56.1,1033.9,0,0,1,0,0,0,0,0,0,0,1,0,0,0,0,0,0,0,0,0,0,1,0.29800021468027416
1,0,1,1,22,1,1,88.75,1885.15,0,0,1,1,0,0,0,0,0,0,1,0,0,0,1,0,0,0,0,0,1,0,0.5936148937153027
1,0,1,0,29,1,1,84.45,2467.1,1,0,1,1,0,0,1,0,1,0,0,0,0,0,0,0,0,0,0,0,1,0,0.3964611937272723
1,0,1,0,13,1,1,75.3,989.45,1,0,1,0,0,0,0,0,0,0,1,0,0,0,1,0,1,1,0,0,0,1,0.3158601937721749
0,0,1,0,70,1,1,26.0,2006.95,0,0,1,0,1,1,0,1,0,1,0,1,0,1,0,1,0,0,1,0,0,0,0.004179046565211997
0,0,1,0,49,1,0,99.4,5025.0,0,0,0,1,0,0,0,0,1,0,1,0,0,0,1,0,1,0,0,0,1,0,0.4064717035786005
0,1,1,0,43,1,1,109.55,4830.25,1,0,1,1,0,0,1,0,0,0,1,0,1,0,1,0,1,1,0,0,0,1,0.2382402155645037
0,0,0,0,3,1,1,19.6,59.75,1,0,0,0,1,1,0,1,0,1,0,1,0,1,0,1,0,0,0,0,0,1,0.24276635671534755
1,0,1,1,42,1,0,73.15,3088.25,0,0,0,0,0,0,0,0,0,0,1,0,1,0,1,0,1,1,0,0,1,0,0.06743813836903015
1,0,0,0,57,1,1,54.65,3134.7,0,0,0,0,0,0,0,0,1,0,0,0,1,0,0,0,0,1,0,0,0,1,0.018543553811824265
1,1,0,0,2,1,0,66.4,94.55,1,0,0,0,0,0,1,0,0,0,1,0,0,0,1,0,0,0,0,0,0,0,0.3606470181823033
0,0,1,0,72,1,1,115.55,8312.4,0,0,1,1,0,0,1,0,1,0,1,0,1,0,1,0,1,0,1,1,0,0,0.056891075633381104
0,1,0,0,46,1,1,104.45,4863.85,0,0,1,1,0,0,0,0,1,0,1,0,0,0,1,0,1,0,0,0,1,0,0.6108768766961241
1,1,1,0,66,1,1,100.05,6871.9,1,0,1,1,0,0,0,0,0,0,0,0,1,0,1,0,1,0,0,1,0,0,0.3142825949433366
1,0,0,0,62,1,0,102.0,6529.25,1,0,1,1,0,0,1,0,1,0,0,0,1,0,0,0,1,1,0,0,1,0,0.08298511571157581
0,0,1,0,72,1,1,91.15,6637.9,0,0,1,0,0,0,1,0,1,0,1,0,1,0,1,0,1,0,1,0,0,0,0.01844328503332102
1,0,1,1,35,1,1,89.7,3165.6,0,0,0,1,0,0,0,0,1,0,0,0,1,0,1,0,0,1,0,0,1,0,0.1825115063662256
1,0,1,0,17,1,0,90.2,1454.15,1,0,1,1,0,0,1,0,1,0,1,0,0,0,0,0,0,0,0,1,0,0,0.3264642522527148
0,0,1,0,72,1,1,92.4,6786.1,0,0,1,0,0,0,1,0,1,0,1,0,1,0,1,0,1,0,1,0,1,0,0.024809708663842238
0,0,1,1,28,1,0,19.9,543.0,0,0,0,0,1,1,0,1,0,1,0,1,0,1,0,1,0,1,0,0,0,1,0.025020011014564823
1,0,1,0,56,1,1,25.15,1327.15,1,0,1,0,1,1,0,1,0,1,0,1,0,1,0,1,0,0,1,1,0,0,0.006635397863350011
0,0,0,0,31,1,1,79.85,2404.15,1,0,1,1,0,0,0,0,0,0,0,0,1,0,0,0,0,0,0,1,0,0,0.3039064978390024
1,0,0,0,45,1,0,18.85,867.3,0,0,0,0,1,1,0,1,0,1,0,1,0,1,0,1,0,1,0,0,0,0,0.012579860350650784
0,0,0,0,1,1,1,25.75,25.75,0,0,1,0,1,1,0,1,0,1,0,1,0,1,0,1,0,0,0,0,0,1,0.30519626451631876
0,0,0,0,2,1,1,49.6,114.7,1,0,0,0,0,0,0,0,1,0,0,0,0,0,0,0,0,0,0,0,0,1,0.3920223683546523
0,0,0,0,6,1,1,20.95,109.5,0,0,0,0,1,1,0,1,0,1,0,1,0,1,0,1,0,0,0,0,0,1,0.21205381244411925
0,0,1,0,48,1,1,97.05,4692.95,0,0,0,1,0,0,0,0,1,0,1,0,0,0,1,0,1,1,0,0,1,0,0.29371674531307107
1,0,1,1,25,1,1,25.4,546.85,0,0,1,0,1,1,0,1,0,1,0,1,0,1,0,1,0,0,0,0,0,0,0.09791331066622629
1,0,1,1,64,1,1,19.7,1274.05,0,0,0,0,1,1,0,1,0,1,0,1,0,1,0,1,0,0,1,0,0,0,0.003016553926810154
1,0,0,0,50,0,1,35.0,1782.4,0,1,0,0,0,0,1,0,1,0,0,0,0,0,0,0,0,0,0,0,0,1,0.0665539393374797
0,0,1,1,52,1,0,101.25,5301.1,0,0,1,1,0,0,0,0,0,0,1,0,0,0,1,0,1,1,0,0,0,0,0.19967028191081126
1,1,1,0,4,1,1,70.2,280.35,0,0,0,1,0,0,0,0,0,0,0,0,0,0,0,0,0,0,0,0,1,0,0.7292853261498358
0,1,0,0,32,1,0,90.95,2897.95,0,0,0,1,0,0,0,0,0,0,0,0,0,0,1,0,1,0,0,0,1,0,0.5779080307386647
1,0,1,1,45,1,0,73.85,3371.0,0,0,1,0,0,0,1,0,1,0,0,0,1,0,1,0,0,0,1,1,0,0,0.014290899104451608
1,0,1,0,9,1,1,88.05,801.3,0,0,1,1,0,0,1,0,0,0,0,0,0,0,0,0,1,0,0,0,1,0,0.6526241308155987
0,1,1,0,66,1,1,105.95,6975.25,1,0,1,1,0,0,0,0,0,0,1,0,1,0,1,0,1,1,0,1,0,0,0.18248917010226368
1,0,0,1,3,1,0,91.85,257.05,1,0,1,1,0,0,0,0,0,0,1,0,0,0,0,0,1,0,0,0,1,0,0.660600430270337
0,0,0,0,54,1,0,20.1,1079.45,0,0,0,0,1,1,0,1,0,1,0,1,0,1,0,1,0,0,1,0,0,1,0.004483743753373322
0,0,1,1,1,0,0,40.1,40.1,1,1,0,0,0,0,0,0,0,0,0,0,1,0,1,0,0,0,0,0,1,0,0.5024466432238467
0,0,1,1,64,1,0,110.3,6997.3,0,0,1,1,0,0,1,0,1,0,0,0,1,0,1,0,1,0,1,0,0,0,0.044100398790472006
0,1,0,0,31,1,1,73.9,2217.15,1,0,1,1,0,0,0,0,0,0,0,0,0,0,0,0,0,0,0,0,1,0,0.5510895929503944
0,0,0,0,14,1,1,89.8,1129.1,1,0,0,1,0,0,0,0,0,0,0,0,0,0,1,0,1,0,0,0,0,1,0.6299828863436262
0,0,0,0,12,1,1,85.15,979.05,0,0,0,1,0,0,1,0,0,0,0,0,0,0,1,0,0,1,0,1,0,0,0.285821712263607
1,1,1,0,67,1,1,60.95,4119.4,0,0,0,0,0,0,1,0,1,0,0,0,1,0,0,0,0,1,0,0,0,0,0.01271567996903874
0,0,1,1,35,1,0,72.25,2568.55,1,0,1,0,0,0,1,0,0,0,1,0,1,0,1,0,0,0,0,0,1,0,0.11372994147568592
0,0,0,0,45,1,0,73.55,3349.1,0,0,1,0,0,0,1,0,0,0,0,0,1,0,0,0,1,0,1,0,0,1,0.020366805506042026
1,0,0,0,10,1,0,46.0,492.1,0,0,0,0,0,0,0,0,0,0,0,0,0,0,0,0,0,0,0,0,0,1,0.27045345228453793
0,1,0,0,29,1,1,58.55,1718.95,0,0,1,0,0,0,1,0,1,0,0,0,0,0,0,0,0,0,0,0,0,0,0.1909788714119709
0,0,0,0,24,1,0,24.6,605.25,0,0,1,0,1,1,0,1,0,1,0,1,0,1,0,1,0,1,0,0,0,0,0.04927588067227426
1,0,1,1,66,1,1,19.75,1344.5,0,0,0,0,1,1,0,1,0,1,0,1,0,1,0,1,0,0,1,0,0,1,0.0025862095161422534
1,0,0,0,51,1,0,86.35,4267.15,0,0,0,1,0,0,1,0,0,0,0,0,0,0,1,0,0,1,0,0,0,1,0.07895047409587327
0,0,1,0,45,1,0,25.5,1121.05,0,0,1,0,1,1,0,1,0,1,0,1,0,1,0,1,0,0,1,0,0,1,0.01000221506019227
0,0,1,0,49,1,0,19.0,918.7,0,0,0,0,1,1,0,1,0,1,0,1,0,1,0,1,0,1,0,1,0,0,0.009643663405147586
0,0,1,0,29,1,1,19.55,521.8,0,0,0,0,1,1,0,1,0,1,0,1,0,1,0,1,0,0,1,0,0,1,0.022533733288820763
1,0,1,1,40,1,1,110.1,4469.1,0,0,1,1,0,0,1,0,1,0,0,0,1,0,1,0,1,0,0,1,0,0,0.26279454662685553
0,1,0,0,37,1,1,96.55,3580.3,1,0,1,1,0,0,0,0,0,0,0,0,0,0,1,0,1,0,0,0,1,0,0.6712750504237996
1,0,0,0,25,1,0,69.75,1729.35,0,0,0,1,0,0,0,0,0,0,0,0,0,0,0,0,0,0,0,0,1,0,0.4054434598316977
0,0,0,0,22,0,1,50.6,1073.3,0,1,0,0,0,0,0,0,0,0,1,0,0,0,1,0,1,0,0,0,1,0,0.5420718592283963
1,0,0,0,72,0,1,65.6,4566.5,0,1,0,0,0,0,1,0,1,0,1,0,1,0,1,0,1,0,1,0,0,0,0.013406217902485869
0,0,0,0,7,0,1,40.1,293.3,1,1,0,0,0,0,0,0,1,0,0,0,0,0,0,0,1,0,0,1,0,0,0.5235114780096652
1,0,1,1,33,1,0,82.1,2603.1,0,0,0,0,0,0,0,0,1,0,1,0,1,0,1,0,1,0,1,1,0,0,0.03419912219690194
0,0,0,0,23,1,1,79.1,1783.75,0,0,0,1,0,0,0,0,1,0,0,0,1,0,0,0,0,0,0,0,0,1,0.30812278366595985
1,1,0,0,24,1,1,101.25,2440.15,1,0,1,1,0,0,0,0,1,0,0,0,0,0,1,0,1,0,0,0,1,0,0.7270199849691277
0,0,0,0,1,1,0,79.55,79.55,1,0,0,1,0,0,0,0,0,0,0,0,0,0,1,0,0,0,0,0,1,0,0.687878687304598
1,0,0,0,69,1,0,90.65,6322.1,0,0,1,0,0,0,1,0,1,0,1,0,1,0,1,0,1,0,1,0,0,1,0.013362107784578938
0,0,0,1,3,1,1,20.55,57.4,0,0,0,0,1,1,0,1,0,1,0,1,0,1,0,1,0,1,0,1,0,0,0.10067770736975934
1,0,0,0,56,1,1,75.75,4284.65,0,0,0,0,0,0,0,0,1,0,0,0,1,0,1,0,1,1,0,0,0,0,0.04566733039269464
1,0,0,0,65,1,1,110.0,7138.65,0,0,1,1,0,0,1,0,0,0,1,0,1,0,1,0,1,1,0,1,0,0,0.10231984636996239
1,0,1,0,71,1,0,20.85,1539.75,0,0,0,0,1,1,0,1,0,1,0,1,0,1,0,1,0,1,0,0,1,0,0.00453163295213365
0,1,0,0,14,1,1,80.35,1058.1,0,0,1,1,0,0,0,0,0,0,1,0,0,0,0,0,0,0,0,0,0,0,0.6334041850189668
0,0,0,0,2,1,1,70.15,123.8,0,0,0,1,0,0,0,0,0,0,0,0,0,0,0,0,0,0,0,0,1,0,0.686763603542763
0,0,0,0,32,1,0,84.05,2781.85,1,0,1,1,0,0,0,0,0,0,0,0,0,0,1,0,0,1,0,0,1,0,0.32283056485655043
1,0,0,0,40,1,0,67.45,2731.0,0,0,0,0,0,0,1,0,0,0,1,0,0,0,0,0,1,0,0,0,1,0,0.12012160297835811
1,0,0,0,1,1,0,20.75,20.75,0,0,0,0,1,1,0,1,0,1,0,1,0,1,0,1,0,0,0,1,0,0,0.1946324114448647
1,0,0,0,1,1,1,89.1,89.1,1,0,0,1,0,0,0,0,0,0,0,0,0,0,1,0,1,0,0,0,1,0,0.7828357103096028
0,0,0,0,7,1,1,69.9,497.3,0,0,0,1,0,0,0,0,0,0,0,0,0,0,0,0,0,0,0,0,0,1,0.5694299912949757
0,0,1,0,15,1,1,51.1,711.15,0,0,1,0,0,0,0,0,0,0,0,0,0,0,0,0,0,0,0,0,1,0,0.4205830360422672
0,0,1,1,17,1,0,94.4,1607.2,1,0,1,1,0,0,1,0,0,0,1,0,0,0,1,0,0,0,0,0,1,0,0.473398369754205
1,0,0,0,19,1,1,78.25,1490.95,1,0,0,1,0,0,0,0,1,0,1,0,0,0,0,0,0,0,0,0,1,0,0.5101969542472465
1,0,0,0,71,1,0,25.55,1898.1,0,0,1,0,1,1,0,1,0,1,0,1,0,1,0,1,0,0,1,0,0,0,0.002686719173197889
0,0,1,1,54,1,0,60.0,3273.95,0,0,1,0,0,0,1,0,0,0,0,0,1,0,0,0,0,0,1,0,0,0,0.008588486535087272
1,0,1,0,31,1,1,90.55,2929.75,0,0,1,1,0,0,1,0,1,0,0,0,1,0,0,0,0,0,0,1,0,0,0.22631954409726698
0,0,0,0,11,1,0,76.4,838.7,0,0,0,1,0,0,1,0,0,0,0,0,0,0,0,0,0,0,0,0,1,0,0.43506678347946687
0,1,0,0,18,1,1,84.95,1443.65,0,0,0,1,0,0,0,0,0,0,1,0,0,0,0,0,1,0,0,0,1,0,0.6744293025978043
0,1,0,0,72,1,1,110.1,7746.7,0,0,1,1,0,0,1,0,1,0,0,0,1,0,1,0,1,0,1,0,0,0,0.06819661140536286
0,1,0,0,71,1,1,99.65,6951.15,0,0,1,1,0,0,0,0,1,0,0,0,0,0,1,0,1,0,0,1,0,0,0.317921795247969
1,1,0,0,5,0,0,45.4,214.75,0,1,0,0,0,0,0,0,0,0,1,0,1,0,1,0,0,0,0,1,0,0,0.44991863790998243
1,0,1,0,38,1,0,69.0,2669.45,0,0,1,0,0,0,0,0,0,0,1,0,1,0,0,0,1,1,0,1,0,0,0.062016780231532724
1,0,0,1,5,1,1,48.65,235.2,0,0,0,0,0,0,0,0,0,0,0,0,1,0,0,0,0,0,0,0,0,0,0.2565919746758254
1,1,0,0,2,1,1,44.15,92.65,1,0,0,0,0,0,0,0,0,0,0,0,0,0,0,0,0,0,0,0,1,0,0.558726080901151
0,1,0,0,52,1,0,59.85,3103.25,0,0,1,0,0,0,1,0,0,0,1,0,0,0,0,0,0,0,1,0,0,0,0.020793588017764333
0,1,0,0,8,1,1,75.75,606.25,1,0,1,1,0,0,0,0,0,0,0,0,0,0,0,0,0,0,0,0,1,0,0.7410065973308408
0,0,0,0,68,1,1,80.65,5330.2,0,0,1,0,0,0,0,0,1,0,1,0,0,0,1,0,1,0,1,0,1,0,0.045569776512714426
1,0,1,1,69,1,1,20.55,1403.1,0,0,0,0,1,1,0,1,0,1,0,1,0,1,0,1,0,1,0,1,0,0,0.003481420055431709
0,0,1,0,42,1,1,66.4,2727.8,0,0,1,0,0,0,1,0,1,0,0,0,1,0,0,0,0,0,0,1,0,0,0.06341785870141144
0,0,0,0,50,1,1,100.2,5038.45,0,0,0,1,0,0,0,0,1,0,0,0,1,0,1,0,1,0,1,0,0,1,0.09673900021450882
0,0,0,0,1,1,1,19.1,19.1,1,0,0,0,1,1,0,1,0,1,0,1,0,1,0,1,0,0,0,0,0,1,0.2636489835326868
1,1,1,0,1,1,1,80.3,80.3,1,0,1,1,0,0,1,0,0,0,0,0,0,0,0,0,0,0,0,0,1,0,0.705942214932482
1,0,1,0,33,1,1,44.55,1462.6,0,0,0,0,0,0,0,0,0,0,0,0,0,0,0,0,0,0,0,1,0,0,0.14337476429386015
0,0,0,0,7,1,0,20.35,150.6,0,0,0,0,1,1,0,1,0,1,0,1,0,1,0,1,0,0,0,0,0,1,0.16432017979401198
1,0,1,1,64,1,1,91.8,5960.5,0,0,1,1,0,0,1,0,1,0,1,0,0,0,0,0,0,0,0,0,1,0,0.15710378346165818
0,0,0,0,1,1,1,74.9,74.9,1,0,0,1,0,0,0,0,0,0,1,0,0,0,0,0,0,0,0,0,1,0,0.6918629168673089
1,0,0,0,59,1,1,20.2,1192.3,0,0,0,0,1,1,0,1,0,1,0,1,0,1,0,1,0,0,1,0,0,0,0.0046491297994484225
0,0,1,0,6,1,0,50.35,314.55,0,0,1,0,0,0,0,0,0,0,0,0,0,0,0,0,0,0,0,0,1,0,0.4559773171625798
0,0,0,0,3,1,0,18.8,56.0,0,0,0,0,1,1,0,1,0,1,0,1,0,1,0,1,0,0,0,0,0,1,0.197155135723819
0,0,1,0,15,1,0,20.45,330.8,0,0,0,0,1,1,0,1,0,1,0,1,0,1,0,1,0,0,0,1,0,0,0.11237791011330867
1,0,1,1,13,1,1,64.75,877.35,0,0,0,0,0,0,0,0,0,0,0,0,0,0,1,0,1,1,0,0,1,0,0.29137614580872834
0,0,0,0,23,1,1,98.7,2249.1,0,0,1,1,0,0,0,0,1,0,0,0,0,0,1,0,1,0,0,1,0,0,0.5936113652926831
1,1,1,0,31,1,0,89.45,2807.65,0,0,1,1,0,0,1,0,0,0,0,0,0,0,1,0,0,0,0,0,1,0,0.4756591701625232
1,0,0,0,29,1,1,58.75,1696.2,0,0,0,0,0,0,1,0,1,0,0,0,1,0,0,0,0,1,0,0,1,0,0.053691611151903754
0,0,1,0,49,1,0,20.7,1032.05,0,0,0,0,1,1,0,1,0,1,0,1,0,1,0,1,0,1,0,1,0,0,0.0098185073780586
0,0,1,0,56,1,1,85.6,4902.8,0,0,1,1,0,0,0,0,0,0,0,0,0,0,1,0,0,0,0,0,0,0,0.32787493957651054
0,0,0,0,63,1,1,80.3,4995.35,0,0,1,0,0,0,1,0,1,0,1,0,1,0,0,0,1,0,1,1,0,0,0.012824712692312227
1,0,1,0,63,1,0,79.8,5034.05,0,0,1,0,0,0,0,0,0,0,1,0,1,0,1,0,1,0,1,1,0,0,0.02220479904485809
1,1,1,1,24,1,1,79.85,1857.75,0,0,1,1,0,0,1,0,0,0,0,0,0,0,0,0,0,0,0,0,1,0,0.46224690658002
1,1,1,0,36,1,0,54.1,1992.85,0,0,0,0,0,0,0,0,0,0,1,0,1,0,0,0,0,1,0,1,0,0,0.04701003211557455
0,1,0,0,9,1,1,80.85,751.65,1,0,0,1,0,0,0,0,0,0,0,0,0,0,1,0,0,0,0,0,1,0,0.7396963126573074
1,0,0,0,3,0,0,24.75,66.95,1,1,0,0,0,0,0,0,0,0,0,0,0,0,0,0,0,0,0,0,1,0,0.5586479076293396
0,0,1,0,21,1,0,80.9,1714.95,0,0,0,0,0,0,1,0,0,0,1,0,1,0,1,0,1,1,0,0,0,1,0.08632095602874523
1,0,1,1,13,1,0,24.5,343.6,0,0,1,0,1,1,0,1,0,1,0,1,0,1,0,1,0,1,0,0,0,0,0.06969962907844154
1,0,1,1,1,1,1,20.15,20.15,0,0,0,0,1,1,0,1,0,1,0,1,0,1,0,1,0,0,0,0,0,0,0.23481980907221695
0,0,1,1,25,1,0,20.05,520.1,0,0,0,0,1,1,0,1,0,1,0,1,0,1,0,1,0,1,0,0,0,1,0.02947974990093396
1,0,1,1,71,1,1,19.6,1387.45,0,0,0,0,1,1,0,1,0,1,0,1,0,1,0,1,0,0,1,0,0,0,0.0020700409699778996
1,0,0,0,66,1,1,114.3,7383.7,0,0,1,1,0,0,1,0,1,0,1,0,1,0,1,0,1,1,0,0,0,0,0.10502321810512733
0,0,0,0,45,1,1,100.3,4483.95,0,0,0,1,0,0,1,0,1,0,0,0,0,0,1,0,1,1,0,0,1,0,0.21904783464882457
0,0,1,0,22,1,1,80.0,1706.45,0,0,0,1,0,0,0,0,0,0,0,0,0,0,1,0,0,0,0,1,0,0,0.4921034090182831
0,0,1,0,67,1,1,20.85,1327.4,0,0,0,0,1,1,0,1,0,1,0,1,0,1,0,1,0,1,0,0,0,0,0.005569052241359377
0,0,1,0,68,1,1,89.95,5974.3,0,0,1,1,0,0,0,0,0,0,1,0,0,0,1,0,0,0,1,0,0,0,0.08292934148758982
0,1,0,0,49,1,1,90.85,4515.85,1,0,1,1,0,0,0,0,0,0,1,0,0,0,0,0,1,0,0,1,0,0,0.4134964501414165
0,1,0,0,4,1,0,48.75,179.85,0,0,1,0,0,0,0,0,0,0,0,0,0,0,0,0,0,0,0,0,0,1,0.44997954549907737
1,0,1,0,63,1,0,80.0,5040.2,0,0,1,0,0,0,1,0,1,0,1,0,1,0,0,0,1,1,0,1,0,0,0.017178073743021518
0,0,1,0,2,1,0,79.7,165.0,1,0,0,1,0,0,0,0,1,0,1,0,0,0,0,0,0,0,0,0,0,0,0.5406298920430832
1,0,0,0,21,1,1,20.35,422.7,0,0,0,0,1,1,0,1,0,1,0,1,0,1,0,1,0,1,0,0,0,1,0.053088502811185254
1,0,1,1,55,1,0,57.55,3046.4,1,0,0,0,0,0,1,0,1,0,0,0,1,0,0,0,0,0,1,0,0,0,0.005338557313531598
1,0,0,1,1,1,1,20.25,20.25,0,0,0,0,1,1,0,1,0,1,0,1,0,1,0,1,0,0,0,0,0,1,0.2160313249404809
0,0,0,0,17,1,0,19.4,358.05,0,0,0,0,1,1,0,1,0,1,0,1,0,1,0,1,0,0,1,0,0,1,0.03128408074553536
1,0,0,0,30,1,1,100.4,2936.25,0,0,1,1,0,0,1,0,0,0,0,0,0,0,1,0,1,0,0,0,0,0,0.482524394757013
1,0,1,1,22,1,1,57.95,1271.8,0,0,0,0,0,0,1,0,1,0,0,0,1,0,0,0,0,0,0,0,0,1,0.08930068496915766
0,0,0,0,9,1,1,59.5,530.05,0,0,0,0,0,0,0,0,0,0,0,0,1,0,1,0,0,0,0,0,0,0,0.3230628881698427
1,0,1,1,1,1,0,19.2,19.2,0,0,0,0,1,1,0,1,0,1,0,1,0,1,0,1,0,0,0,0,0,1,0.18198469884684754
0,0,1,0,21,1,1,86.5,1808.7,1,0,1,1,0,0,0,0,0,0,0,0,0,0,0,0,1,0,0,0,1,0,0.6633923591817855
1,0,0,0,19,1,0,59.55,1144.6,0,0,1,0,0,0,0,0,0,0,1,0,1,0,0,0,0,0,0,0,1,0,0.22975625717224832
0,0,1,1,69,1,1,103.95,7446.9,1,0,1,1,0,0,0,0,1,0,1,0,0,0,1,0,1,0,0,0,1,0,0.3683323493082911
1,1,0,0,1,0,1,25.1,25.1,1,1,0,0,0,0,0,0,0,0,0,0,0,0,0,0,0,0,0,0,1,0,0.7048889193994868
0,0,1,0,72,1,1,103.95,7556.9,0,0,1,1,0,0,1,0,1,0,1,0,1,0,1,0,0,0,1,0,0,0,0.04152182150128681
1,0,1,1,70,1,0,68.95,4858.7,0,0,1,0,0,0,1,0,0,0,1,0,0,0,1,0,0,0,1,1,0,0,0.008736262372810168
0,0,0,0,66,1,1,103.1,6595.0,0,0,1,1,0,0,1,0,1,0,1,0,1,0,0,0,1,0,0,0,0,0,0.14007704617319777
0,0,1,1,7,0,1,24.7,149.05,0,1,0,0,0,0,0,0,0,0,0,0,0,0,0,0,0,0,0,0,1,0,0.5404544272729639
0,1,1,1,46,1,1,110.2,4972.1,0,0,1,1,0,0,1,0,1,0,0,0,1,0,1,0,1,0,0,0,1,0,0.3679222390818844
1,0,0,0,39,0,1,48.95,1880.85,1,1,0,0,0,0,1,0,1,0,0,0,1,0,1,0,0,0,0,1,0,0,0.0980813898322819
0,0,1,1,32,1,0,62.45,2045.55,0,0,1,0,0,0,0,0,1,0,1,0,0,0,0,0,0,0,0,0,0,0,0.13763996421891667
1,0,0,0,24,1,1,89.55,2187.15,0,0,0,1,0,0,0,0,1,0,1,0,0,0,0,0,1,0,0,0,1,0,0.5474644146092847
1,0,1,1,6,1,1,83.55,477.55,1,0,0,1,0,0,0,0,1,0,0,0,0,0,0,0,1,0,0,1,0,0,0.548323108102097
0,0,0,0,37,1,1,78.9,2976.95,0,0,1,0,0,0,1,0,1,0,1,0,1,0,1,0,0,0,0,1,0,0,0.10512763503843495
1,0,0,1,8,1,0,20.35,178.7,0,0,0,0,1,1,0,1,0,1,0,1,0,1,0,1,0,0,0,0,0,1,0.1269895320143361
0,0,1,1,72,1,1,71.45,5025.85,0,0,1,0,0,0,1,0,0,0,1,0,0,0,1,0,0,0,1,0,0,0,0.012275024644409915
1,1,1,0,71,0,0,46.35,3353.4,0,1,0,0,0,0,1,0,1,0,1,0,1,0,0,0,0,0,1,1,0,0,0.005581426460641741
0,0,1,0,16,1,1,94.65,1461.15,0,0,0,1,0,0,0,0,1,0,0,0,0,0,1,0,1,0,0,0,0,0,0.6227548153846353
0,0,1,0,57,0,1,49.9,2782.4,0,1,0,0,0,0,1,0,0,0,1,0,1,0,0,0,1,0,0,0,0,0,0.06378895229224332
1,0,0,0,66,1,0,25.45,1699.15,0,0,1,0,1,1,0,1,0,1,0,1,0,1,0,1,0,1,0,0,0,0,0.005795140618948236
0,1,0,0,17,1,1,89.15,1496.9,1,0,0,1,0,0,0,0,1,0,1,0,0,0,1,0,0,0,0,0,1,0,0.6618716469184422
0,0,0,1,21,1,0,20.75,452.2,0,0,0,0,1,1,0,1,0,1,0,1,0,1,0,1,0,0,0,0,0,1,0.07026340395776169
1,0,1,0,66,1,1,66.1,4428.45,0,0,1,0,0,0,1,0,1,0,1,0,0,0,0,0,0,0,1,1,0,0,0.010917040775640601
0,0,1,0,17,1,1,75.4,1322.55,0,0,1,0,0,0,0,0,1,0,0,0,0,0,1,0,1,0,0,0,0,0,0.45870331059520314
1,0,0,1,1,1,1,70.45,70.45,1,0,0,1,0,0,0,0,0,0,0,0,0,0,0,0,0,0,0,0,0,1,0.5613344499901234
1,0,1,0,58,1,0,60.3,3563.8,1,0,0,0,0,0,1,0,1,0,1,0,0,0,0,0,0,1,0,1,0,0,0.014113865923705504
0,0,1,1,8,1,0,21.05,139.75,0,0,0,0,1,1,0,1,0,1,0,1,0,1,0,1,0,0,0,1,0,0,0.12607219379022752
1,0,0,0,27,1,0,69.35,1927.3,0,0,0,0,0,0,1,0,0,0,1,0,1,0,1,0,0,1,0,1,0,0,0.04603740849726007
1,0,1,0,34,1,0,88.85,3000.25,0,0,1,1,0,0,0,0,1,0,0,0,0,0,0,0,1,0,0,0,0,1,0.38842304688795515
1,0,0,0,30,1,1,97.0,3021.3,0,0,0,1,0,0,0,0,1,0,0,0,0,0,1,0,1,1,0,0,0,0,0.3308282356211011
1,0,0,0,33,1,1,66.4,2245.4,0,0,0,0,0,0,0,0,1,0,1,0,0,0,1,0,0,0,0,1,0,0,0.17750150461352154
1,0,0,1,1,0,0,24.75,24.75,1,1,0,0,0,0,0,0,0,0,0,0,0,0,0,0,0,0,0,0,1,0,0.530590440427279
1,0,1,1,14,1,0,69.2,944.65,0,0,1,0,0,0,1,0,1,0,0,0,0,0,0,0,1,0,0,0,0,1,0.20589783012605717
0,0,0,1,16,1,1,79.5,1264.2,0,0,1,1,0,0,0,0,0,0,0,0,1,0,0,0,0,1,0,1,0,0,0.22101969346883313
0,0,0,0,49,1,0,100.65,4917.75,0,0,0,1,0,0,0,0,0,0,1,0,1,0,1,0,1,0,1,1,0,0,0.0786309811977504
1,0,1,1,19,1,0,103.3,2012.7,1,0,1,1,0,0,0,0,0,0,1,0,1,0,1,0,1,0,0,0,1,0,0.5367493644202644
0,0,1,1,70,1,0,79.7,5743.3,0,0,1,0,0,0,1,0,1,0,1,0,1,0,1,0,0,0,1,0,0,0,0.007751909138968043
0,0,1,1,32,1,0,61.4,1864.65,0,0,0,0,0,0,1,0,1,0,0,0,1,0,0,0,0,0,0,0,0,0,0.049845497663469206
0,0,0,0,18,1,1,69.8,1221.65,0,0,0,1,0,0,0,0,0,0,0,0,0,0,0,0,0,0,0,0,1,0,0.5449535400095952
1,0,0,0,37,0,1,40.55,1390.85,0,1,0,0,0,0,1,0,1,0,0,0,1,0,0,0,0,0,1,0,0,1,0.023871752440119708
0,0,0,0,4,1,1,75.65,302.35,0,0,1,1,0,0,0,0,0,0,0,0,0,0,0,0,0,0,0,0,1,0,0.7181424405436903
0,0,1,0,16,1,0,90.7,1374.9,0,0,1,1,0,0,1,0,1,0,1,0,0,0,0,0,0,0,0,0,1,0,0.4346582529640769
1,0,1,0,17,1,1,80.5,1336.9,0,0,1,1,0,0,0,0,1,0,0,0,0,0,0,0,0,0,0,0,0,0,0.5275591252993426
0,0,0,1,19,1,1,60.6,1297.8,0,0,0,0,0,0,1,0,1,0,1,0,0,0,0,0,0,0,0,0,1,0,0.18970582353587778
1,0,1,0,60,1,0,101.15,6067.4,0,0,1,1,0,0,0,0,0,0,1,0,0,0,1,0,1,0,1,1,0,0,0.10862602516647878
1,0,1,1,51,1,1,24.95,1222.25,0,0,1,0,1,1,0,1,0,1,0,1,0,1,0,1,0,0,1,0,0,1,0.00746194058204831
1,0,1,1,28,1,1,20.3,487.95,0,0,0,0,1,1,0,1,0,1,0,1,0,1,0,1,0,0,1,1,0,0,0.017104579584090514
1,0,0,0,43,1,1,60.0,2548.55,0,0,0,0,0,0,0,0,1,0,0,0,0,0,0,0,1,0,1,0,1,0,0.05377996018729158
1,0,1,0,42,1,0,20.25,835.5,0,0,0,0,1,1,0,1,0,1,0,1,0,1,0,1,0,0,1,0,1,0,0.011811514971551099
1,0,0,0,3,1,1,78.5,242.05,1,0,0,1,0,0,0,0,0,0,0,0,0,0,1,0,0,0,0,0,1,0,0.7256651628273066
0,0,0,0,1,1,0,44.75,44.75,0,0,0,0,0,0,0,0,0,0,0,0,0,0,0,0,0,0,0,0,0,1,0.3651199009775832
0,0,0,0,3,1,0,19.85,63.75,1,0,0,0,1,1,0,1,0,1,0,1,0,1,0,1,0,0,0,0,0,1,0.19591282419484424
0,0,0,0,63,1,0,98.0,6218.45,0,0,1,1,0,0,1,0,1,0,1,0,0,0,1,0,0,0,1,1,0,0,0.045781678751957385
1,1,0,0,3,1,1,79.9,260.9,1,0,0,1,0,0,0,0,0,0,0,0,0,0,1,0,0,0,0,0,1,0,0.7729058603150054
1,0,1,0,68,1,1,107.7,7320.9,0,0,1,1,0,0,1,0,1,0,0,0,1,0,1,0,1,0,0,0,1,0,0.23682312238778666
0,1,0,0,30,1,1,99.7,2967.35,1,0,1,1,0,0,0,0,1,0,0,0,0,0,1,0,1,0,0,0,1,0,0.6973489190306028
0,0,0,0,60,1,0,104.7,6333.8,0,0,1,1,0,0,0,0,1,0,1,0,0,0,1,0,1,0,1,0,1,0,0.14808979199490033
1,0,0,0,15,1,1,58.6,939.7,1,0,1,0,0,0,0,0,1,0,0,0,1,0,0,0,0,0,0,1,0,0,0.22224231148146567
1,1,0,0,45,1,1,93.9,4200.25,0,0,1,1,0,0,0,0,0,0,0,0,0,0,1,0,1,0,0,0,0,0,0.53866331835755
0,0,1,0,70,1,0,86.45,5950.2,0,0,0,0,0,0,1,0,1,0,1,0,1,0,1,0,1,0,1,1,0,0,0.009097103302119193
1,0,1,0,10,1,1,98.5,1037.75,1,0,1,1,0,0,0,0,0,0,1,0,0,0,1,0,1,0,0,0,1,0,0.7845858045219946
1,0,0,0,4,1,0,19.4,93.4,0,0,0,0,1,1,0,1,0,1,0,1,0,1,0,1,0,0,0,0,0,1,0.18387759598467934
0,0,0,0,1,1,1,50.45,50.45,1,0,0,0,0,0,0,0,0,0,1,0,0,0,0,0,0,0,0,0,0,1,0.4236723574982432
0,0,1,0,68,1,1,24.95,1614.9,0,0,1,0,1,1,0,1,0,1,0,1,0,1,0,1,0,0,1,1,0,0,0.0037054506823385445
1,0,1,1,22,1,0,75.0,1573.95,0,0,0,1,0,0,1,0,0,0,0,0,0,0,0,0,0,0,0,0,0,0,0.24174488955989762
1,0,1,1,38,1,1,94.65,3624.3,1,0,1,1,0,0,0,0,1,0,1,0,0,0,1,0,0,0,0,0,1,0,0.4590302938203164
0,0,0,0,1,1,1,100.25,100.25,1,0,1,1,0,0,0,0,1,0,0,0,0,0,1,0,1,0,0,1,0,0,0.7318708537810067
1,0,1,0,18,1,0,78.2,1468.75,0,0,0,1,0,0,0,0,0,0,1,0,1,0,0,0,0,0,0,0,1,0,0.3939236988283294
1,0,0,0,29,1,1,94.2,2607.6,0,0,0,1,0,0,0,0,0,0,0,0,1,0,1,0,1,0,0,0,1,0,0.4942174910572357
0,0,0,0,16,1,1,88.45,1422.1,1,0,1,1,0,0,0,0,0,0,1,0,0,0,0,0,1,0,0,0,1,0,0.6927300113392698
1,0,0,0,1,1,1,69.85,69.85,1,0,0,1,0,0,0,0,0,0,0,0,0,0,0,0,0,0,0,0,1,0,0.6894954394085583
1,0,0,0,12,1,0,81.7,858.6,1,0,0,1,0,0,1,0,0,0,1,0,0,0,0,0,0,0,0,0,0,0,0.34473258593464545
1,0,0,0,31,0,1,50.05,1523.4,0,1,0,0,0,0,0,0,0,0,1,0,0,0,1,0,1,1,0,0,1,0,0.26809025960277694
1,0,0,0,4,1,1,79.9,324.3,1,0,0,1,0,0,0,0,0,0,0,0,0,0,0,0,1,0,0,0,1,0,0.719567273850429
0,0,1,0,48,1,1,69.55,3435.6,0,0,1,0,0,0,0,0,0,0,1,0,1,0,0,0,1,1,0,0,0,1,0.06298717755885685
0,0,0,0,15,1,1,25.4,399.6,1,0,1,0,1,1,0,1,0,1,0,1,0,1,0,1,0,0,0,1,0,0,0.1676032237084601
1,0,0,0,50,1,1,90.1,4549.45,0,0,0,1,0,0,1,0,1,0,1,0,1,0,0,0,0,1,0,1,0,0,0.05250290061785152
1,0,0,0,7,1,1,44.65,322.5,0,0,0,0,0,0,0,0,0,0,0,0,0,0,0,0,0,0,0,0,0,0,0.37206157272051266
1,1,1,0,41,1,1,83.75,3273.55,1,0,1,1,0,0,1,0,0,0,1,0,0,0,0,0,0,0,0,0,0,0,0.3133396940976188
1,0,1,1,68,1,0,80.35,5375.15,0,0,0,1,0,0,1,0,0,0,1,0,0,0,0,0,0,0,1,1,0,0,0.01570459400630935
0,1,1,0,26,1,1,98.1,2510.7,0,0,1,1,0,0,0,0,0,0,1,0,0,0,1,0,1,0,0,0,0,0,0.695522961780296
1,0,0,0,57,0,0,53.35,3090.05,0,1,0,0,0,0,0,0,0,0,1,0,1,0,1,0,1,0,1,1,0,0,0.02473712543514184
0,0,0,0,3,1,0,19.55,61.05,0,0,0,0,1,1,0,1,0,1,0,1,0,1,0,1,0,0,0,0,1,0,0.2529917269340616
0,0,0,0,1,1,0,20.9,20.9,1,0,0,0,1,1,0,1,0,1,0,1,0,1,0,1,0,0,0,0,0,1,0.21126011211233695
1,0,1,1,19,1,1,48.95,955.6,0,0,0,0,0,0,1,0,0,0,0,0,0,0,0,0,0,1,0,0,0,0,0.08311305572068048
0,0,0,0,3,1,1,54.2,140.4,0,0,0,0,0,0,0,0,0,0,0,0,0,0,1,0,0,0,0,0,1,0,0.5476014286406766
0,0,0,0,59,1,0,24.45,1493.1,0,0,1,0,1,1,0,1,0,1,0,1,0,1,0,1,0,0,1,0,1,0,0.00656642557143927
0,0,1,0,1,1,1,69.4,69.4,1,0,0,1,0,0,0,0,0,0,0,0,0,0,0,0,0,0,0,0,0,1,0.6357145690477061
1,0,1,0,42,0,1,40.15,1626.05,0,1,0,0,0,0,1,0,0,0,0,0,0,0,1,0,0,0,0,0,0,0,0.14660966470785994
0,0,0,0,7,1,1,74.9,541.15,1,0,1,1,0,0,0,0,0,0,0,0,0,0,0,0,0,0,0,0,1,0,0.6981808210888895
1,0,1,0,67,1,0,25.6,1784.9,0,0,1,0,1,1,0,1,0,1,0,1,0,1,0,1,0,0,1,1,0,0,0.0030322389411682224
1,0,0,0,1,1,1,70.35,70.35,0,0,0,1,0,0,0,0,0,0,0,0,0,0,0,0,0,0,0,0,1,0,0.6884832128839985
1,0,1,0,66,1,0,91.7,6075.9,0,0,1,0,0,0,1,0,1,0,1,0,1,0,1,0,1,0,1,0,0,0,0.016242480384373273
0,0,0,0,61,1,0,89.2,5500.6,0,0,1,1,0,0,0,0,0,0,1,0,0,0,0,0,1,0,0,0,0,1,0.23116633080535817
1,0,1,1,4,1,0,24.1,73.1,0,0,1,0,1,1,0,1,0,1,0,1,0,1,0,1,0,1,0,1,0,0,0.09381190328313206
0,1,1,0,42,1,1,74.15,3229.4,1,0,0,1,0,0,1,0,0,0,0,0,0,0,0,0,0,0,0,1,0,0,0.23993218427325563
0,0,1,1,64,1,1,53.85,3399.85,0,0,1,0,0,0,0,0,1,0,0,0,0,0,0,0,0,1,0,0,0,0,0.02342245943625935
0,1,1,0,54,1,1,115.6,6431.05,0,0,1,1,0,0,1,0,1,0,1,0,1,0,1,0,1,1,0,0,0,0,0.19831854603020074
1,0,0,0,1,1,1,19.75,19.75,0,0,0,0,1,1,0,1,0,1,0,1,0,1,0,1,0,0,0,1,0,0,0.24278223132978372
1,0,1,1,54,1,1,24.05,1230.9,0,0,1,0,1,1,0,1,0,1,0,1,0,1,0,1,0,0,1,0,0,0,0.006701337988971889
0,0,0,1,18,1,0,25.3,454.65,0,0,1,0,1,1,0,1,0,1,0,1,0,1,0,1,0,0,1,1,0,0,0.028128028591927114
1,0,0,0,3,1,0,84.3,235.05,0,0,0,1,0,0,0,0,1,0,0,0,0,0,0,0,1,0,0,0,1,0,0.6419595353616602
0,0,0,0,1,1,1,70.1,70.1,1,0,0,1,0,0,0,0,0,0,0,0,0,0,0,0,0,0,0,0,1,0,0.695952679443181
0,0,1,1,72,1,0,89.75,6595.9,0,0,1,0,0,0,1,0,1,0,1,0,1,0,1,0,1,0,1,1,0,0,0.010009666726870136
1,1,1,0,60,1,1,97.95,5867.0,0,0,0,1,0,0,0,0,1,0,1,0,0,0,1,0,1,1,0,0,1,0,0.267445422829354
0,0,1,1,11,1,1,20.0,196.35,0,0,0,0,1,1,0,1,0,1,0,1,0,1,0,1,0,1,0,0,0,1,0.07633990151333263
0,0,0,1,12,1,1,78.3,909.25,1,0,1,1,0,0,1,0,0,0,0,0,0,0,0,0,0,0,0,0,1,0,0.5012605096301119
1,0,1,1,61,1,0,103.9,6449.15,0,0,0,1,0,0,0,0,1,0,1,0,1,0,1,0,1,1,0,1,0,0,0.07791797294609944
0,0,0,0,39,1,0,20.7,762.45,0,0,0,0,1,1,0,1,0,1,0,1,0,1,0,1,0,0,1,1,0,0,0.009086161094623695
1,0,0,0,55,1,1,96.8,5283.95,1,0,1,1,0,0,0,0,0,0,0,0,0,0,1,0,1,0,0,0,1,0,0.4696065109057899
0,0,0,0,17,1,1,94.4,1617.5,1,0,1,1,0,0,1,0,1,0,0,0,0,0,1,0,0,0,0,0,1,0,0.559424680523394
1,0,0,0,37,1,0,20.15,785.75,0,0,0,0,1,1,0,1,0,1,0,1,0,1,0,1,0,1,0,1,0,0,0.017000501283051087
0,0,1,0,72,1,1,26.0,1776.0,0,0,1,0,1,1,0,1,0,1,0,1,0,1,0,1,0,0,1,0,0,1,0.0032700063837764986
1,1,1,0,72,1,0,77.35,5396.25,0,0,1,0,0,0,0,0,1,0,1,0,1,0,1,0,0,0,1,1,0,0,0.012905114392775818
0,0,0,0,8,1,0,66.05,574.5,0,0,0,0,0,0,1,0,0,0,0,0,1,0,0,0,1,0,0,0,0,0,0.1998981861846354
0,0,1,1,22,1,0,19.9,400.3,0,0,0,0,1,1,0,1,0,1,0,1,0,1,0,1,0,0,0,0,0,1,0.06914033517394357
0,0,0,0,1,1,0,84.3,84.3,1,0,0,1,0,0,0,0,1,0,0,0,0,0,1,0,0,0,0,0,1,0,0.6618143540128445
0,0,0,0,38,1,0,68.15,2656.3,0,0,1,0,0,0,0,0,1,0,0,0,1,0,0,0,1,0,0,1,0,0,0.11140919332535386
1,0,0,1,17,1,0,80.85,1445.95,0,0,0,0,0,0,0,0,1,0,1,0,1,0,1,0,1,1,0,0,1,0,0.13558130344177158
0,1,0,0,70,1,1,75.5,5212.65,0,0,1,0,0,0,0,0,1,0,1,0,1,0,1,0,0,0,1,0,0,0,0.020398038898272474
0,1,1,1,72,1,0,92.45,6440.25,1,0,1,0,0,0,1,0,1,0,1,0,1,0,1,0,1,0,1,1,0,0,0.012030210073041617
0,0,0,0,28,1,1,80.6,2244.95,0,0,0,1,0,0,0,0,0,0,0,0,0,0,0,0,1,0,0,0,1,0,0.5349118981862523
0,0,0,0,15,1,1,83.2,1130.0,0,0,0,1,0,0,0,0,1,0,0,0,0,0,1,0,0,0,0,0,0,0,0.5447498825394368
1,0,1,1,72,1,1,87.55,6463.15,0,0,1,0,0,0,1,0,1,0,1,0,1,0,1,0,1,0,1,0,0,0,0.014149088606626522
0,1,1,0,11,1,1,99.55,1131.2,1,0,1,1,0,0,0,0,0,0,1,0,0,0,1,0,1,0,0,0,1,0,0.8241300466905185
1,1,0,0,8,1,1,81.25,585.95,1,0,1,1,0,0,0,0,0,0,1,0,0,0,0,0,0,0,0,0,1,0,0.7280468320309648
0,0,1,0,57,1,1,109.4,6252.7,0,0,1,1,0,0,0,0,1,0,1,0,1,0,1,0,1,1,0,0,0,0,0.1933705526540169
1,0,1,1,1,1,0,19.95,19.95,1,0,0,0,1,1,0,1,0,1,0,1,0,1,0,1,0,0,0,0,0,0,0.18959315738246718
0,0,1,0,46,0,0,45.55,2062.15,0,1,0,0,0,0,1,0,1,0,0,0,0,0,1,0,0,0,0,0,1,0,0.12332555867930746
1,0,1,0,30,1,0,20.7,587.1,0,0,0,0,1,1,0,1,0,1,0,1,0,1,0,1,0,1,0,1,0,0,0.025061119906147143
1,1,1,0,10,1,0,75.3,720.45,0,0,0,1,0,0,1,0,0,0,0,0,0,0,0,0,0,0,0,0,1,0,0.5122173570841695
1,0,1,0,23,1,1,99.25,2186.4,1,0,1,1,0,0,1,0,1,0,1,0,0,0,1,0,0,0,0,0,1,0,0.5135824101897243
1,0,0,0,32,1,1,93.4,2979.3,0,0,0,1,0,0,1,0,1,0,1,0,0,0,0,0,1,0,0,1,0,0,0.29416774330847956
1,0,0,0,13,1,1,73.75,956.65,0,0,0,1,0,0,1,0,0,0,0,0,0,0,0,0,0,0,0,1,0,0,0.38331318822323185
0,0,0,0,39,1,1,80.45,3201.55,1,0,0,1,0,0,0,0,0,0,1,0,1,0,0,0,0,0,1,0,1,0,0.10030090583328327
0,0,0,0,44,1,1,88.15,3973.2,0,0,0,1,0,0,0,0,1,0,1,0,0,0,1,0,0,0,0,1,0,0,0.3073615332211823
1,1,0,0,9,1,0,49.2,447.9,0,0,0,0,0,0,0,0,0,0,0,0,1,0,0,0,0,0,0,0,0,1,0.25114902899766967
0,0,1,0,67,1,0,19.65,1335.2,0,0,0,0,1,1,0,1,0,1,0,1,0,1,0,1,0,0,1,0,0,1,0.0023803216788710227
1,0,1,1,9,1,1,79.35,661.25,1,0,1,1,0,0,0,0,0,0,1,0,0,0,0,0,0,0,0,0,0,0,0.5667412110594422
0,0,0,0,15,1,1,79.75,1111.85,1,0,1,1,0,0,0,0,1,0,0,0,0,0,0,0,0,0,0,0,1,0,0.6034802817325183
0,0,1,0,71,1,1,105.15,7555.0,0,0,1,1,0,0,0,0,1,0,1,0,0,0,1,0,1,0,1,0,0,0,0.12169098744983403
1,0,0,0,1,1,0,49.0,49.0,0,0,0,0,0,0,0,0,0,0,0,0,1,0,0,0,0,0,0,1,0,0,0.2550229230008485
0,0,1,1,30,1,1,100.05,3046.15,1,0,1,1,0,0,0,0,0,0,1,0,0,0,1,0,1,0,0,0,1,0,0.6286833440267564
1,0,0,0,1,1,1,69.35,69.35,1,0,0,1,0,0,0,0,0,0,0,0,0,0,0,0,0,0,0,0,1,0,0.6905058553965548
1,0,1,0,17,0,1,49.8,836.35,0,1,0,0,0,0,0,0,1,0,0,0,0,0,1,0,1,0,0,0,0,1,0.49710065952076865
0,0,0,0,3,1,0,85.8,272.2,1,0,0,1,0,0,0,0,0,0,0,0,1,0,0,0,1,0,0,0,1,0,0.577593518571926
1,0,1,1,67,1,1,79.7,5293.4,1,0,1,0,0,0,1,0,0,0,1,0,0,0,1,0,1,0,1,0,1,0,0.028963237472399022
1,0,0,0,1,1,0,20.95,20.95,0,0,0,0,1,1,0,1,0,1,0,1,0,1,0,1,0,0,0,0,0,0,0.21532360768782205
0,1,0,0,1,1,0,50.55,50.55,1,0,1,0,0,0,0,0,0,0,0,0,0,0,0,0,0,0,0,0,0,1,0.479802971366005
0,1,1,0,32,1,0,79.3,2570.0,0,0,1,1,0,0,0,0,0,0,1,0,0,0,0,0,0,0,0,0,0,1,0.41980200034539
1,0,1,1,41,1,0,19.5,798.2,0,0,0,0,1,1,0,1,0,1,0,1,0,1,0,1,0,1,0,0,0,0,0.013081856066263097
1,0,1,0,1,1,1,80.55,80.55,1,0,0,1,0,0,0,0,0,0,0,0,0,0,1,0,0,0,0,0,1,0,0.7447198534947997
0,0,0,0,1,1,0,44.15,44.15,0,0,0,0,0,0,0,0,0,0,0,0,0,0,0,0,0,0,0,0,0,0,0.3798573819099964
0,0,1,1,12,1,1,84.5,916.9,1,0,1,1,0,0,0,0,1,0,1,0,0,0,0,0,0,0,0,0,1,0,0.5861666902769797
1,0,1,1,62,1,1,105.5,6487.2,0,0,1,1,0,0,1,0,1,0,0,0,0,0,1,0,1,0,0,0,1,0,0.29031310997854426
0,0,0,0,22,1,1,84.3,1855.65,1,0,0,1,0,0,0,0,1,0,0,0,0,0,0,0,1,0,0,0,0,1,0.4843867385367738
0,0,0,1,17,1,1,92.7,1556.85,0,0,1,1,0,0,0,0,1,0,1,0,1,0,0,0,0,0,0,1,0,0,0.3422206529325051
0,0,1,1,72,1,1,26.25,1988.05,0,0,1,0,1,1,0,1,0,1,0,1,0,1,0,1,0,0,1,0,0,0,0.0029645302489797517
1,0,1,1,56,1,1,96.95,5432.2,0,0,1,1,0,0,0,0,1,0,0,0,1,0,1,0,0,0,0,1,0,0,0.18323161355357814
0,0,0,0,9,1,1,20.45,147.55,0,0,0,0,1,1,0,1,0,1,0,1,0,1,0,1,0,0,0,1,0,0,0.17585237494003475
1,0,1,0,72,1,1,115.8,8424.9,0,0,1,1,0,0,1,0,1,0,1,0,1,0,1,0,1,0,1,0,0,0,0.06417778834146096
1,0,0,0,20,1,1,108.2,2203.7,0,0,0,1,0,0,1,0,1,0,1,0,1,0,1,0,1,0,0,0,0,0,0.38470693259996097
1,0,1,1,19,1,0,20.2,387.4,0,0,0,0,1,1,0,1,0,1,0,1,0,1,0,1,0,0,1,0,0,1,0.022945804547957225
1,0,0,0,2,1,1,67.75,116.65,1,0,0,1,0,0,0,0,0,0,0,0,0,0,0,0,0,0,0,0,1,0,0.6842888033484522
1,0,0,0,53,0,0,54.9,3045.75,0,1,0,0,0,0,0,0,0,0,1,0,1,0,1,0,1,1,0,1,0,0,0.050674614058539035
0,1,0,0,27,1,1,85.25,2287.25,1,0,1,1,0,0,0,0,0,0,0,0,0,0,0,0,1,0,0,0,1,0,0.6667857588276926
1,0,0,0,6,1,0,20.15,130.5,0,0,0,0,1,1,0,1,0,1,0,1,0,1,0,1,0,0,0,0,0,0,0.17553214606664977
1,0,1,1,9,1,1,90.35,767.9,0,0,1,1,0,0,0,0,0,0,1,0,0,0,1,0,0,1,0,0,1,0,0.5090307456847902
0,0,1,1,8,1,0,55.75,446.8,0,0,1,0,0,0,0,0,1,0,0,0,0,0,0,0,0,0,0,0,1,0,0.3545698322834732
0,0,1,1,71,1,0,114.6,8100.25,0,0,1,1,0,0,1,0,1,0,1,0,1,0,1,0,1,0,1,0,0,0,0.040413372849713976
0,0,0,0,10,1,1,80.05,830.7,1,0,1,1,0,0,0,0,1,0,0,0,0,0,0,0,0,0,0,0,0,0,0.5881318713150914
1,0,0,0,1,1,0,20.0,20.0,1,0,0,0,1,1,0,1,0,1,0,1,0,1,0,1,0,0,0,0,0,1,0.20725653170919983
0,0,1,0,71,0,0,66.8,4689.15,0,1,0,0,0,0,1,0,1,0,1,0,1,0,1,0,1,1,0,0,0,0,0.02046767752766449
1,0,1,0,68,1,1,100.3,6754.35,0,0,0,1,0,0,0,0,1,0,0,0,1,0,1,0,1,1,0,0,1,0,0.13109140895055574
1,0,0,0,34,1,1,105.35,3540.65,0,0,1,1,0,0,0,0,1,0,0,0,1,0,1,0,1,0,0,0,1,0,0.5130218012954652
1,0,0,0,26,1,1,85.2,2184.6,0,0,0,1,0,0,0,0,1,0,1,0,1,0,0,0,0,1,0,0,1,0,0.2051540415552398
0,0,0,0,22,1,1,48.8,1054.6,1,0,0,0,0,0,1,0,0,0,0,0,0,0,0,0,0,0,0,1,0,0,0.15173631598983545
1,0,0,0,7,1,1,18.95,130.55,0,0,0,0,1,1,0,1,0,1,0,1,0,1,0,1,0,0,0,0,0,1,0.20127219925503054
0,0,1,0,20,1,1,69.8,1540.35,0,0,0,1,0,0,0,0,0,0,0,0,0,0,0,0,0,0,0,0,0,0,0.4848463619085323
0,0,1,0,60,1,1,106.15,6411.25,0,0,1,1,0,0,0,0,1,0,1,0,0,0,1,0,1,0,0,0,1,0,0.4679055635930465
1,0,1,1,72,1,0,20.55,1432.55,0,0,0,0,1,1,0,1,0,1,0,1,0,1,0,1,0,0,1,0,1,0,0.001953815150923063
0,1,1,0,72,1,1,105.75,7629.85,0,0,1,1,0,0,0,0,1,0,1,0,0,0,1,0,1,1,0,1,0,0,0.20573421500832823
1,0,0,0,4,1,0,25.25,101.9,0,0,1,0,1,1,0,1,0,1,0,1,0,1,0,1,0,0,0,0,0,1,0.21797434705475355
1,0,1,1,16,1,0,19.75,313.4,0,0,0,0,1,1,0,1,0,1,0,1,0,1,0,1,0,0,0,0,1,0,0.12170021931995793
0,1,1,0,62,1,1,104.85,6312.9,0,0,1,1,0,0,1,0,0,0,1,0,0,0,1,0,1,1,0,0,1,0,0.25307943531014515
0,0,0,0,10,1,1,60.95,629.55,0,0,0,0,0,0,0,0,0,0,0,0,1,0,0,0,1,0,0,0,0,1,0.3051811446870717
1,0,0,0,31,1,1,81.15,2640.55,0,0,1,1,0,0,0,0,1,0,0,0,0,0,0,0,0,0,0,0,1,0,0.4743937398319672
0,0,1,0,71,1,0,19.1,1372.45,0,0,0,0,1,1,0,1,0,1,0,1,0,1,0,1,0,0,1,1,0,0,0.0017805704393835907
1,0,0,0,58,1,0,20.8,1212.25,0,0,0,0,1,1,0,1,0,1,0,1,0,1,0,1,0,0,1,0,0,1,0.0035481799698936826
1,0,1,1,70,1,1,90.15,6237.05,0,0,1,0,0,0,1,0,1,0,1,0,1,0,1,0,1,0,1,1,0,0,0.012750284040656673
0,0,1,0,71,1,0,90.1,6310.9,0,0,1,0,0,0,1,0,1,0,1,0,1,0,1,0,1,0,1,0,1,0,0.017831967983260356
1,1,0,0,69,1,0,74.1,5031.0,0,0,1,0,0,0,1,0,0,0,1,0,1,0,0,0,1,0,1,1,0,0,0.009968343466896259
0,1,0,0,1,1,1,85.05,85.05,1,0,1,1,0,0,0,0,0,0,0,0,0,0,0,0,1,0,0,0,1,0,0.8257426527934901
0,0,1,1,72,1,1,118.75,8672.45,0,0,1,1,0,0,1,0,1,0,1,0,1,0,1,0,1,0,1,0,0,0,0.056343393987717
0,0,1,0,26,1,0,85.9,2196.45,0,0,0,1,0,0,0,0,0,0,0,0,1,0,0,0,1,0,0,1,0,0,0.3088055383456539
0,0,1,0,33,1,1,95.0,3008.15,0,0,1,1,0,0,0,0,0,0,1,0,1,0,0,0,1,0,0,1,0,0,0.3793232475932104
0,0,1,1,10,1,0,20.15,220.8,0,0,0,0,1,1,0,1,0,1,0,1,0,1,0,1,0,0,1,0,0,1,0.037760951789053206
0,1,0,0,57,1,0,101.3,5779.6,0,0,1,1,0,0,1,0,0,0,1,0,1,0,0,0,1,0,1,1,0,0,0.053510100825360674
0,0,0,0,10,1,1,21.2,222.65,0,0,0,0,1,1,0,1,0,1,0,1,0,1,0,1,0,0,0,0,1,0,0.2333903714000531
0,0,1,1,39,1,1,24.2,914.6,0,0,1,0,1,1,0,1,0,1,0,1,0,1,0,1,0,1,0,0,0,1,0.024134567518073694
0,0,0,0,11,1,0,20.3,246.3,0,0,0,0,1,1,0,1,0,1,0,1,0,1,0,1,0,0,0,0,0,0,0.14487760618717194
0,0,1,1,21,1,1,102.8,2110.15,1,0,0,1,0,0,0,0,1,0,1,0,1,0,1,0,1,0,0,0,1,0,0.507172198470917
0,0,1,1,68,1,0,85.3,5560.0,0,0,1,0,0,0,0,0,1,0,1,0,1,0,1,0,1,0,1,0,0,0,0.016250272429423413
1,0,0,0,18,1,1,89.6,1633.0,0,0,1,1,0,0,0,0,0,0,1,0,0,0,1,0,0,1,0,1,0,0,0.38874293814638045
0,0,0,0,6,1,1,99.95,547.65,1,0,0,1,0,0,0,0,0,0,1,0,1,0,1,0,1,0,0,0,0,1,0.5936225563261337
1,0,0,0,18,1,0,56.25,969.85,0,0,1,0,0,0,1,0,0,0,0,0,0,0,0,0,0,0,0,0,0,1,0.1749837801503588
0,0,1,1,52,1,1,50.95,2610.65,0,0,0,0,0,0,0,0,0,0,1,0,0,0,0,0,0,1,0,0,0,0,0.03221172991565767
1,0,1,1,56,1,0,115.85,6567.9,0,0,1,1,0,0,1,0,1,0,1,0,1,0,1,0,1,0,1,0,0,1,0.05449440778167828
1,0,0,0,45,1,1,103.65,4747.85,0,0,1,1,0,0,0,0,0,0,1,0,1,0,1,0,1,0,0,0,0,0,0.40598339318349674
0,0,0,0,67,1,1,26.1,1759.55,0,0,1,0,1,1,0,1,0,1,0,1,0,1,0,1,0,0,1,0,0,1,0.004152552238860026
1,0,1,0,3,0,0,35.1,101.1,0,1,0,0,0,0,1,0,0,0,0,0,1,0,0,0,0,0,0,0,0,1,0.2876415683169688
1,1,0,0,65,1,1,99.1,6496.15,0,0,0,1,0,0,0,0,1,0,1,0,0,0,1,0,1,0,0,0,0,0,0.33445875387443563
1,0,1,0,63,1,0,67.25,4234.15,0,0,1,0,0,0,0,0,1,0,0,0,1,0,0,0,1,0,1,0,0,1,0.013914879093294821
0,0,1,1,11,1,0,25.0,300.7,0,0,1,0,1,1,0,1,0,1,0,1,0,1,0,1,0,0,1,0,0,1,0.04510511725166649
1,0,0,1,1,1,1,59.55,59.55,0,0,0,0,0,0,0,0,0,0,0,0,1,0,0,0,1,0,0,0,0,1,0.33105073387603656
1,0,0,0,55,1,1,77.8,4323.35,0,0,1,0,0,0,0,0,0,0,1,0,0,0,1,0,1,0,1,0,0,0,0.05821062360507717
1,0,1,1,25,1,1,55.1,1466.1,0,0,1,0,0,0,0,0,0,0,0,0,1,0,0,0,0,1,0,0,0,1,0.08141236766770424
1,0,1,0,72,1,1,117.8,8684.8,1,0,1,1,0,0,1,0,1,0,1,0,1,0,1,0,1,1,0,0,0,0,0.11075935794338926
0,0,1,0,72,1,1,24.15,1776.45,0,0,1,0,1,1,0,1,0,1,0,1,0,1,0,1,0,0,1,1,0,0,0.0031005716761866933
0,0,0,1,65,0,0,45.25,2933.95,0,1,0,0,0,0,0,0,1,0,0,0,1,0,1,0,0,0,1,0,0,1,0.009273618380950421
0,1,0,0,54,1,1,79.5,4370.25,1,0,1,1,0,0,0,0,1,0,0,0,0,0,0,0,0,0,0,0,1,0,0.34942450595438374
1,0,1,1,7,1,0,20.25,144.35,0,0,0,0,1,1,0,1,0,1,0,1,0,1,0,1,0,0,0,0,0,1,0.1383525652723131
0,0,1,0,72,1,0,64.75,4804.75,0,0,1,0,0,0,1,0,1,0,0,0,1,0,0,0,0,0,1,0,0,0,0.005249994372733917
1,0,1,0,21,1,0,54.6,1125.2,0,0,0,0,0,0,0,0,0,0,0,0,0,0,1,0,0,0,0,0,0,0,0.2496986538575114
0,0,0,0,2,1,1,20.7,39.85,0,0,0,0,1,1,0,1,0,1,0,1,0,1,0,1,0,0,0,0,0,0,0.2615399930664333
1,1,0,0,4,1,1,94.75,422.4,0,0,0,1,0,0,0,0,0,0,1,0,0,0,1,0,1,0,0,0,1,0,0.8081766492938788
1,0,1,0,3,1,1,79.65,251.75,1,0,1,1,0,0,0,0,0,0,0,0,1,0,0,0,0,0,0,0,0,0,0.5774192069970745
1,0,1,0,72,1,0,115.8,8332.15,0,0,1,1,0,0,1,0,1,0,1,0,1,0,1,0,1,0,1,1,0,0,0.042681019603948635
0,0,0,0,6,1,1,49.45,314.6,0,0,0,0,0,0,1,0,0,0,0,0,0,0,0,0,0,0,0,0,1,0,0.35186923969863926
1,0,0,0,52,1,1,83.8,4331.4,0,0,0,1,0,0,0,0,0,0,1,0,0,0,0,0,1,0,0,1,0,0,0.2545980953109954
1,1,1,0,69,1,1,95.35,6382.0,0,0,1,1,0,0,0,0,1,0,1,0,0,0,0,0,1,0,0,0,0,0,0.2827833479860391
1,0,0,0,8,1,1,94.7,740.3,1,0,0,1,0,0,0,0,0,0,1,0,0,0,1,0,1,0,0,0,1,0,0.738855997843925
0,1,0,0,8,1,1,74.05,600.15,0,0,0,1,0,0,0,0,0,0,1,0,0,0,0,0,0,0,0,0,0,0,0.6352812659910378
0,1,0,0,63,1,1,89.6,5538.8,0,0,1,1,0,0,0,0,0,0,1,0,0,0,0,0,1,0,0,0,0,0,0.32707996814078455
1,0,0,0,60,1,1,116.6,7049.5,0,0,1,1,0,0,1,0,1,0,1,0,1,0,1,0,1,1,0,1,0,0,0.11484279467603992
0,0,1,0,12,1,0,54.2,690.5,0,0,0,0,0,0,1,0,0,0,0,0,1,0,0,0,0,0,0,0,0,0,0.14624900457666817
0,0,0,0,13,1,1,19.3,279.3,0,0,0,0,1,1,0,1,0,1,0,1,0,1,0,1,0,0,0,0,0,1,0.1600726208441506
1,0,0,0,22,1,0,65.05,1427.55,0,0,1,0,0,0,1,0,1,0,1,0,0,0,0,0,0,0,0,0,0,1,0.1442655129004235
1,0,0,0,5,1,1,92.5,452.7,1,0,1,1,0,0,0,0,0,0,1,0,0,0,1,0,0,0,0,0,1,0,0.7457348260844204
0,0,1,1,1,1,0,19.45,19.45,1,0,0,0,1,1,0,1,0,1,0,1,0,1,0,1,0,0,0,0,0,1,0.18654446995578886
0,0,1,1,72,1,1,24.05,1709.15,0,0,1,0,1,1,0,1,0,1,0,1,0,1,0,1,0,0,1,0,0,0,0.0027812938097385278
0,0,0,0,2,1,0,18.75,53.15,0,0,0,0,1,1,0,1,0,1,0,1,0,1,0,1,0,0,0,0,0,0,0.21616823536757776
0,0,1,1,40,1,0,20.15,777.35,0,0,0,0,1,1,0,1,0,1,0,1,0,1,0,1,0,0,1,0,0,0,0.008317808665972823
1,0,1,1,44,1,0,20.0,860.85,0,0,0,0,1,1,0,1,0,1,0,1,0,1,0,1,0,1,0,0,0,0,0.011138625750665444
1,1,1,0,71,1,1,71.0,5012.1,0,0,0,0,0,0,1,0,1,0,0,0,1,0,1,0,0,1,0,0,0,0,0.016494021934668434
0,0,0,0,2,1,1,75.55,166.3,1,0,1,1,0,0,0,0,0,0,0,0,0,0,0,0,0,0,0,0,1,0,0.7335328652027485
1,1,0,0,26,1,1,93.6,2404.1,0,0,1,1,0,0,0,0,0,0,0,0,0,0,1,0,1,0,0,0,1,0,0.7308663132163643
1,0,1,1,1,1,1,70.0,70.0,1,0,0,1,0,0,0,0,0,0,0,0,0,0,0,0,0,0,0,0,1,0,0.6518929318815377
0,0,0,0,1,0,0,24.4,24.4,0,1,0,0,0,0,0,0,0,0,0,0,0,0,0,0,0,0,0,0,0,1,0.5123961117114689
1,0,1,1,65,1,1,74.8,4820.15,1,0,0,0,0,0,1,0,0,0,0,0,1,0,1,0,1,0,1,0,0,0,0.011785686210890116
1,0,0,0,3,1,1,65.25,209.9,0,0,1,0,0,0,0,0,0,0,0,0,1,0,1,0,0,0,0,0,0,1,0.41033924542395767
1,0,0,0,13,1,1,50.55,610.75,0,0,0,0,0,0,0,0,0,0,0,0,1,0,0,0,0,0,0,0,0,1,0.21779325220117488
0,0,1,0,33,1,1,104.4,3409.6,1,0,1,1,0,0,0,0,1,0,1,0,0,0,1,0,1,0,0,0,1,0,0.6370860448911274
0,0,0,0,1,1,1,70.7,70.7,0,0,0,1,0,0,0,0,0,0,0,0,0,0,0,0,0,0,0,0,0,1,0.6213330854187936
1,0,1,1,4,1,0,45.25,155.35,0,0,0,0,0,0,0,0,0,0,0,0,0,0,0,0,0,0,0,0,0,1,0.28844105707420387
1,0,0,0,2,1,1,70.3,144.0,0,0,0,1,0,0,0,0,0,0,0,0,0,0,0,0,0,0,0,0,1,0,0.6807148057754432
1,0,1,0,72,1,1,108.95,7875.0,0,0,1,1,0,0,1,0,1,0,0,0,1,0,1,0,1,0,1,1,0,0,0.05038024264533238
0,0,1,1,37,1,0,26.45,911.6,0,0,1,0,1,1,0,1,0,1,0,1,0,1,0,1,0,0,0,0,0,1,0.042070387771259
0,0,0,0,15,1,0,86.2,1270.2,1,0,0,1,0,0,1,0,0,0,0,0,0,0,1,0,0,0,0,0,1,0,0.46603541672779897
0,0,0,0,23,1,1,19.65,478.1,0,0,0,0,1,1,0,1,0,1,0,1,0,1,0,1,0,1,0,1,0,0,0.04678111149982932
0,0,1,1,30,0,0,51.2,1561.5,1,1,0,0,0,0,0,0,0,0,0,0,1,0,1,0,1,0,0,1,0,0,0.1976066795960598
0,0,1,1,42,1,1,19.05,761.85,0,0,0,0,1,1,0,1,0,1,0,1,0,1,0,1,0,1,0,0,1,0,0.021597240905399984
0,0,0,0,32,1,0,74.75,2282.95,0,0,1,0,0,0,1,0,0,0,0,0,0,0,1,0,1,1,0,0,0,1,0.09898694478323326
0,0,1,1,22,1,1,75.8,1615.1,0,0,1,1,0,0,0,0,0,0,0,0,0,0,0,0,0,0,0,0,0,0,0.4587513628062492
1,0,1,0,42,0,1,25.1,1097.15,0,1,0,0,0,0,0,0,0,0,0,0,0,0,0,0,0,0,0,1,0,0,0.13817733641323893
0,0,0,0,8,1,0,44.45,369.3,0,0,0,0,0,0,0,0,0,0,0,0,0,0,0,0,0,0,0,0,0,1,0.2964904298261462
0,0,1,1,65,1,1,104.3,6725.3,0,0,1,1,0,0,1,0,0,0,1,0,0,0,1,0,1,0,1,1,0,0,0.07301400690397025
0,0,0,0,2,1,0,19.5,31.55,1,0,0,0,1,1,0,1,0,1,0,1,0,1,0,1,0,0,0,0,0,1,0.2043283151661687
0,0,1,1,70,1,1,89.0,6293.2,0,0,1,0,0,0,1,0,1,0,1,0,1,0,1,0,1,0,1,0,0,0,0.015378223384219973
1,0,0,1,22,1,0,20.15,432.5,0,0,0,0,1,1,0,1,0,1,0,1,0,1,0,1,0,0,0,1,0,0,0.06030613138606016
0,1,0,0,4,1,1,74.9,321.75,1,0,1,1,0,0,0,0,0,0,0,0,0,0,0,0,0,0,0,0,1,0,0.7700261497269663
0,0,0,0,2,1,0,74.9,147.15,1,0,1,1,0,0,0,0,0,0,0,0,0,0,0,0,0,0,0,1,0,0,0.5844491249445446
0,0,1,1,67,0,0,36.15,2434.45,0,1,0,0,0,0,1,0,1,0,0,0,0,0,0,0,0,0,1,0,0,0,0.006078319522582899
0,0,0,0,25,1,1,19.2,532.1,0,0,0,0,1,1,0,1,0,1,0,1,0,1,0,1,0,0,0,1,0,0,0.08633835876696715
0,0,1,0,20,1,0,19.25,375.25,0,0,0,0,1,1,0,1,0,1,0,1,0,1,0,1,0,0,0,0,0,0,0.09907349545874929
0,0,0,1,2,1,1,61.2,125.95,0,0,0,0,0,0,1,0,0,0,0,0,0,0,0,0,1,0,0,1,0,0,0.3052399623483735
1,0,0,0,51,1,0,20.45,1042.65,0,0,0,0,1,1,0,1,0,1,0,1,0,1,0,1,0,0,1,0,0,1,0.005101537401386879
0,0,1,1,46,0,0,35.05,1620.25,0,1,0,0,0,0,1,0,1,0,0,0,0,0,0,0,0,0,0,0,0,0,0.05694422314457848
0,0,0,0,25,1,1,100.25,2387.75,1,0,1,1,0,0,0,0,1,0,0,0,0,0,1,0,1,0,0,0,1,0,0.6652970796303461
1,0,0,1,13,1,0,44.0,659.35,0,0,0,0,0,0,0,0,0,0,0,0,0,0,0,0,0,0,0,0,0,1,0.21132434357107346
0,1,0,0,25,1,1,102.8,2660.2,1,0,1,1,0,0,1,0,1,0,0,0,0,0,1,0,1,0,0,0,0,1,0.5691857351538381
1,0,1,1,26,1,0,50.35,1285.8,0,0,0,0,0,0,0,0,0,0,1,0,0,0,0,0,0,1,0,0,0,1,0.06715312098746382
1,0,0,0,43,1,1,100.0,4211.55,1,0,1,1,0,0,0,0,0,0,0,0,1,0,1,0,1,1,0,0,1,0,0.2890908552962831
1,0,0,1,19,1,1,20.0,377.55,0,0,0,0,1,1,0,1,0,1,0,1,0,1,0,1,0,0,0,0,1,0,0.1287147362746277
1,0,1,0,10,1,1,99.85,990.9,1,0,0,1,0,0,0,0,1,0,0,0,1,0,1,0,1,0,0,0,1,0,0.6279433209848919
0,0,0,1,2,1,1,94.2,193.8,1,0,1,1,0,0,0,0,0,0,0,0,0,0,1,0,1,0,0,0,0,0,0.7344626092513483
0,0,1,0,72,1,1,86.4,6058.95,0,0,1,0,0,0,1,0,1,0,0,0,1,0,1,0,1,0,1,0,0,0,0.015803867177345953
1,1,0,0,18,1,1,58.4,964.9,0,0,1,0,0,0,1,0,1,0,0,0,0,0,0,0,0,0,0,1,0,0,0.23406052763969717
1,1,0,0,9,1,1,83.85,790.15,1,0,1,1,0,0,0,0,0,0,0,0,0,0,0,0,1,0,0,0,1,0,0.7821994238954454
0,1,0,0,27,1,0,88.3,2467.75,1,0,1,1,0,0,0,0,0,0,1,0,0,0,0,0,1,0,0,1,0,0,0.5183156429664629
1,0,0,0,24,1,1,94.1,2322.85,0,0,1,1,0,0,0,0,0,0,0,0,0,0,1,0,1,0,0,0,1,0,0.6958007051221701
1,0,0,0,69,1,1,104.05,7262.0,1,0,0,1,0,0,0,0,1,0,1,0,1,0,1,0,1,1,0,0,0,0,0.1067398640186146
0,0,1,0,46,1,1,108.9,4854.3,0,0,1,1,0,0,0,0,1,0,1,0,1,0,1,0,1,0,1,1,0,0,0.1337670121709587
0,1,0,0,72,1,1,107.4,7748.75,0,0,1,1,0,0,1,0,1,0,1,0,1,0,0,0,1,0,1,0,0,0,0.052833747569956305
1,0,1,0,22,1,1,94.7,1914.9,1,0,0,1,0,0,0,0,0,0,1,0,0,0,1,0,1,0,0,1,0,0,0.5557676744650764
0,1,1,0,70,1,1,90.85,6470.1,0,0,1,1,0,0,1,0,0,0,0,0,0,0,0,0,1,0,0,0,1,0,0.2752346683816356
0,0,0,0,2,1,0,19.9,57.4,0,0,0,0,1,1,0,1,0,1,0,1,0,1,0,1,0,0,0,0,1,0,0.2634291072056126
1,0,1,0,31,1,1,66.4,2019.8,0,0,0,0,0,0,0,0,0,0,1,0,1,0,0,0,1,0,0,1,0,0,0.15206905069719154
0,1,1,0,56,1,1,100.65,5688.05,1,0,1,1,0,0,0,0,0,0,1,0,0,0,1,0,1,0,0,0,0,0,0.5009271711208274
0,0,1,1,16,1,0,100.7,1522.7,0,0,0,1,0,0,1,0,0,0,1,0,0,0,1,0,1,0,0,0,0,0,0.4181999611291331
1,0,0,1,52,1,0,25.6,1334.5,0,0,1,0,1,1,0,1,0,1,0,1,0,1,0,1,0,0,1,1,0,0,0.00489048501580451
1,0,1,1,13,1,1,19.85,252.0,0,0,0,0,1,1,0,1,0,1,0,1,0,1,0,1,0,0,0,0,0,1,0.13318469535573646
0,0,0,0,35,1,0,20.75,700.45,0,0,0,0,1,1,0,1,0,1,0,1,0,1,0,1,0,1,0,0,0,1,0.020491647001262096
0,0,0,0,59,1,0,95.8,5655.45,0,0,0,1,0,0,0,0,0,0,1,0,0,0,1,0,1,0,1,0,1,0,0.11868633074639105
1,0,1,0,72,1,1,94.65,6747.35,0,0,0,1,0,0,0,0,0,0,1,0,0,0,1,0,1,0,0,0,1,0,0.29990201054897575
0,1,1,0,66,1,1,80.55,5265.1,1,0,1,0,0,0,0,0,1,0,1,0,0,0,1,0,1,0,1,0,0,0,0.051987935880620506
0,0,1,0,49,1,0,106.65,5174.35,0,0,1,1,0,0,1,0,1,0,1,0,1,0,0,0,1,0,1,1,0,0,0.05103668167993681
0,0,0,0,2,1,1,45.85,105.6,0,0,0,0,0,0,0,0,0,0,0,0,0,0,0,0,0,0,0,0,0,1,0.4179789997694817
1,1,0,0,21,1,1,104.35,2271.85,0,0,1,1,0,0,0,0,1,0,1,0,0,0,1,0,1,0,0,0,1,0,0.7504364602700738
1,1,0,0,54,0,1,55.45,2966.95,0,1,0,0,0,0,0,0,1,0,1,0,0,0,1,0,1,1,0,0,1,0,0.1435056922662045
1,1,1,0,24,1,1,78.85,1772.25,1,0,1,1,0,0,1,0,0,0,0,0,0,0,0,0,0,0,0,0,1,0,0.5126356612633638
1,0,0,0,1,1,0,61.15,61.15,0,0,1,0,0,0,1,0,1,0,0,0,0,0,0,0,0,0,0,0,1,0,0.3497552406616788
1,0,0,0,6,1,1,78.95,494.95,0,0,0,1,0,0,1,0,1,0,0,0,0,0,0,0,0,0,0,0,1,0,0.5175822964494426
0,0,0,0,1,1,1,44.45,44.45,1,0,0,0,0,0,0,0,0,0,0,0,0,0,0,0,0,0,0,0,0,1,0.43115910890474285
1,0,0,1,49,1,1,109.2,5290.45,0,0,1,1,0,0,1,0,1,0,1,0,0,0,1,0,1,1,0,1,0,0,0.15400742254373675
0,0,1,1,56,1,1,61.3,3346.8,0,0,0,0,0,0,1,0,1,0,1,0,0,0,0,0,0,0,1,1,0,0,0.009437851698536556
0,1,0,0,56,1,1,96.85,5219.65,0,0,1,1,0,0,1,0,1,0,0,0,0,0,0,0,1,0,0,0,1,0,0.33033091892518246
0,0,1,1,6,0,0,40.55,217.5,0,1,0,0,0,0,0,0,1,0,1,0,1,0,0,0,0,0,1,0,0,1,0.09760781488626588
1,0,0,0,32,1,0,19.8,607.7,0,0,0,0,1,1,0,1,0,1,0,1,0,1,0,1,0,1,0,0,0,1,0.023162403373095334
1,0,1,1,50,1,1,108.25,5431.4,0,0,1,1,0,0,1,0,1,0,1,0,0,0,1,0,1,1,0,0,1,0,0.22063070280266767
1,0,1,1,58,1,1,105.05,6004.85,0,0,1,1,0,0,0,0,0,0,1,0,1,0,1,0,1,1,0,0,0,0,0.15474926405650877
0,0,1,1,65,1,1,90.45,5957.9,0,0,1,0,0,0,1,0,1,0,1,0,1,0,1,0,1,0,1,0,0,1,0.017320225703503698
0,0,0,0,64,1,1,86.4,5442.05,0,0,1,0,0,0,1,0,1,0,1,0,1,0,1,0,1,0,1,1,0,0,0.01797744935657201
0,0,1,0,66,1,0,66.9,4370.25,0,0,1,0,0,0,1,0,1,0,1,0,0,0,0,0,0,0,1,0,0,0,0.009530382836718046
1,0,1,0,38,1,1,110.7,4428.6,0,0,1,1,0,0,1,0,0,0,1,0,1,0,1,0,1,1,0,0,1,0,0.27550262307387335
0,0,1,0,20,1,1,20.0,416.45,0,0,0,0,1,1,0,1,0,1,0,1,0,1,0,1,0,1,0,0,0,1,0.06072816879395932
1,0,0,0,36,1,1,84.9,3067.2,1,0,1,1,0,0,0,0,0,0,0,0,0,0,0,0,1,0,0,0,1,0,0.5280054796225618
1,1,0,0,64,1,0,102.1,6688.1,0,0,1,1,0,0,0,0,0,0,1,0,1,0,1,0,1,1,0,0,1,0,0.19965919983871327
1,0,0,0,1,1,0,20.25,20.25,1,0,0,0,1,1,0,1,0,1,0,1,0,1,0,1,0,0,0,0,0,1,0.2068687380219073
0,0,0,0,60,1,1,70.15,4224.7,0,0,0,0,0,0,0,0,1,0,1,0,1,0,1,0,0,1,0,1,0,0,0.025298942890261158
1,0,0,0,1,1,1,74.35,74.35,1,0,0,1,0,0,0,0,1,0,0,0,0,0,0,0,0,0,0,0,1,0,0.6640272020341257
0,0,1,1,50,1,1,80.05,4042.2,0,0,1,0,0,0,1,0,1,0,1,0,1,0,0,0,1,1,0,0,0,0,0.03327736557056084
1,0,0,0,1,1,0,62.05,62.05,1,0,1,0,0,0,0,0,0,0,1,0,1,0,0,0,0,0,0,0,0,1,0.3035606365694338
0,0,1,0,72,0,1,49.2,3580.95,0,1,0,0,0,0,1,0,1,0,1,0,0,0,0,0,1,0,1,0,1,0,0.01731125258364017
1,0,1,0,60,1,1,20.5,1198.8,0,0,0,0,1,1,0,1,0,1,0,1,0,1,0,1,0,0,1,0,0,0,0.004600126818622173
1,0,0,0,46,0,0,38.25,1755.35,0,1,0,0,0,0,1,0,0,0,1,0,1,0,0,0,0,0,1,0,0,1,0.013636527752080727
0,0,1,1,69,0,1,54.95,3772.5,0,1,0,0,0,0,0,0,1,0,1,0,0,0,1,0,1,0,1,1,0,0,0.02293494275809934
1,1,0,0,31,1,1,96.6,2877.95,0,0,1,1,0,0,0,0,0,0,1,0,1,0,1,0,0,0,0,0,0,0,0.46504251019028037
1,0,1,1,19,1,0,19.9,357.7,0,0,0,0,1,1,0,1,0,1,0,1,0,1,0,1,0,1,0,0,0,1,0.038385439875815996
0,0,1,1,71,1,0,19.9,1397.3,0,0,0,0,1,1,0,1,0,1,0,1,0,1,0,1,0,0,1,1,0,0,0.001431609583094008
1,0,1,0,12,1,1,84.6,959.9,0,0,0,1,0,0,1,0,1,0,1,0,0,0,0,0,0,0,0,0,1,0,0.46976762516227716
1,0,1,1,39,1,0,80.0,3182.95,1,0,0,0,0,0,1,0,0,0,1,0,1,0,1,0,1,1,0,1,0,0,0.03605515599177241
1,0,0,0,44,1,1,85.25,3704.15,0,0,1,0,0,0,0,0,1,0,1,0,1,0,1,0,1,1,0,0,0,0,0.09042656796789215
0,0,1,1,56,1,0,81.25,4620.4,0,0,1,0,0,0,1,0,1,0,1,0,1,0,1,0,0,0,1,1,0,0,0.010839183914839394
0,0,1,0,72,1,1,115.5,8312.75,0,0,1,1,0,0,1,0,1,0,1,0,1,0,1,0,1,0,1,0,0,0,0.06425387873633252
1,0,0,0,5,1,0,104.1,541.9,1,0,1,1,0,0,0,0,1,0,1,0,0,0,1,0,1,0,0,0,0,1,0.6586910521159389
0,0,0,0,11,1,1,79.0,929.3,0,0,1,1,0,0,1,0,0,0,0,0,0,0,0,0,0,0,0,0,0,0,0.5029624497737045
1,1,1,0,24,0,0,39.1,971.3,1,1,0,0,0,0,1,0,0,0,0,0,0,0,0,0,1,0,0,0,0,0,0.2920391882395348
0,1,1,0,15,1,1,94.65,1285.05,0,0,0,1,0,0,0,0,1,0,0,0,0,0,1,0,1,0,0,0,1,0,0.7380972609271885
1,0,0,0,72,1,1,20.8,1521.2,0,0,0,0,1,1,0,1,0,1,0,1,0,1,0,1,0,0,1,0,0,1,0.002246152699766524
1,0,1,0,56,1,0,59.5,3389.25,0,0,1,0,0,0,0,0,1,0,1,0,0,0,0,0,0,0,1,1,0,0,0.017231613433001
1,1,0,0,64,1,1,20.05,1198.05,0,0,0,0,1,1,0,1,0,1,0,1,0,1,0,1,0,0,1,0,0,0,0.0045034020234747665
0,0,1,0,34,1,1,100.45,3414.65,0,0,1,1,0,0,0,0,0,0,1,0,0,0,1,0,1,0,0,0,1,0,0.6497039772157692
1,0,0,0,2,1,1,76.5,162.45,1,0,1,1,0,0,0,0,0,0,0,0,0,0,0,0,0,0,0,0,1,0,0.7250152466634117
1,0,0,0,35,1,0,20.6,754.0,0,0,0,0,1,1,0,1,0,1,0,1,0,1,0,1,0,1,0,0,0,0,0.021363528105250634
1,0,0,0,22,1,0,20.3,467.15,0,0,0,0,1,1,0,1,0,1,0,1,0,1,0,1,0,1,0,1,0,0,0.03658025299643102
1,0,0,0,5,1,1,49.2,216.9,1,0,0,0,0,0,0,0,0,0,0,0,1,0,0,0,0,0,0,0,1,0,0.35741446202625154
1,0,0,0,9,0,0,39.55,373.0,0,1,0,0,0,0,1,0,1,0,1,0,0,0,0,0,0,1,0,0,0,1,0.15495434622696394
1,0,0,0,11,1,0,23.15,245.2,1,0,1,0,1,1,0,1,0,1,0,1,0,1,0,1,0,0,0,1,0,0,0.15474029915009951
1,0,0,0,23,1,0,20.45,481.1,0,0,0,0,1,1,0,1,0,1,0,1,0,1,0,1,0,1,0,0,0,1,0.03712466850664965
0,0,1,1,4,1,0,80.85,302.75,1,0,0,1,0,0,0,0,0,0,0,0,0,0,0,0,1,0,0,0,1,0,0.6264272478641097
1,0,1,0,68,1,0,25.25,1728.2,0,0,1,0,1,1,0,1,0,1,0,1,0,1,0,1,0,0,1,0,0,0,0.003206197704558776
1,0,1,0,33,1,0,91.25,2964.05,0,0,0,1,0,0,0,0,0,0,0,0,0,0,1,0,1,0,0,0,1,0,0.507292677116408
1,0,0,0,31,1,1,72.45,2156.25,0,0,0,0,0,0,1,0,1,0,1,0,1,0,1,0,0,0,0,0,0,0,0.10462724778184705
1,0,0,0,1,1,0,60.1,60.1,1,0,1,0,0,0,0,0,1,0,0,0,1,0,0,0,0,0,0,0,0,1,0.2865858036554324
0,0,0,0,56,1,0,19.7,1051.9,0,0,0,0,1,1,0,1,0,1,0,1,0,1,0,1,0,0,1,0,0,0,0.004201872142459282
1,0,0,0,1,1,1,78.95,78.95,1,0,0,1,0,0,0,0,0,0,0,0,0,0,1,0,0,0,0,0,1,0,0.7381630777097602
1,0,1,1,66,1,1,75.1,5013.0,0,0,0,0,0,0,1,0,1,0,1,0,1,0,1,0,0,1,0,0,1,0,0.017723303815069584
1,0,1,1,72,1,0,25.0,1738.9,0,0,1,0,1,1,0,1,0,1,0,1,0,1,0,1,0,0,1,0,0,0,0.002049399310868724
1,1,0,0,34,1,0,69.15,2275.1,0,0,0,1,0,0,0,0,0,0,0,0,0,0,0,0,0,0,0,1,0,0,0.2931982651241799
0,0,1,1,58,1,1,91.55,5511.65,0,0,0,1,0,0,0,0,1,0,1,0,0,0,1,0,0,0,0,0,1,0,0.27469242369168767
1,0,0,0,2,1,1,45.15,98.5,1,0,0,0,0,0,0,0,0,0,0,0,0,0,0,0,0,0,0,0,1,0,0.4920251639758942
1,0,0,0,37,0,0,35.8,1316.9,0,1,0,0,0,0,0,0,0,0,0,0,0,0,1,0,0,0,1,1,0,0,0.05420399281585518
0,0,0,0,71,1,1,113.15,7993.3,0,0,1,1,0,0,1,0,1,0,1,0,1,0,1,0,1,0,1,1,0,0,0.05352053531075792
1,0,1,1,1,1,0,19.85,19.85,0,0,0,0,1,1,0,1,0,1,0,1,0,1,0,1,0,1,0,1,0,0,0.08842944692687338
1,1,1,1,71,1,0,19.8,1388.45,0,0,0,0,1,1,0,1,0,1,0,1,0,1,0,1,0,0,1,1,0,0,0.001793083129433453
1,0,1,1,35,1,0,19.9,666.0,0,0,0,0,1,1,0,1,0,1,0,1,0,1,0,1,0,1,0,0,1,0,0.023118093026156986
0,0,1,1,6,1,0,19.7,94.45,0,0,0,0,1,1,0,1,0,1,0,1,0,1,0,1,0,1,0,0,0,1,0.07589034449487714
0,0,0,0,3,1,1,79.4,244.65,1,0,0,1,0,0,0,0,0,0,0,0,0,0,1,0,0,0,0,0,1,0,0.7305581095949399
0,0,1,1,69,1,0,59.1,4134.7,0,0,0,0,0,0,0,0,1,0,1,0,1,0,0,0,0,1,0,0,0,0,0.008659783907509225
1,0,0,0,44,0,1,53.95,2375.4,1,1,0,0,0,0,0,0,1,0,1,0,0,0,1,0,1,1,0,0,0,1,0.1245619788662175
0,0,1,0,53,1,1,91.15,4862.5,0,0,1,1,0,0,0,0,0,0,0,0,1,0,0,0,1,1,0,0,1,0,0.1904646956731836
0,0,1,0,24,1,1,99.3,2431.35,1,0,0,1,0,0,0,0,1,0,1,0,0,0,1,0,1,0,0,1,0,0,0.5443926692496309
0,0,1,0,5,1,1,68.95,351.5,0,0,0,1,0,0,0,0,0,0,0,0,0,0,0,0,0,0,0,0,1,0,0.6767168352002876
0,0,0,1,2,1,0,51.55,106.2,0,0,0,0,0,0,0,0,1,0,0,0,0,0,0,0,0,0,0,0,0,1,0.27848482007677205
1,0,0,1,62,1,1,24.4,1413.0,0,0,1,0,1,1,0,1,0,1,0,1,0,1,0,1,0,0,1,0,0,1,0.003968857465388548
0,0,1,0,19,1,1,96.8,1743.05,0,0,0,1,0,0,0,0,0,0,1,0,0,0,1,0,1,0,0,0,1,0,0.6812317423772685
1,0,0,0,9,1,0,70.05,657.5,0,0,0,1,0,0,0,0,0,0,0,0,0,0,0,0,0,0,0,0,0,1,0.4758014887862879
1,0,0,0,53,1,0,19.5,1050.5,0,0,0,0,1,1,0,1,0,1,0,1,0,1,0,1,0,0,1,1,0,0,0.004273470661526464
1,0,0,0,5,1,0,78.75,426.35,0,0,0,1,0,0,0,0,0,0,0,0,0,0,0,0,1,0,0,0,0,1,0.5806142036891019
0,1,1,1,71,1,0,69.2,4982.5,0,0,1,0,0,0,1,0,1,0,0,0,0,0,1,0,0,1,0,0,1,0,0.025906019444567142
0,0,0,0,1,1,1,19.55,19.55,0,0,0,0,1,1,0,1,0,1,0,1,0,1,0,1,0,0,0,0,0,1,0.2628244527176195
1,0,0,0,18,1,1,80.65,1451.9,1,0,1,1,0,0,0,0,1,0,0,0,0,0,0,0,0,0,0,0,1,0,0.5758104513852352
1,0,0,0,72,1,1,103.65,7634.8,0,0,1,1,0,0,0,0,1,0,1,0,0,0,1,0,1,0,1,0,1,0,0.14080106506126971
0,0,1,0,4,1,0,54.7,235.05,0,0,0,0,0,0,1,0,1,0,0,0,0,0,0,0,0,0,0,0,0,1,0.2326410210962798
1,0,0,0,59,1,0,54.15,3116.15,0,0,1,0,0,0,0,0,0,0,1,0,0,0,0,0,0,0,1,1,0,0,0.014378072759848776
0,0,0,0,1,1,0,71.1,71.1,1,0,0,1,0,0,0,0,0,0,0,0,0,0,0,0,0,0,0,0,0,1,0.5543293557732453
0,1,1,0,31,1,1,84.85,2633.4,0,0,1,1,0,0,0,0,0,0,0,0,0,0,0,0,1,0,0,0,1,0,0.6494974030683237
1,0,1,0,3,1,0,20.0,49.65,0,0,0,0,1,1,0,1,0,1,0,1,0,1,0,1,0,0,0,0,0,0,0.20688396523637625
0,1,1,0,65,1,1,106.25,6979.8,1,0,1,1,0,0,0,0,1,0,1,0,0,0,1,0,1,1,0,0,1,0,0.3223765474177996
1,0,1,0,49,1,1,99.25,4920.8,0,0,0,1,0,0,0,0,0,0,1,0,1,0,1,0,1,1,0,1,0,0,0.16520666058579983
1,0,0,0,2,1,0,19.35,46.35,0,0,0,0,1,1,0,1,0,1,0,1,0,1,0,1,0,0,0,0,0,1,0.2000214979208543
0,0,1,0,53,1,0,20.8,1021.8,1,0,0,0,1,1,0,1,0,1,0,1,0,1,0,1,0,1,0,0,0,0,0.008793500615829794
0,0,1,0,55,1,1,94.75,5276.1,0,0,0,1,0,0,1,0,0,0,0,0,0,0,1,0,1,1,0,0,1,0,0.19132353112693018
1,0,1,1,72,1,1,114.05,8289.2,0,0,1,1,0,0,1,0,1,0,1,0,1,0,1,0,1,0,1,1,0,0,0.045152213110144224
0,1,0,0,36,1,1,74.9,2659.45,0,0,1,1,0,0,0,0,0,0,0,0,0,0,0,0,0,0,0,0,0,0,0.4417264238119426
0,0,1,1,10,1,1,19.8,196.75,0,0,0,0,1,1,0,1,0,1,0,1,0,1,0,1,0,0,0,0,0,0,0.16488104531217704
1,1,0,0,1,1,1,94.0,94.0,1,0,1,1,0,0,0,0,0,0,0,0,0,0,1,0,1,0,0,0,1,0,0.8536037082952227
0,0,1,1,72,1,0,80.85,5824.75,0,0,1,0,0,0,1,0,1,0,1,0,1,0,0,0,1,0,1,0,0,0,0.007108754086353267
0,0,0,0,28,1,0,54.65,1517.5,0,0,0,0,0,0,0,0,1,0,0,0,1,0,0,0,0,0,0,0,0,0,0.10125615199223896
1,0,1,0,38,1,0,91.7,3479.05,0,0,1,1,0,0,1,0,0,0,0,0,0,0,1,0,0,0,0,0,0,0,0.298035140829427
0,0,0,0,61,1,1,118.6,7365.7,0,0,1,1,0,0,1,0,1,0,1,0,1,0,1,0,1,1,0,0,1,0,0.16904777091529644
1,0,1,1,52,1,0,24.55,1331.05,0,0,1,0,1,1,0,1,0,1,0,1,0,1,0,1,0,0,1,0,0,1,0.005565990366364735
1,0,0,0,67,1,1,19.45,1195.95,0,0,0,0,1,1,0,1,0,1,0,1,0,1,0,1,0,1,0,0,0,1,0.004721159748029393
0,0,0,1,34,1,1,116.15,3946.9,0,0,1,1,0,0,1,0,1,0,1,0,1,0,1,0,1,0,1,1,0,0,0.1019461747554061
0,0,0,0,54,1,0,80.6,4299.95,0,0,0,0,0,0,1,0,0,0,1,0,1,0,1,0,1,0,1,0,1,0,0.02250450528741827
0,0,1,0,1,1,1,20.3,20.3,0,0,0,0,1,1,0,1,0,1,0,1,0,1,0,1,0,0,0,0,0,0,0.28257641756277563
0,1,0,0,15,1,0,89.85,1424.95,1,0,1,1,0,0,0,0,1,0,0,0,0,0,0,0,1,0,0,0,1,0,0.678261820843604
0,0,0,0,4,1,1,46.0,193.6,1,0,0,0,0,0,0,0,0,0,0,0,0,0,0,0,0,0,0,0,0,1,0.3956462522204924
0,0,0,0,9,1,0,66.25,620.55,1,0,0,0,0,0,0,0,1,0,0,0,1,0,1,0,0,0,0,0,0,1,0.23461380397767645
0,0,0,1,46,1,1,99.8,4391.25,0,0,0,1,0,0,0,0,1,0,1,0,0,0,1,0,1,0,0,0,1,0,0.40277879158029894
0,0,0,0,22,1,1,90.0,1993.8,1,0,1,1,0,0,0,0,0,0,0,0,1,0,1,0,0,0,0,0,1,0,0.5501365811622111
1,0,0,0,38,1,1,70.45,2597.6,1,0,0,1,0,0,0,0,0,0,0,0,0,0,0,0,0,1,0,0,0,0,0.16247293038893024
0,0,1,1,55,1,1,75.0,4213.9,0,0,1,0,0,0,1,0,1,0,0,0,1,0,1,0,0,1,0,1,0,0,0.023329520729576784
0,0,0,0,1,1,0,19.9,19.9,0,0,0,0,1,1,0,1,0,1,0,1,0,1,0,1,0,0,0,0,0,1,0.21283864853609083
1,1,1,0,64,1,0,80.3,5017.7,0,0,0,1,0,0,1,0,0,0,1,0,0,0,0,0,0,1,0,1,0,0,0.04760685651104644
1,0,0,1,53,1,0,19.75,1052.35,1,0,0,0,1,1,0,1,0,1,0,1,0,1,0,1,0,0,1,0,0,0,0.003902352569155595
0,0,1,0,58,1,1,84.3,4916.4,0,0,1,0,0,0,1,0,0,0,1,0,1,0,1,0,1,0,1,0,1,0,0.036798029720125476
1,0,1,0,56,0,1,54.05,2959.8,0,1,0,0,0,0,0,0,0,0,1,0,1,0,1,0,1,1,0,0,0,0,0.06452870973607802
1,0,1,1,72,1,1,104.9,7559.55,0,0,0,1,0,0,1,0,0,0,1,0,1,0,1,0,1,0,1,1,0,0,0.032955443659464394
1,0,0,0,1,1,1,53.95,53.95,1,0,0,0,0,0,1,0,0,0,0,0,1,0,0,0,0,0,0,0,1,0,0.300166162863593
1,1,1,0,72,1,1,97.25,7133.1,0,0,1,1,0,0,0,0,1,0,0,0,0,0,1,0,1,1,0,1,0,0,0.18559324866163182
1,0,0,0,22,1,0,83.05,1799.3,0,0,1,1,0,0,0,0,0,0,0,0,0,0,0,0,1,0,0,0,1,0,0.5731998356492741
0,1,0,0,8,1,1,105.5,829.55,1,0,1,1,0,0,0,0,1,0,1,0,0,0,1,0,1,0,0,0,1,0,0.8096827206747638
0,0,0,1,16,1,1,81.0,1312.15,1,0,0,1,0,0,0,0,0,0,0,0,0,0,1,0,0,0,0,0,1,0,0.5801048941123846
0,0,0,0,39,0,0,41.1,1597.05,0,1,0,0,0,0,0,0,1,0,1,0,1,0,0,0,0,0,0,0,0,0,0.09625888037675363
0,0,0,0,12,1,1,45.0,524.35,0,0,0,0,0,0,0,0,0,0,0,0,0,0,0,0,0,0,0,0,0,0,0.32576327144205064
1,0,1,0,54,1,1,74.55,4191.45,0,0,0,0,0,0,1,0,1,0,0,0,0,0,1,0,1,0,1,0,0,0,0.030735122843636307
0,0,0,0,18,0,1,40.2,711.95,0,1,0,0,0,0,1,0,1,0,0,0,1,0,0,0,0,1,0,0,0,1,0.09756707940212264
1,0,1,0,32,1,0,70.5,2201.75,0,0,0,0,0,0,1,0,1,0,0,0,1,0,0,0,1,1,0,0,0,1,0.0385842400416743
0,0,0,0,41,1,1,19.75,806.95,0,0,0,0,1,1,0,1,0,1,0,1,0,1,0,1,0,1,0,0,0,1,0.01973205405306383
1,0,1,1,67,1,0,24.65,1620.45,0,0,1,0,1,1,0,1,0,1,0,1,0,1,0,1,0,0,1,0,0,0,0.0026623503845335144
1,0,1,0,65,1,1,104.25,6812.95,0,0,1,1,0,0,1,0,0,0,1,0,0,0,1,0,1,0,0,0,1,0,0.34510569465234975
0,0,0,0,25,1,1,78.35,1837.9,0,0,1,0,0,0,1,0,1,0,1,0,1,0,1,0,0,0,0,0,0,0,0.16140734013169647
0,0,1,1,1,1,1,69.8,69.8,1,0,0,1,0,0,0,0,0,0,0,0,0,0,0,0,0,0,0,0,1,0,0.6597001936809751
0,0,1,0,67,1,1,109.7,7344.45,0,0,1,1,0,0,0,0,1,0,1,0,1,0,1,0,1,1,0,1,0,0,0.13991935916073375
1,1,0,0,7,1,0,73.75,545.15,1,0,1,1,0,0,0,0,0,0,0,0,0,0,0,0,0,0,0,0,0,1,0.6172414043796456
0,1,0,0,43,0,1,33.45,1500.25,0,1,0,0,0,0,1,0,1,0,0,0,0,0,0,0,0,0,0,1,0,0,0.11126294488015598
0,0,0,0,24,1,1,94.6,2283.15,0,0,0,1,0,0,1,0,0,0,0,0,0,0,1,0,1,0,0,0,1,0,0.5438936622244573
1,1,0,0,9,1,0,54.55,494.05,1,0,1,0,0,0,1,0,0,0,0,0,0,0,0,0,0,0,0,0,1,0,0.36320759496513433
1,0,1,1,69,1,0,20.2,1376.5,0,0,0,0,1,1,0,1,0,1,0,1,0,1,0,1,0,0,1,0,0,0,0.0017567815328148112
0,0,0,1,37,1,0,20.3,755.4,0,0,0,0,1,1,0,1,0,1,0,1,0,1,0,1,0,1,0,0,0,0,0.0159098997245991
1,0,1,1,20,0,1,39.4,825.4,0,1,0,0,0,0,1,0,0,0,1,0,1,0,0,0,0,0,1,1,0,0,0.046981405728722885
1,0,0,0,7,1,0,69.15,488.65,0,0,0,1,0,0,0,0,0,0,0,0,0,0,0,0,0,0,0,0,0,0,0.5089061333497064
0,1,0,0,37,1,1,76.25,2841.55,1,0,1,1,0,0,0,0,0,0,0,0,0,0,0,0,0,0,0,0,1,0,0.5048157135070462
0,0,0,0,5,1,1,93.9,486.85,1,0,1,1,0,0,0,0,0,0,0,0,0,0,1,0,1,0,0,0,0,1,0.7491161563326483
1,0,0,0,41,0,1,51.35,2075.1,0,1,0,0,0,0,0,0,0,0,1,0,0,0,1,0,1,1,0,0,1,0,0.19180926648033728
0,0,0,0,54,1,1,100.05,5299.65,0,0,0,1,0,0,1,0,1,0,0,0,0,0,1,0,1,1,0,1,0,0,0.12466948520924734
0,1,0,0,3,1,1,70.4,204.7,1,0,0,1,0,0,0,0,0,0,0,0,0,0,0,0,0,0,0,0,1,0,0.7326837561974293
1,1,0,0,69,1,0,20.3,1356.3,0,0,0,0,1,1,0,1,0,1,0,1,0,1,0,1,0,0,1,1,0,0,0.0023529828406721413
0,0,0,0,53,1,1,94.45,5042.75,0,0,0,1,0,0,0,0,1,0,1,0,1,0,0,0,1,1,0,1,0,0,0.10090960448762737
1,0,1,1,18,0,0,46.4,812.4,0,1,0,0,0,0,0,0,1,0,1,0,0,0,1,0,0,1,0,1,0,0,0.1576473111124498
1,0,1,0,64,1,1,104.05,6605.55,0,0,0,1,0,0,1,0,1,0,0,0,1,0,1,0,1,0,1,1,0,0,0.04425263162134047
0,0,1,1,31,1,1,91.15,2995.45,1,0,1,1,0,0,0,0,1,0,0,0,0,0,0,0,1,0,0,0,1,0,0.5284984752759931
0,0,0,0,20,0,0,24.9,505.95,0,1,0,0,0,0,0,0,0,0,0,0,0,0,0,0,0,0,0,1,0,0,0.26876682297356913
1,0,1,1,57,1,0,59.6,3509.4,0,0,0,0,0,0,1,0,1,0,0,0,1,0,0,0,0,1,0,0,0,1,0.008625231374460477
1,1,1,0,63,1,0,108.5,6991.9,0,0,1,1,0,0,1,0,1,0,1,0,0,0,1,0,1,0,1,1,0,0,0.0924404623610498
1,0,1,1,13,0,0,40.55,590.35,0,1,0,0,0,0,1,0,1,0,0,0,1,0,0,0,0,0,1,0,0,1,0.048262255783012735
0,1,1,0,48,1,1,58.95,2789.7,0,0,0,0,0,0,0,0,1,0,0,0,0,0,0,0,1,1,0,0,0,0,0.07799978086252687
0,0,0,0,2,1,1,70.95,137.95,1,0,0,1,0,0,0,0,0,0,0,0,0,0,0,0,0,0,0,0,1,0,0.6860170643801504
1,0,1,1,57,1,0,20.75,1123.15,0,0,0,0,1,1,0,1,0,1,0,1,0,1,0,1,0,0,1,0,0,1,0.0030960755494897096
1,0,1,0,71,1,1,113.15,7953.25,0,0,1,1,0,0,0,0,1,0,1,0,1,0,1,0,1,1,0,0,0,0,0.14148981348441758
0,0,1,1,7,1,0,48.8,349.8,0,0,1,0,0,0,0,0,0,0,0,0,0,0,0,0,0,0,0,0,1,0,0.3946149462524905
0,0,0,0,16,1,1,63.05,1067.05,0,0,1,0,0,0,0,0,0,0,0,0,0,0,0,0,1,0,0,0,0,0,0.4099026325906469
1,0,1,0,34,1,0,100.85,3527.3,0,0,1,1,0,0,0,0,0,0,1,0,0,0,1,0,1,0,0,0,1,0,0.5847727406833466
0,0,1,0,37,1,1,99.5,3762.0,1,0,1,1,0,0,0,0,0,0,1,0,0,0,1,0,1,0,0,0,1,0,0.6356026580591954
1,0,0,0,16,1,1,80.55,1248.9,0,0,1,1,0,0,0,0,1,0,0,0,0,0,0,0,0,0,0,0,0,1,0.5088048498020943
1,0,0,1,48,1,1,64.4,3035.35,0,0,1,0,0,0,1,0,1,0,1,0,0,0,0,0,0,1,0,0,0,0,0.03058619199010625
1,0,1,1,58,1,1,75.2,4300.8,0,0,0,0,0,0,0,0,1,0,0,0,1,0,1,0,1,1,0,1,0,0,0.030909397133568002
0,0,1,0,72,1,1,84.9,6065.3,0,0,1,0,0,0,1,0,0,0,1,0,1,0,1,0,1,0,1,0,0,0,0.017724105565977772
0,0,0,0,7,1,0,19.3,144.95,0,0,0,0,1,1,0,1,0,1,0,1,0,1,0,1,0,0,0,0,0,1,0.16549219934707118
0,0,0,0,38,1,1,83.9,3233.6,1,0,0,1,0,0,1,0,1,0,1,0,0,0,0,0,0,0,0,1,0,0,0.20296597553870335
0,1,1,0,48,1,0,117.45,5438.9,1,0,1,1,0,0,1,0,1,0,1,0,1,0,1,0,1,0,0,0,1,0,0.3507435146153974
1,0,0,0,10,1,1,104.4,1081.45,1,0,0,1,0,0,1,0,1,0,1,0,0,0,1,0,1,0,0,0,1,0,0.6125745740462403
0,0,0,0,30,1,0,74.65,2308.6,0,0,0,0,0,0,1,0,1,0,1,0,1,0,1,0,0,1,0,1,0,0,0.03975715008044335
1,0,1,0,31,1,1,59.05,1882.8,0,0,1,0,0,0,0,0,0,0,0,0,0,0,1,0,0,0,0,1,0,0,0.25156530889633
0,1,0,0,46,1,1,69.1,3255.35,0,0,1,0,0,0,0,0,0,0,1,0,1,0,0,0,1,1,0,1,0,0,0.07631639825742792
1,0,1,0,50,1,0,20.55,1067.65,0,0,0,0,1,1,0,1,0,1,0,1,0,1,0,1,0,0,1,0,0,1,0.005719915601847707
1,0,1,0,28,1,0,76.55,2065.4,0,0,0,1,0,0,0,0,0,0,0,0,1,0,0,0,0,0,0,0,0,0,0.24634699677005004
0,0,0,0,66,0,1,62.5,4136.4,0,1,0,0,0,0,1,0,1,0,1,0,1,0,1,0,1,0,1,0,0,0,0.017754739483733465
1,1,0,0,8,0,1,29.4,221.9,1,1,0,0,0,0,0,0,0,0,1,0,0,0,0,0,0,0,0,0,1,0,0.6229102641977657
0,0,1,1,41,1,1,94.9,3848.0,0,0,0,1,0,0,0,0,0,0,1,0,0,0,1,0,1,0,0,0,0,0,0.4100054522119161
1,1,1,0,72,1,1,111.65,8022.85,0,0,1,1,0,0,0,0,1,0,1,0,1,0,1,0,1,0,1,0,0,0,0.10882905978247014
0,0,0,0,7,1,0,19.9,173.15,0,0,0,0,1,1,0,1,0,1,0,1,0,1,0,1,0,1,0,0,0,1,0.08568968999286586
0,0,1,1,38,1,0,20.45,781.25,0,0,0,0,1,1,0,1,0,1,0,1,0,1,0,1,0,0,0,0,0,1,0.031276513575103214
1,0,0,0,44,1,1,106.05,4510.8,0,0,0,1,0,0,1,0,1,0,1,0,0,0,1,0,1,1,0,0,1,0,0.21982983695615402
1,0,1,1,47,1,1,113.45,5317.8,0,0,1,1,0,0,1,0,1,0,1,0,1,0,1,0,1,1,0,0,0,0,0.14007841008070845
1,0,1,1,53,1,1,92.55,4779.45,0,0,0,1,0,0,0,0,1,0,0,0,1,0,1,0,0,0,0,0,1,0,0.2070109454076323
1,0,1,0,4,1,0,65.6,250.1,0,0,1,0,0,0,0,0,0,0,1,0,0,0,1,0,0,0,0,0,1,0,0.5227515093405084
1,1,0,0,20,1,1,84.35,1745.2,0,0,1,1,0,0,0,0,0,0,0,0,0,0,1,0,0,0,0,0,1,0,0.7109180413921548
1,0,0,0,2,1,0,44.65,74.9,1,0,0,0,0,0,0,0,0,0,0,0,0,0,0,0,0,0,0,0,0,1,0.3464394320084328
1,1,1,0,57,1,1,71.1,4140.1,0,0,1,0,0,0,0,0,1,0,1,0,0,0,1,0,0,1,0,1,0,0,0.06970136614535881
0,1,1,0,44,1,1,85.15,3670.5,0,0,0,1,0,0,1,0,1,0,0,0,1,0,0,0,0,0,0,0,1,0,0.21537484077748914
1,0,0,0,24,1,1,49.7,1167.8,0,0,0,0,0,0,0,0,0,0,1,0,0,0,0,0,0,0,0,0,0,1,0.2061185663954506
1,0,1,1,15,0,1,30.2,469.65,0,1,0,0,0,0,1,0,0,0,0,0,0,0,0,0,0,0,0,0,0,0,0.2753195275097418
0,0,0,0,3,0,0,25.25,58.9,1,1,0,0,0,0,0,0,0,0,0,0,0,0,0,0,0,0,0,0,1,0,0.564889959877371
0,0,0,1,4,1,0,84.05,333.55,1,0,1,1,0,0,0,0,1,0,1,0,0,0,0,0,0,0,0,0,0,0,0.5134099221229984
1,1,1,0,37,1,1,85.7,3171.15,1,0,1,1,0,0,0,0,0,0,0,0,0,0,1,0,0,0,0,0,1,0,0.5912998631649322
0,0,0,0,1,1,1,74.7,74.7,1,0,0,1,0,0,0,0,1,0,0,0,0,0,0,0,0,0,0,0,1,0,0.670552499026669
0,0,0,0,24,1,0,56.35,1381.2,0,0,0,0,0,0,1,0,0,0,0,0,1,0,0,0,0,0,0,1,0,0,0.07868676369066055
0,0,0,0,5,1,1,90.8,455.5,1,0,1,1,0,0,0,0,1,0,0,0,0,0,1,0,0,0,0,0,1,0,0.7361557955639587
0,0,0,0,33,1,0,107.55,3645.5,0,0,1,1,0,0,0,0,1,0,1,0,0,0,1,0,1,0,0,0,1,0,0.5699661221791682
0,0,1,1,58,1,1,19.85,1158.85,0,0,0,0,1,1,0,1,0,1,0,1,0,1,0,1,0,0,1,0,0,1,0.004038310145022621
0,0,1,1,72,1,1,95.9,6954.15,0,0,1,1,0,0,1,0,1,0,0,0,0,0,1,0,0,0,1,0,0,0,0.0424815372805634
0,0,1,0,71,1,0,23.85,1672.1,0,0,1,0,1,1,0,1,0,1,0,1,0,1,0,1,0,0,1,0,0,1,0.0026126600480304266
0,1,0,0,28,1,1,106.15,3152.5,1,0,1,1,0,0,0,0,1,0,1,0,0,0,1,0,1,0,0,0,1,0,0.7256512616891794
1,0,1,0,51,1,1,83.85,4307.1,0,0,0,0,0,0,1,0,1,0,1,0,1,0,1,0,1,0,1,1,0,0,0.02174141142187962
0,0,0,0,30,1,0,85.35,2530.4,1,0,0,0,0,0,1,0,1,0,1,0,1,0,1,0,1,1,0,0,0,0,0.06007833273326465
1,1,1,0,72,1,1,84.8,6141.65,0,0,0,1,0,0,1,0,1,0,0,0,1,0,0,0,0,0,1,1,0,0,0.019731316057290015
1,1,0,0,36,1,1,90.85,3186.7,1,0,1,1,0,0,1,0,0,0,0,0,0,0,1,0,0,0,0,0,1,0,0.48345906256635846
1,0,0,1,14,1,0,76.1,1054.8,0,0,0,0,0,0,1,0,1,0,1,0,1,0,0,0,1,0,1,0,0,0,0.0362707540592564
0,0,1,1,72,1,0,74.55,5430.65,0,0,1,0,0,0,1,0,1,0,0,0,1,0,1,0,0,0,1,0,0,1,0.006065056599030345
0,0,1,1,22,0,0,39.2,849.9,0,1,0,0,0,0,0,0,1,0,0,0,0,0,1,0,0,0,0,0,1,0,0.33792534050129575
0,0,0,0,2,1,0,79.55,151.75,0,0,1,1,0,0,0,0,1,0,0,0,0,0,0,0,0,0,0,0,1,0,0.6506599022580867
0,0,0,0,15,1,0,19.6,299.4,0,0,0,0,1,1,0,1,0,1,0,1,0,1,0,1,0,0,0,0,0,1,0.114480560147684
1,0,1,1,51,1,0,19.55,1086.75,0,0,0,0,1,1,0,1,0,1,0,1,0,1,0,1,0,0,1,1,0,0,0.004105385725051435
1,0,1,0,70,0,1,39.15,2692.75,0,1,0,0,0,0,1,0,0,0,1,0,1,0,0,0,0,0,1,1,0,0,0.005660417962139428
0,0,1,1,71,1,0,20.1,1389.6,0,0,0,0,1,1,0,1,0,1,0,1,0,1,0,1,0,0,1,0,0,0,0.0016213284801682387
0,0,1,1,39,1,1,99.95,3767.4,0,0,1,1,0,0,0,0,0,0,0,0,1,0,1,0,1,0,0,1,0,0,0.358469740066355
0,0,1,1,61,1,0,59.8,3641.5,0,0,1,0,0,0,1,0,1,0,0,0,0,0,0,0,0,0,0,0,1,0,0.03961384457520945
0,0,0,0,52,1,1,49.75,2535.55,0,0,0,0,0,0,1,0,0,0,0,0,0,0,0,0,0,0,0,0,0,0,0.05124320357802415
0,0,0,0,1,0,1,35.75,35.75,1,1,0,0,0,0,0,0,0,0,0,0,0,0,1,0,0,0,0,0,1,0,0.7042233429312099
1,0,1,0,64,1,1,108.5,6880.85,0,0,1,1,0,0,1,0,0,0,1,0,1,0,1,0,1,1,0,0,0,1,0.11343227186561598
1,0,1,0,62,1,1,60.15,3753.2,0,0,0,0,0,0,0,0,1,0,1,0,1,0,0,0,0,0,1,1,0,0,0.009368240282688744
1,0,1,0,30,1,0,19.05,637.55,0,0,0,0,1,1,0,1,0,1,0,1,0,1,0,1,0,0,1,0,0,1,0.016389430699991433
0,1,1,1,4,1,0,46.0,181.6,1,0,0,0,0,0,0,0,0,0,0,0,0,0,0,0,0,0,0,0,1,0,0.4298682047341559
1,1,1,0,63,1,1,84.0,5329.55,0,0,0,0,0,0,1,0,1,0,1,0,1,0,1,0,1,1,0,0,0,0,0.036347091534886605
0,0,0,0,1,1,1,44.55,44.55,0,0,0,0,0,0,0,0,0,0,0,0,0,0,0,0,0,0,0,1,0,0,0.4134730233555273
1,0,1,0,15,1,1,103.45,1539.8,0,0,1,1,0,0,0,0,0,0,1,0,1,0,1,0,1,0,0,0,1,0,0.674495458023235
1,0,1,1,27,1,1,80.65,2209.75,0,0,0,1,0,0,1,0,1,0,0,0,0,0,0,0,0,1,0,1,0,0,0.12125836614322963
0,0,0,1,4,0,1,57.2,223.75,0,1,0,0,0,0,1,0,1,0,1,0,0,0,1,0,1,0,0,0,0,1,0.4718664720940841
0,0,1,0,72,1,1,110.75,7751.7,0,0,1,1,0,0,1,0,1,0,1,0,0,0,1,0,1,0,1,0,1,0,0.1034148905386362
1,1,1,0,45,1,0,24.7,1174.35,0,0,1,0,1,1,0,1,0,1,0,1,0,1,0,1,0,1,0,1,0,0,0.0202638979749196
0,1,0,0,45,1,1,97.05,4385.05,0,0,1,1,0,0,1,0,1,0,0,0,1,0,1,0,0,0,0,0,1,0,0.3303856302790655
0,0,0,0,36,1,1,76.35,2606.35,0,0,0,0,0,0,1,0,1,0,1,0,1,0,1,0,0,1,0,0,0,1,0.04232501525816711
1,0,1,1,17,1,1,89.4,1539.45,1,0,0,1,0,0,1,0,0,0,1,0,0,0,1,0,0,0,0,0,1,0,0.4737291969659115
1,0,0,0,1,1,0,18.9,18.9,0,0,0,0,1,1,0,1,0,1,0,1,0,1,0,1,0,0,0,0,0,1,0.2089691995180769
1,1,0,0,16,1,1,74.45,1261.35,0,0,1,1,0,0,0,0,0,0,0,0,0,0,0,0,0,0,0,0,0,0,0.6200623439472358
1,0,0,0,3,1,1,19.8,58.15,1,0,0,0,1,1,0,1,0,1,0,1,0,1,0,1,0,0,0,0,0,1,0.23636511812052313
1,0,1,1,4,1,1,50.9,225.6,1,0,1,0,0,0,0,0,0,0,0,0,0,0,0,0,0,0,0,0,1,0,0.4827960616998467
0,0,1,0,71,1,1,84.4,5969.3,0,0,0,0,0,0,1,0,1,0,1,0,1,0,1,0,1,0,1,1,0,0,0.011537007928807293
1,0,1,1,10,1,1,24.4,253.9,0,0,1,0,1,1,0,1,0,1,0,1,0,1,0,1,0,0,0,0,0,1,0.18655443512095973
1,0,1,1,20,1,0,20.05,400.0,0,0,0,0,1,1,0,1,0,1,0,1,0,1,0,1,0,0,1,0,0,1,0.021772083365615823
1,0,0,0,4,1,1,81.0,340.85,1,0,0,1,0,0,0,0,0,0,0,0,0,0,1,0,0,0,0,0,1,0,0.7149591302712601
1,0,0,0,26,1,1,98.35,2515.3,1,0,1,1,0,0,0,0,0,0,1,0,0,0,1,0,1,0,0,0,1,0,0.679814184634302
0,0,0,0,4,1,0,55.5,227.35,0,0,0,0,0,0,0,0,0,0,0,0,0,0,1,0,0,0,0,1,0,0,0.3714227419057897
1,0,0,0,5,0,1,51.0,305.95,1,1,0,0,0,0,0,0,1,0,0,0,0,0,1,0,1,0,0,0,0,1,0.6161520644531958
0,0,1,0,4,1,1,91.65,365.4,1,0,1,1,0,0,0,0,1,0,0,0,0,0,1,0,0,0,0,0,1,0,0.7499862454982235
1,1,1,0,29,1,1,84.3,2357.75,0,0,1,1,0,0,0,0,0,0,0,0,0,0,0,0,1,0,0,0,1,0,0.6509251551812703
1,0,0,0,2,1,0,100.2,198.5,0,0,0,1,0,0,1,0,1,0,0,0,0,0,1,0,1,0,0,0,1,0,0.5990498112184454
0,0,0,0,29,1,0,19.4,554.25,0,0,0,0,1,1,0,1,0,1,0,1,0,1,0,1,0,0,1,0,0,1,0.016608086169209304
1,0,0,1,1,1,1,90.85,90.85,1,0,0,1,0,0,0,0,0,0,0,0,0,0,1,0,1,0,0,0,1,0,0.7402833023232496
1,0,0,0,1,1,0,69.4,69.4,1,0,0,1,0,0,0,0,0,0,0,0,0,0,0,0,0,0,0,0,0,1,0.5502153798805757
0,1,0,0,8,1,1,94.45,742.95,1,0,0,1,0,0,0,0,0,0,1,0,0,0,1,0,1,0,0,1,0,0,0.7185208804780904
1,0,0,0,13,1,1,20.4,251.65,0,0,0,0,1,1,0,1,0,1,0,1,0,1,0,1,0,0,0,0,1,0,0.20062905278317017
0,0,1,0,59,1,1,94.75,5597.65,0,0,1,1,0,0,1,0,1,0,0,0,0,0,1,0,0,0,0,0,1,0,0.2738512865701862
0,0,1,1,1,1,1,20.15,20.15,1,0,0,0,1,1,0,1,0,1,0,1,0,1,0,1,0,0,0,1,0,0,0.21796918512746516
1,1,0,0,50,1,1,95.7,4816.7,1,0,1,1,0,0,0,0,0,0,0,0,0,0,1,0,1,0,0,0,1,0,0.5746729477032952
1,0,1,0,18,1,1,44.35,768.05,0,0,0,0,0,0,0,0,0,0,0,0,0,0,0,0,0,0,0,0,0,0,0.27210462519203565
0,0,1,1,17,1,0,74.55,1215.8,0,0,0,0,0,0,1,0,1,0,0,0,0,0,1,0,1,0,0,0,0,1,0.19687781378254057
1,0,1,0,47,1,0,73.6,3522.65,0,0,0,0,0,0,0,0,1,0,1,0,0,0,1,0,1,0,1,0,1,0,0.05672697818931021
0,0,0,0,26,1,1,74.95,1834.95,1,0,1,1,0,0,0,0,0,0,0,0,0,0,0,0,0,0,0,0,0,0,0.4608620028054276
0,0,0,0,6,0,1,47.95,305.1,1,1,0,0,0,0,0,0,0,0,1,0,0,0,1,0,1,0,0,0,1,0,0.7117034730457826
1,0,1,1,19,1,0,50.1,910.45,0,0,1,0,0,0,0,0,0,0,0,0,0,0,0,0,0,0,0,1,0,0,0.1964372290075152
0,0,0,0,3,1,1,63.6,155.65,1,0,1,0,0,0,0,0,0,0,0,0,1,0,1,0,0,0,0,0,1,0,0.49920719838170247
0,1,1,1,68,0,1,53.0,3656.25,0,1,0,0,0,0,0,0,1,0,1,0,0,0,1,0,1,0,1,0,1,0,0.04518534357198316
0,0,1,0,2,1,0,19.85,52.0,0,0,0,0,1,1,0,1,0,1,0,1,0,1,0,1,0,0,0,0,0,0,0.2227175688991951
1,0,0,0,7,0,1,24.35,150.85,0,1,0,0,0,0,0,0,0,0,0,0,0,0,0,0,0,1,0,1,0,0,0.2997116960868257
0,0,0,0,18,1,1,19.55,389.25,0,0,0,0,1,1,0,1,0,1,0,1,0,1,0,1,0,0,0,0,0,1,0.127683971047088
0,0,1,0,71,1,0,25.05,1873.7,0,0,1,0,1,1,0,1,0,1,0,1,0,1,0,1,0,0,1,1,0,0,0.002557229811373011
1,1,1,0,13,1,0,93.8,1261.0,0,0,1,1,0,0,1,0,1,0,0,0,0,0,0,0,1,0,0,1,0,0,0.49829301009943006
1,0,0,0,3,0,1,36.85,108.7,1,1,0,0,0,0,0,0,1,0,0,0,1,0,0,0,0,0,0,0,0,1,0.40809223562633357
1,0,1,0,72,1,1,103.75,7346.2,0,0,1,1,0,0,0,0,1,0,1,0,0,0,1,0,1,0,1,0,0,0,0.107306331080951
1,0,1,1,66,0,1,56.75,3708.4,0,1,0,0,0,0,0,0,1,0,1,0,0,0,1,0,1,0,1,1,0,0,0.02546403946599835
1,0,1,1,24,1,1,20.8,469.65,0,0,0,0,1,1,0,1,0,1,0,1,0,1,0,1,0,1,0,1,0,0,0.03595485301541002
0,0,0,0,1,1,1,44.1,44.1,1,0,0,0,0,0,0,0,0,0,0,0,0,0,0,0,0,0,0,0,1,0,0.513347453748657
0,0,1,1,56,1,1,24.45,1385.85,0,0,1,0,1,1,0,1,0,1,0,1,0,1,0,1,0,0,1,0,0,1,0.006072433080226964
0,1,1,0,22,1,0,25.6,548.8,0,0,1,0,1,1,0,1,0,1,0,1,0,1,0,1,0,1,0,0,0,0,0.07178932333231017
1,0,0,0,14,0,1,50.75,712.75,1,1,0,0,0,0,0,0,0,0,1,0,0,0,1,0,1,0,0,0,1,0,0.6215913379801998
0,1,1,0,61,1,1,104.4,6405.0,1,0,1,1,0,0,0,0,1,0,1,0,0,0,1,0,1,1,0,1,0,0,0.2566258210984365
0,1,1,0,40,0,1,39.3,1637.4,1,1,0,0,0,0,0,0,1,0,0,0,0,0,1,0,0,0,0,0,1,0,0.3222755271778955
0,0,0,0,42,1,0,59.65,2536.55,0,0,0,0,0,0,1,0,1,0,1,0,0,0,0,0,0,0,0,0,0,0,0.06033351655445118
0,0,1,1,72,1,1,83.3,6042.7,0,0,1,0,0,0,1,0,0,0,1,0,1,0,1,0,1,0,1,0,0,0,0.014420797883998174
0,0,0,0,12,1,1,79.55,958.25,0,0,1,1,0,0,0,0,0,0,0,0,1,0,0,0,0,0,0,1,0,0,0.4632584458953226
1,0,1,0,71,1,0,24.45,1730.65,0,0,1,0,1,1,0,1,0,1,0,1,0,1,0,1,0,0,1,0,0,0,0.0027102631460359616
0,0,1,0,26,1,0,19.2,459.6,0,0,0,0,1,1,0,1,0,1,0,1,0,1,0,1,0,1,0,0,0,1,0.034055681582903584
0,0,0,1,7,0,0,29.8,201.95,0,1,0,0,0,0,1,0,0,0,0,0,0,0,0,0,0,0,0,0,0,1,0.28476860225901984
0,0,1,1,6,1,0,45.5,285.2,0,0,0,0,0,0,0,0,0,0,0,0,0,0,0,0,0,0,0,0,0,1,0.2786864290426955
0,0,0,0,58,1,1,106.45,6145.85,1,0,0,1,0,0,1,0,1,0,1,0,0,0,1,0,1,1,0,0,1,0,0.17316407729810945
1,0,1,0,51,0,1,30.05,1529.45,0,1,0,0,0,0,0,0,1,0,0,0,0,0,0,0,0,0,0,1,0,0,0.08694022486045684
1,0,1,1,72,0,1,65.65,4664.5,0,1,0,0,0,0,1,0,1,0,1,0,1,0,1,0,1,0,1,0,0,0,0.011681738550173959
0,0,0,0,18,1,1,96.05,1740.7,1,0,0,1,0,0,1,0,0,0,0,0,0,0,1,0,1,0,0,0,1,0,0.5865884619158305
0,0,0,0,7,1,1,75.1,552.95,1,0,1,1,0,0,0,0,0,0,0,0,0,0,0,0,0,0,0,0,0,0,0.6388746436242827
0,0,0,0,47,1,0,74.05,3496.3,0,0,1,0,0,0,1,0,1,0,0,0,1,0,0,0,1,0,1,0,0,1,0.017548761624381112
1,1,0,0,2,1,1,44.7,93.7,1,0,0,0,0,0,0,0,0,0,0,0,0,0,0,0,0,0,0,0,1,0,0.5574823614991049
1,1,0,0,62,1,1,110.75,7053.35,0,0,1,1,0,0,0,0,1,0,1,0,1,0,1,0,1,1,0,0,0,0,0.21192339393582546
0,0,1,1,16,1,0,19.7,301.55,0,0,0,0,1,1,0,1,0,1,0,1,0,1,0,1,0,0,1,0,0,1,0.02757076053104334
1,0,0,0,6,1,1,49.5,312.7,0,0,0,0,0,0,0,0,0,0,0,0,1,0,0,0,0,0,0,1,0,0,0.26541944224455993
1,0,0,0,19,1,1,55.0,1046.5,1,0,0,0,0,0,0,0,0,0,1,0,1,0,0,0,0,0,0,1,0,0,0.1696475540406315
0,0,1,1,69,0,1,43.95,2960.1,0,1,0,0,0,0,1,0,0,0,1,0,0,0,0,0,1,0,1,1,0,0,0.010519398842100632
1,0,1,1,11,1,1,74.35,834.2,1,0,1,1,0,0,0,0,0,0,0,0,0,0,0,0,0,0,0,0,1,0,0.6215188993159222
0,0,1,0,64,1,1,111.15,6953.4,0,0,1,1,0,0,0,0,1,0,1,0,1,0,1,0,1,0,0,0,1,0,0.3493877768046427
0,0,1,0,39,1,1,104.7,4134.85,1,0,0,1,0,0,1,0,0,0,1,0,1,0,1,0,1,1,0,1,0,0,0.1556836563391386
0,0,0,0,15,1,1,55.7,899.8,1,0,1,0,0,0,1,0,0,0,0,0,0,0,0,0,0,0,0,0,0,1,0.2527944701105897
1,0,0,0,25,1,0,20.6,541.5,0,0,0,0,1,1,0,1,0,1,0,1,0,1,0,1,0,0,0,0,0,1,0.06885865262572056
0,0,0,0,6,1,0,19.65,116.85,0,0,0,0,1,1,0,1,0,1,0,1,0,1,0,1,0,0,1,1,0,0,0.05062207042582013
1,0,1,0,66,1,0,115.8,7942.15,0,0,1,1,0,0,1,0,1,0,1,0,1,0,1,0,1,1,0,0,0,0,0.09884794496309686
0,0,0,0,61,1,0,88.65,5321.25,0,0,1,0,0,0,0,0,1,0,1,0,1,0,1,0,1,0,1,1,0,0,0.02284660032041301
0,1,1,0,43,1,1,94.5,4156.8,0,0,1,1,0,0,1,0,1,0,0,0,0,0,1,0,0,0,0,0,1,0,0.44775758005348154
0,0,0,0,12,1,0,20.1,223.6,0,0,0,0,1,1,0,1,0,1,0,1,0,1,0,1,0,0,0,0,0,1,0.13047362428399828
1,1,0,0,23,0,1,34.65,768.45,0,1,0,0,0,0,0,0,0,0,0,0,0,0,0,0,1,0,0,0,0,0,0.44484851291125804
1,1,1,0,71,0,1,52.3,3765.05,0,1,0,0,0,0,0,0,1,0,1,0,0,0,1,0,1,0,0,0,0,0,0.12100358689072582
0,0,0,0,34,1,0,65.0,2157.5,0,0,1,0,0,0,0,0,0,0,0,0,1,0,1,0,0,0,0,0,0,1,0.13776880234322614
0,0,0,0,5,1,0,19.85,108.05,1,0,0,0,1,1,0,1,0,1,0,1,0,1,0,1,0,0,0,1,0,0,0.1696535218668519
0,0,1,0,41,0,0,35.45,1391.65,0,1,0,0,0,0,0,0,1,0,0,0,1,0,0,0,0,1,0,0,0,1,0.04101852690077423
0,0,1,1,72,1,0,19.7,1379.8,0,0,0,0,1,1,0,1,0,1,0,1,0,1,0,1,0,0,1,1,0,0,0.001345068717331041
1,1,0,0,14,1,1,95.6,1273.3,0,0,1,1,0,0,0,0,0,0,0,0,0,0,1,0,1,0,0,0,1,0,0.7927271574958257
0,0,0,0,41,1,1,19.85,810.45,0,0,0,0,1,1,0,1,0,1,0,1,0,1,0,1,0,0,1,0,0,1,0.011633910800600493
0,0,1,1,23,1,0,81.85,1810.85,0,0,1,1,0,0,1,0,0,0,0,0,0,0,0,0,0,1,0,1,0,0,0.14458514439141495
1,0,1,1,71,1,0,109.3,7782.85,0,0,0,1,0,0,1,0,1,0,1,0,1,0,1,0,1,0,1,1,0,0,0.02553667850621095
0,0,0,0,1,1,1,70.3,70.3,1,0,0,1,0,0,0,0,0,0,0,0,0,0,0,0,0,0,0,0,1,0,0.6955527054100328
1,0,1,0,72,1,0,25.4,1797.1,0,0,1,0,1,1,0,1,0,1,0,1,0,1,0,1,0,0,1,0,0,1,0.0024399797538013535
1,0,1,1,6,1,1,69.8,377.85,0,0,0,1,0,0,0,0,0,0,0,0,0,0,0,0,0,0,0,0,1,0,0.6055114005781931
1,0,1,1,23,1,1,20.0,445.3,0,0,0,0,1,1,0,1,0,1,0,1,0,1,0,1,0,1,0,1,0,0,0.03807053569979058
1,1,1,0,10,1,0,85.55,851.75,1,0,1,1,0,0,0,0,0,0,0,0,0,0,0,0,1,0,0,0,1,0,0.73063704238244
0,0,0,0,72,1,1,109.9,7624.2,0,0,0,1,0,0,1,0,1,0,1,0,1,0,1,0,1,0,1,0,1,0,0.05307290538810123
0,0,1,0,7,1,1,50.3,355.1,0,0,0,0,0,0,1,0,0,0,0,0,0,0,0,0,0,0,0,0,0,0,0.29188269265424693
1,0,0,1,6,1,0,94.5,575.45,1,0,0,1,0,0,0,0,0,0,1,0,0,0,1,0,1,0,0,0,0,1,0.5721852973679009
1,0,1,1,9,1,1,101.5,906.85,0,0,0,1,0,0,0,0,1,0,0,0,1,0,1,0,1,0,0,0,1,0,0.5798837839983496
0,0,0,0,12,1,1,89.15,1057.55,0,0,1,1,0,0,0,0,1,0,0,0,0,0,0,0,1,0,0,0,1,0,0.696455323718984
0,0,0,0,1,1,1,19.4,19.4,0,0,0,0,1,1,0,1,0,1,0,1,0,1,0,1,0,0,0,0,0,1,0.26309911187330637
0,1,1,1,48,0,0,29.9,1388.75,0,1,0,0,0,0,0,0,1,0,0,0,0,0,0,0,0,1,0,0,0,0,0.04572067604908867
1,0,0,0,20,1,0,78.8,1641.3,0,0,0,1,0,0,0,0,0,0,0,0,0,0,1,0,0,0,0,0,1,0,0.530393327830302
0,1,1,0,16,1,1,85.35,1375.15,1,0,1,1,0,0,0,0,0,0,0,0,0,0,0,0,1,0,0,1,0,0,0.6710968216615527
0,0,0,0,2,1,1,79.65,152.7,1,0,0,1,0,0,0,0,0,0,0,0,0,0,1,0,0,0,0,0,0,1,0.6678902462905216
0,0,0,0,10,1,1,19.3,185.2,0,0,0,0,1,1,0,1,0,1,0,1,0,1,0,1,0,1,0,0,0,1,0.09434227243016177
0,1,0,0,2,1,1,79.6,195.05,1,0,0,1,0,0,0,0,0,0,0,0,0,0,0,0,1,0,0,0,1,0,0.7885718319629346
1,0,1,1,20,1,0,96.8,1826.7,0,0,1,1,0,0,0,0,1,0,0,0,1,0,1,0,0,0,0,0,0,1,0.33752659824983017
1,0,1,0,20,1,0,20.65,417.5,0,0,0,0,1,1,0,1,0,1,0,1,0,1,0,1,0,1,0,0,0,1,0.04518869117537721
1,0,1,1,19,1,0,19.8,344.5,0,0,0,0,1,1,0,1,0,1,0,1,0,1,0,1,0,1,0,0,0,1,0.03827233183503383
1,1,0,0,19,1,1,90.6,1660.0,1,0,1,1,0,0,1,0,0,0,0,0,0,0,1,0,0,0,0,0,1,0,0.615866904225798
1,0,1,0,22,1,1,104.6,2180.55,0,0,0,1,0,0,1,0,1,0,0,0,1,0,1,0,1,0,0,0,1,0,0.4337425031545359
0,0,0,0,35,1,0,80.05,2835.9,0,0,1,1,0,0,0,0,0,0,0,0,1,0,0,0,0,0,0,1,0,0,0.23008766629894442
0,0,0,0,1,1,0,45.15,45.15,0,0,0,0,0,0,0,0,0,0,0,0,0,0,0,0,0,0,0,0,0,1,0.3642443416225115
1,0,0,0,39,1,1,73.15,2730.85,0,0,1,1,0,0,0,0,0,0,0,0,0,0,0,0,0,0,0,1,0,0,0.3113351760441168
0,1,1,0,54,1,1,99.1,5437.1,0,0,0,1,0,0,0,0,0,0,1,0,1,0,1,0,1,1,0,0,1,0,0.25652857872091545
0,0,0,0,1,1,1,20.2,20.2,1,0,0,0,1,1,0,1,0,1,0,1,0,1,0,1,0,0,0,0,0,0,0.2728734428314106
1,0,1,0,66,1,1,106.05,6981.35,1,0,1,1,0,0,1,0,0,0,1,0,0,0,1,0,1,0,1,1,0,0,0.0868000741368545
1,0,0,0,56,1,1,105.35,5794.45,0,0,1,1,0,0,1,0,0,0,0,0,1,0,1,0,1,0,0,0,0,1,0.22985620330486878
1,0,0,1,18,1,1,45.65,747.2,0,0,0,0,0,0,0,0,0,0,0,0,0,0,0,0,0,0,0,1,0,0,0.19787984521359486
0,0,1,1,16,1,1,79.95,1267.95,0,0,1,1,0,0,0,0,1,0,0,0,0,0,0,0,0,0,0,1,0,0,0.45985613527741276
0,0,0,0,68,1,1,54.45,3674.95,0,0,0,0,0,0,1,0,0,0,1,0,0,0,0,0,0,1,0,1,0,0,0.011950163973032616
0,1,1,0,53,1,0,25.1,1275.6,0,0,1,0,1,1,0,1,0,1,0,1,0,1,0,1,0,0,1,1,0,0,0.00794281283828552
0,0,1,1,72,1,0,84.7,5893.9,0,0,1,0,0,0,1,0,0,0,1,0,1,0,1,0,1,0,1,1,0,0,0.009139218081614381
1,0,0,0,9,1,1,75.85,724.65,0,0,1,1,0,0,0,0,0,0,0,0,0,0,0,0,0,0,0,0,1,0,0.6758669220034269
0,0,0,0,30,1,1,48.8,1536.75,0,0,0,0,0,0,1,0,0,0,0,0,0,0,0,0,0,0,0,0,0,1,0.12195785374028191
0,0,0,0,36,1,1,99.15,3615.6,1,0,1,1,0,0,0,0,1,0,0,0,0,0,1,0,1,0,0,0,1,0,0.6045724657191662
0,0,0,0,18,0,1,35.2,607.3,0,1,0,0,0,0,0,0,0,0,1,0,1,0,0,0,0,0,0,0,1,0,0.3478505890356965
0,1,1,1,55,1,0,76.25,4154.55,0,0,1,0,0,0,1,0,0,0,1,0,1,0,1,0,0,1,0,0,1,0,0.03628824347165804
0,0,1,0,39,0,0,55.9,2184.35,1,1,0,0,0,0,1,0,0,0,1,0,0,0,1,0,1,0,0,0,1,0,0.2368830502223296
1,0,0,0,21,1,1,82.35,1852.85,1,0,1,1,0,0,0,0,1,0,0,0,0,0,0,0,0,0,0,0,1,0,0.5584223674809302
1,0,0,0,2,0,1,40.4,77.15,1,1,0,0,0,0,0,0,1,0,1,0,1,0,0,0,0,0,0,1,0,0,0.40069156585150667
1,1,0,0,33,1,1,24.9,847.8,0,0,1,0,1,1,0,1,0,1,0,1,0,1,0,1,0,1,0,0,0,0,0.051212916225844694
1,0,1,0,44,0,0,54.3,2390.45,0,1,0,0,0,0,0,0,1,0,1,0,0,0,1,0,1,0,1,0,0,0,0.06587120600871044
0,0,1,1,30,1,0,66.3,1923.5,0,0,0,0,0,0,1,0,0,0,0,0,1,0,0,0,1,0,0,0,0,0,0.07989847041341883
0,0,1,0,71,1,1,20.9,1493.2,0,0,0,0,1,1,0,1,0,1,0,1,0,1,0,1,0,0,1,0,0,0,0.0027118620055068673
0,0,0,0,4,1,0,75.35,338.1,1,0,1,1,0,0,0,0,0,0,0,0,0,0,0,0,0,0,0,0,1,0,0.6628212777647522
1,0,0,1,35,1,1,85.15,3030.6,1,0,0,1,0,0,0,0,0,0,1,0,0,0,1,0,0,1,0,0,1,0,0.25515712678156705
1,0,1,0,1,1,0,75.35,75.35,0,0,0,1,0,0,0,0,0,0,1,0,0,0,0,0,0,0,0,1,0,0,0.5372266668289435
1,1,1,0,23,1,1,104.45,2184.85,0,0,1,1,0,0,0,0,1,0,1,0,0,0,1,0,1,0,0,0,1,0,0.7319564266446915
0,0,0,1,22,0,1,49.45,1031.4,0,1,0,0,0,0,0,0,0,0,1,0,0,0,1,0,1,1,0,1,0,0,0.23106431200011965
0,0,0,1,49,1,0,19.45,921.3,0,0,0,0,1,1,0,1,0,1,0,1,0,1,0,1,0,1,0,1,0,0,0.007369781444526302
0,0,1,1,42,1,1,92.15,3875.4,0,0,0,1,0,0,0,0,0,0,1,0,0,0,1,0,1,0,0,0,1,0,0.47055303898009654
0,0,1,1,33,1,1,93.8,3124.5,1,0,0,1,0,0,0,0,0,0,1,0,0,0,1,0,1,1,0,0,1,0,0.35775996293741946
0,0,1,1,7,1,0,19.85,144.15,0,0,0,0,1,1,0,1,0,1,0,1,0,1,0,1,0,0,1,0,0,1,0.04387882432082693
0,0,1,1,67,1,1,100.25,6689.0,0,0,1,1,0,0,1,0,0,0,1,0,1,0,0,0,1,1,0,0,0,0,0.06510639998817129
1,0,0,0,15,1,0,95.7,1451.1,0,0,1,1,0,0,0,0,1,0,0,0,1,0,0,0,1,0,0,0,1,0,0.5074326719177621
1,0,1,0,67,1,1,93.15,6368.2,0,0,1,1,0,0,0,0,1,0,1,0,0,0,0,0,1,0,1,0,1,0,0.11160418213106582
1,0,1,1,53,1,1,69.7,3729.6,0,0,0,0,0,0,1,0,1,0,0,0,1,0,1,0,0,0,1,0,0,1,0.011227808576408748
1,0,1,1,21,1,0,19.8,350.1,0,0,0,0,1,1,0,1,0,1,0,1,0,1,0,1,0,1,0,0,0,1,0.03421261712135273
0,0,1,1,40,1,1,71.35,2847.2,0,0,0,0,0,0,1,0,1,0,0,0,1,0,0,0,1,0,0,0,0,1,0.06547373500243674
0,0,1,1,22,1,0,20.75,452.35,0,0,0,0,1,1,0,1,0,1,0,1,0,1,0,1,0,1,0,0,0,0,0.03601177109040742
1,0,0,0,39,0,1,40.6,1494.5,0,1,0,0,0,0,0,0,0,0,0,0,1,0,0,0,1,0,0,0,1,0,0.20325436225508048
1,0,0,0,45,1,1,20.4,930.45,1,0,0,0,1,1,0,1,0,1,0,1,0,1,0,1,0,1,0,0,1,0,0.021548047333630426
0,0,1,0,2,1,0,20.35,41.85,0,0,0,0,1,1,0,1,0,1,0,1,0,1,0,1,0,0,0,0,0,1,0.21160563757726972
0,0,1,1,57,1,0,19.75,1272.05,0,0,0,0,1,1,0,1,0,1,0,1,0,1,0,1,0,0,1,0,0,0,0.0035790919478170553
1,0,1,1,8,1,1,54.4,475.1,0,0,0,0,0,0,0,0,0,0,0,0,0,0,1,0,0,0,0,0,1,0,0.44886650656321886
1,1,1,0,7,1,1,94.7,673.1,1,0,1,1,0,0,1,0,1,0,0,0,0,0,0,0,1,0,0,1,0,0,0.606283626755859
1,0,0,0,6,0,1,30.5,208.7,1,1,0,0,0,0,0,0,1,0,0,0,0,0,0,0,0,0,0,1,0,0,0.4616871884597171
0,0,1,1,7,1,0,20.45,150.75,0,0,0,0,1,1,0,1,0,1,0,1,0,1,0,1,0,0,0,0,0,1,0.14229812175426346
1,0,0,0,49,1,1,66.15,3199.0,0,0,1,0,0,0,0,0,0,0,0,0,1,0,1,0,0,0,1,0,0,0,0.03221585122416601
0,0,0,0,65,1,1,89.85,5844.65,0,0,1,1,0,0,1,0,1,0,0,0,1,0,0,0,0,1,0,0,1,0,0.06258812698452987
0,0,0,0,55,1,0,45.05,2462.6,0,0,0,0,0,0,0,0,0,0,0,0,0,0,0,0,0,1,0,0,0,0,0.02417523666543675
1,0,1,1,71,1,0,86.85,6263.8,0,0,1,0,0,0,1,0,1,0,1,0,1,0,1,0,1,0,1,0,0,0,0.010853843171635567
1,0,0,0,35,1,1,96.75,3403.4,0,0,1,1,0,0,1,0,1,0,1,0,1,0,0,0,0,0,0,0,0,1,0.20876819369275768
1,1,0,0,3,1,1,77.0,237.75,1,0,1,1,0,0,0,0,0,0,0,0,0,0,0,0,0,0,0,0,1,0,0.7664856997574181
0,0,0,1,11,1,0,20.1,221.35,1,0,0,0,1,1,0,1,0,1,0,1,0,1,0,1,0,0,0,1,0,0,0.10637758304587365
0,0,0,0,1,1,0,75.3,75.3,1,0,0,1,0,0,0,0,0,0,1,0,0,0,0,0,0,0,0,0,1,0,0.6299055255748964
1,0,0,0,17,1,1,106.65,1672.1,0,0,1,1,0,0,1,0,1,0,1,0,1,0,1,0,0,0,0,0,0,0,0.37408107210653907
0,0,1,0,72,1,1,110.15,7881.2,0,0,1,1,0,0,1,0,0,0,1,0,1,0,1,0,1,0,1,1,0,0,0.056597857897634406
0,0,1,1,28,1,1,82.85,2320.8,0,0,0,1,0,0,1,0,0,0,0,0,0,0,0,0,1,1,0,0,0,0,0.19004518151343985
0,0,1,0,18,1,0,20.1,370.5,0,0,0,0,1,1,0,1,0,1,0,1,0,1,0,1,0,0,1,0,0,1,0.030900762296996277
0,1,1,0,40,1,1,99.2,4062.2,1,0,0,1,0,0,0,0,1,0,0,0,1,0,1,0,1,1,0,1,0,0,0.23890636655252429
0,0,0,0,52,1,1,59.45,3043.7,0,0,0,0,0,0,0,0,0,0,1,0,0,0,0,0,1,0,0,0,1,0,0.1394230951665952
0,0,1,0,47,1,1,58.6,2723.4,0,0,0,0,0,0,0,0,1,0,0,0,0,0,1,0,0,0,0,0,0,0,0.12429203653960735
0,0,0,0,23,1,0,49.7,1081.25,0,0,0,0,0,0,0,0,0,0,1,0,0,0,0,0,0,0,0,1,0,0,0.1640935812448231
1,0,1,1,66,1,0,65.85,4097.05,0,0,0,0,0,0,1,0,1,0,1,0,1,0,0,0,0,0,1,0,0,1,0.003445780740029418
0,0,0,0,8,1,1,73.5,632.2,0,0,1,1,0,0,0,0,0,0,0,0,0,0,0,0,0,0,0,0,1,0,0.6944845499258019
1,1,0,0,47,1,0,85.5,4042.3,1,0,0,1,0,0,1,0,0,0,0,0,0,0,0,0,1,0,0,0,0,1,0.22237802227010164
0,0,0,0,7,1,0,20.05,164.85,1,0,0,0,1,1,0,1,0,1,0,1,0,1,0,1,0,0,0,0,0,1,0.1653239437932071
0,0,1,1,71,1,0,113.65,8166.8,0,0,1,1,0,0,1,0,1,0,1,0,1,0,1,0,1,0,1,1,0,0,0.036733768292504736
0,1,0,0,50,1,1,83.4,4113.7,0,0,1,1,0,0,1,0,1,0,0,0,0,0,0,0,0,0,0,0,1,0,0.28866893926118364
1,0,1,0,46,1,0,65.65,3047.15,0,0,0,0,0,0,1,0,1,0,1,0,1,0,0,0,0,0,1,0,0,1,0.010071212654886795
1,0,0,0,1,1,0,70.4,70.4,1,0,0,1,0,0,0,0,0,0,0,0,0,0,0,0,0,0,0,0,1,0,0.6269870660024631
0,0,0,0,66,0,1,61.35,4193.4,0,1,0,0,0,0,1,0,0,0,1,0,1,0,1,0,1,0,1,0,0,0,0.019636096742057314
0,0,1,0,42,1,1,85.9,3729.75,0,0,1,1,0,0,0,0,0,0,1,0,1,0,0,0,0,0,0,1,0,0,0.2581548398038247
0,0,0,0,5,1,1,75.65,399.45,0,0,0,1,0,0,0,0,0,0,0,0,1,0,0,0,0,0,0,0,0,1,0.4842909640322129
1,0,1,1,7,1,1,49.75,331.3,1,0,0,0,0,0,1,0,0,0,0,0,0,0,0,0,0,1,0,0,1,0,0.16497709160286755
1,0,0,0,29,1,0,70.9,1964.6,0,0,1,0,0,0,0,0,1,0,1,0,0,0,0,0,1,1,0,1,0,0,0.10262244005358442
0,0,1,1,27,1,0,49.85,1336.15,0,0,0,0,0,0,0,0,1,0,0,0,0,0,0,0,0,0,0,0,0,1,0.1207830204275311
0,1,0,0,15,1,1,75.3,1147.45,1,0,0,1,0,0,0,0,1,0,0,0,0,0,0,0,0,0,0,1,0,0,0.5170471917487417
0,0,1,1,25,1,0,20.1,486.05,0,0,0,0,1,1,0,1,0,1,0,1,0,1,0,1,0,0,1,0,0,1,0.017264419245419337
0,0,1,0,11,1,1,94.0,1078.9,1,0,1,1,0,0,0,0,0,0,0,0,0,0,1,0,1,0,0,0,1,0,0.7852736924791668
1,0,1,0,57,1,1,103.05,5925.75,0,0,1,1,0,0,1,0,1,0,1,0,1,0,1,0,0,0,0,0,1,0,0.22819437206525356
1,0,0,0,67,1,1,118.35,7804.15,1,0,1,1,0,0,1,0,1,0,1,0,1,0,1,0,1,1,0,0,0,0,0.10790325075745028
0,1,1,0,47,1,0,99.7,4747.2,0,0,1,1,0,0,0,0,0,0,1,0,0,0,1,0,1,0,0,0,1,0,0.5628126293952355
0,0,0,0,13,1,1,81.9,1028.9,0,0,0,1,0,0,0,0,0,0,0,0,0,0,1,0,0,0,0,0,0,1,0.5734187961580416
1,0,0,0,8,0,1,30.45,226.45,1,1,0,0,0,0,1,0,0,0,0,0,0,0,0,0,0,0,0,0,1,0,0.45196693498469664
0,0,1,0,44,1,1,96.1,4364.1,1,0,1,1,0,0,0,0,0,0,0,0,0,0,1,0,1,0,0,0,1,0,0.5828898428070177
1,0,1,1,71,1,1,66.2,4692.55,0,0,1,0,0,0,1,0,0,0,0,0,0,0,1,0,0,1,0,0,1,0,0.025780297557259423
1,1,1,0,24,1,1,104.25,2433.9,1,0,1,1,0,0,0,0,1,0,1,0,0,0,1,0,1,0,0,0,1,0,0.735710514633573
1,1,0,0,15,1,1,80.2,1217.25,1,0,1,1,0,0,0,0,1,0,0,0,0,0,0,0,0,0,0,0,1,0,0.6626495990324639
0,0,0,0,1,1,0,19.75,19.75,0,0,0,0,1,1,0,1,0,1,0,1,0,1,0,1,0,0,0,0,1,0,0.27303818036498567
1,1,0,0,2,1,1,72.6,154.3,0,0,1,1,0,0,0,0,0,0,0,0,0,0,0,0,0,0,0,0,0,1,0.7186418999478874
1,1,0,0,55,1,1,116.5,6382.55,0,0,1,1,0,0,1,0,1,0,1,0,1,0,1,0,1,0,0,0,1,0,0.3683306491831353
1,1,0,0,71,1,1,106.8,7623.2,0,0,1,1,0,0,0,0,1,0,0,0,1,0,1,0,1,0,1,0,1,0,0.12736718258689866
1,0,1,1,50,1,0,24.95,1261.45,0,0,1,0,1,1,0,1,0,1,0,1,0,1,0,1,0,0,1,0,0,1,0.00610415621569107
1,0,0,0,1,1,1,89.25,89.25,0,0,0,1,0,0,0,0,0,0,0,0,0,0,1,0,1,0,0,0,1,0,0.7825946950482775
1,0,0,0,5,1,1,19.25,86.05,0,0,0,0,1,1,0,1,0,1,0,1,0,1,0,1,0,0,0,0,0,1,0.21808509291398498
0,0,0,0,66,1,1,104.55,6779.05,0,0,1,1,0,0,1,0,1,0,1,0,1,0,1,0,0,1,0,0,0,0,0.07298078541148656
0,0,1,1,49,1,1,87.2,4345.0,0,0,0,0,0,0,1,0,1,0,1,0,1,0,1,0,1,1,0,0,0,1,0.03602154275906509
0,1,1,0,3,0,1,30.75,82.85,0,1,0,0,0,0,0,0,1,0,0,0,0,0,0,0,0,0,0,0,1,0,0.673327653109556
1,0,1,1,66,1,1,25.7,1714.55,0,0,1,0,1,1,0,1,0,1,0,1,0,1,0,1,0,1,0,1,0,0,0.00566756567208932
1,0,0,1,11,1,0,86.2,893.2,0,0,1,1,0,0,0,0,0,0,0,0,0,0,0,0,1,0,0,0,1,0,0.6029178717203313
1,0,0,0,28,0,1,30.1,810.85,0,1,0,0,0,0,0,0,0,0,0,0,1,0,0,0,0,0,0,1,0,0,0.17303501766368912
1,0,1,0,65,1,1,99.35,6347.55,0,0,1,1,0,0,1,0,1,0,1,0,0,0,1,0,0,0,1,0,1,0,0.08017036863954238
0,0,0,0,62,1,1,19.2,1123.65,0,0,0,0,1,1,0,1,0,1,0,1,0,1,0,1,0,0,1,1,0,0,0.0035015849323799947
0,0,1,0,2,1,0,20.1,43.15,0,0,0,0,1,1,0,1,0,1,0,1,0,1,0,1,0,0,0,0,0,0,0.22182733704870009
0,0,0,0,2,1,0,20.35,35.1,0,0,0,0,1,1,0,1,0,1,0,1,0,1,0,1,0,0,0,1,0,0,0.19182116445366204
0,0,1,1,55,1,1,25.65,1388.0,0,0,1,0,1,1,0,1,0,1,0,1,0,1,0,1,0,0,1,1,0,0,0.005931796584393595
1,1,1,0,41,1,1,94.55,3851.45,0,0,0,1,0,0,0,0,1,0,0,0,0,0,1,0,1,0,0,0,1,0,0.5636135578225817
0,0,1,1,17,1,1,104.2,1743.5,1,0,1,1,0,0,1,0,0,0,1,0,0,0,1,0,1,0,0,0,1,0,0.6117401703228703
0,0,0,0,30,1,1,94.4,2638.1,0,0,0,1,0,0,0,0,0,0,0,0,1,0,1,0,1,1,0,0,0,0,0.2565062722115446
1,0,0,0,17,1,0,56.1,946.95,0,0,0,0,0,0,1,0,1,0,0,0,0,0,0,0,0,1,0,0,0,1,0.0697371887044178
0,0,1,1,16,1,0,68.25,1114.85,0,0,0,0,0,0,1,0,1,0,0,0,1,0,0,0,1,0,1,0,0,0,0.037435973332574916
1,0,0,0,72,1,0,24.75,1777.6,0,0,1,0,1,1,0,1,0,1,0,1,0,1,0,1,0,0,1,0,0,0,0.002460595717325803
1,0,0,0,9,1,1,76.25,684.85,0,0,1,1,0,0,0,0,0,0,0,0,0,0,0,0,0,0,0,0,1,0,0.6723310793677564
0,0,0,0,1,1,0,74.35,74.35,0,0,0,1,0,0,0,0,1,0,0,0,0,0,0,0,0,0,0,0,1,0,0.6084351352375311
1,0,0,1,23,1,0,54.15,1312.45,0,0,0,0,0,0,0,0,1,0,0,0,1,0,0,0,0,0,0,0,1,0,0.12705006501746574
1,0,0,1,8,1,0,19.45,159.2,0,0,0,0,1,1,0,1,0,1,0,1,0,1,0,1,0,0,0,0,0,0,0.13381384550815328
1,0,1,1,19,0,1,34.95,610.2,0,1,0,0,0,0,1,0,1,0,0,0,0,0,0,0,0,0,0,0,0,1,0.20775116086759338
0,0,0,0,7,1,1,53.65,404.35,0,0,1,0,0,0,1,0,0,0,0,0,0,0,0,0,0,0,0,0,1,0,0.3974519672034785
1,1,0,0,1,1,1,69.65,69.65,1,0,0,1,0,0,0,0,0,0,0,0,0,0,0,0,0,0,0,0,1,0,0.7426112056573912
1,0,0,0,61,1,0,104.0,6363.45,0,0,1,1,0,0,1,0,0,0,1,0,0,0,1,0,1,1,0,0,1,0,0.16594369110574814
0,0,1,0,57,1,1,70.35,4124.65,0,0,0,0,0,0,1,0,1,0,0,0,1,0,1,0,0,0,1,1,0,0,0.011890327543574174
1,0,0,0,9,1,1,80.8,713.1,1,0,0,1,0,0,0,0,0,0,0,0,0,0,0,0,1,0,0,0,1,0,0.6808106842461392
1,0,0,1,15,1,0,64.85,950.75,0,0,0,0,0,0,1,0,0,0,1,0,0,0,0,0,1,1,0,0,0,1,0.08839567088187752
0,0,0,0,1,1,0,19.65,19.65,0,0,0,0,1,1,0,1,0,1,0,1,0,1,0,1,0,0,0,0,0,1,0.21323462459525672
0,0,1,0,12,1,0,45.9,505.95,0,0,0,0,0,0,0,0,0,0,0,0,0,0,0,0,0,0,0,0,0,0,0.27572669185265203
1,0,0,0,54,1,0,20.0,1149.65,0,0,0,0,1,1,0,1,0,1,0,1,0,1,0,1,0,0,1,0,0,1,0.0044383706054892365
1,0,1,1,4,1,0,44.8,169.65,0,0,0,0,0,0,0,0,0,0,0,0,0,0,0,0,0,0,0,0,1,0,0.36193447456537714
0,0,0,0,7,1,1,80.3,526.7,1,0,0,1,0,0,0,0,0,0,0,0,0,0,1,0,0,0,0,0,0,1,0.6252157772657403
0,0,1,0,20,1,0,20.35,393.15,0,0,0,0,1,1,0,1,0,1,0,1,0,1,0,1,0,1,0,0,0,1,0.046419601226358284
0,0,0,1,26,0,0,45.8,1147.0,0,1,0,0,0,0,1,0,0,0,0,0,1,0,0,0,1,0,0,0,0,1,0.12546093629639835
1,1,1,0,36,1,1,84.1,3021.6,1,0,1,1,0,0,0,0,0,0,0,0,0,0,0,0,1,0,0,0,1,0,0.6023402857891982
0,0,1,0,53,1,1,108.95,5718.2,0,0,1,1,0,0,0,0,1,0,1,0,1,0,1,0,1,1,0,0,0,0,0.2056258017884747
1,0,0,0,3,1,1,69.35,191.35,1,0,0,0,0,0,0,0,0,0,0,0,1,0,1,0,1,0,0,0,1,0,0.49836511803553013
0,0,0,0,68,0,0,64.35,4539.6,0,1,0,0,0,0,1,0,1,0,1,0,1,0,1,0,1,0,1,1,0,0,0.011797883801164526
1,0,1,1,72,1,1,90.8,6397.6,0,0,1,0,0,0,1,0,1,0,1,0,1,0,1,0,1,0,1,1,0,0,0.011837395771846565
1,0,0,0,12,1,0,24.95,280.4,0,0,1,0,1,1,0,1,0,1,0,1,0,1,0,1,0,1,0,1,0,0,0.07474370867024004
0,1,1,1,34,1,1,79.6,2718.3,1,0,1,1,0,0,0,0,1,0,0,0,0,0,0,0,0,0,0,0,0,1,0.3907338722604557
0,0,1,0,68,1,1,84.7,5711.05,0,0,1,1,0,0,1,0,1,0,0,0,0,0,0,0,0,0,1,0,0,0,0.03707221047657012
0,0,0,1,50,1,1,70.8,3478.15,0,0,0,0,0,0,1,0,0,0,1,0,1,0,1,0,0,1,0,1,0,0,0.021036592938845175
0,1,0,0,1,0,1,36.45,36.45,1,1,0,0,0,0,0,0,0,0,0,0,0,0,1,0,0,0,0,0,1,0,0.7541392074566269
0,1,0,0,41,1,1,104.4,4133.95,0,0,1,1,0,0,0,0,1,0,1,0,0,0,1,0,1,0,0,0,1,0,0.6278547131030682
1,1,1,0,30,1,1,101.5,2917.65,0,0,1,1,0,0,0,0,0,0,0,0,1,0,1,0,1,0,0,0,1,0,0.626707306255299
1,0,0,0,1,1,0,54.3,54.3,0,0,1,0,0,0,0,0,1,0,0,0,0,0,0,0,0,0,0,0,1,0,0.4611713022811759
1,1,1,1,29,1,1,103.95,2964.8,0,0,1,1,0,0,0,0,0,0,1,0,0,0,1,0,1,0,0,0,1,0,0.6791514578865527
0,0,1,1,23,1,1,91.1,2198.3,0,0,1,0,0,0,1,0,1,0,1,0,1,0,1,0,1,0,1,1,0,0,0.05793050213119162
1,0,0,1,60,1,0,19.95,1189.9,0,0,0,0,1,1,0,1,0,1,0,1,0,1,0,1,0,0,1,0,0,1,0.0025409399463183196
0,0,1,0,72,1,0,26.45,1914.5,0,0,1,0,1,1,0,1,0,1,0,1,0,1,0,1,0,0,1,1,0,0,0.002408219539317948
1,0,0,1,22,1,1,89.4,2001.5,1,0,0,1,0,0,0,0,1,0,1,0,0,0,1,0,0,0,0,0,1,0,0.5044299529228743
1,0,0,0,72,1,1,75.1,5336.35,0,0,0,0,0,0,1,0,1,0,1,0,1,0,1,0,0,0,1,0,0,0,0.007335889232455673
0,1,0,0,66,1,0,108.1,7238.6,0,0,1,1,0,0,0,0,1,0,1,0,0,0,1,0,1,1,0,0,0,0,0.2086531156543299
0,0,1,0,72,1,1,110.15,7998.8,0,0,1,1,0,0,0,0,1,0,1,0,1,0,1,0,1,0,1,0,1,0,0.11375978797314647
0,1,1,0,47,1,0,80.35,3825.85,1,0,1,1,0,0,1,0,0,0,0,0,0,0,0,0,0,0,0,0,1,0,0.28227964234669
0,0,0,0,51,1,1,111.5,5703.25,0,0,1,1,0,0,0,0,1,0,1,0,1,0,1,0,1,1,0,0,1,0,0.2606915951035454
0,0,1,1,70,1,1,106.5,7397.0,0,0,1,1,0,0,0,0,1,0,1,0,0,0,1,0,1,1,0,0,1,0,0.19926814423693928
1,0,0,0,9,1,1,19.9,164.6,0,0,0,0,1,1,0,1,0,1,0,1,0,1,0,1,0,1,0,0,1,0,0.1278231613932972
1,0,1,1,59,1,1,111.1,6555.2,0,0,1,1,0,0,1,0,1,0,0,0,1,0,1,0,1,0,1,0,0,1,0.06059051740947108
1,0,0,1,3,1,0,70.7,225.65,0,0,0,0,0,0,0,0,0,0,0,0,1,0,1,0,1,0,0,0,0,1,0.30407554496975814
1,1,1,0,38,0,1,24.85,955.75,0,1,0,0,0,0,0,0,0,0,0,0,0,0,0,0,0,0,0,0,1,0,0.27357487227219296
0,0,0,0,37,1,0,91.2,3382.3,0,0,1,1,0,0,1,0,1,0,1,0,0,0,0,0,0,0,0,0,0,0,0.22942832011795294
1,0,0,0,37,1,0,65.6,2313.8,0,0,0,0,0,0,1,0,1,0,1,0,1,0,0,0,0,0,1,0,0,0,0.013751044099912188
0,1,1,0,24,0,1,40.65,933.3,1,1,0,0,0,0,0,0,0,0,1,0,0,0,0,0,1,0,0,1,0,0,0.4232631888196005
0,0,1,1,14,1,0,59.45,780.85,0,0,0,0,0,0,1,0,1,0,0,0,1,0,0,0,0,0,0,0,0,0,0.09991527971699614
1,0,1,0,72,1,1,109.95,7852.4,0,0,1,1,0,0,1,0,1,0,0,0,1,0,1,0,1,0,1,1,0,0,0.04958830126912867
1,0,1,0,53,0,1,60.45,3184.25,1,1,0,0,0,0,0,0,1,0,1,0,1,0,1,0,1,1,0,0,1,0,0.09156832546710944
0,0,1,0,8,1,1,84.9,764.95,1,0,1,1,0,0,0,0,0,0,0,0,0,0,0,0,1,0,0,0,1,0,0.7579884846503511
1,0,1,1,72,0,0,38.5,2763.0,0,1,0,0,0,0,1,0,1,0,1,0,0,0,0,0,0,0,1,1,0,0,0.004278351746545716
0,1,1,0,17,1,1,92.55,1614.7,0,0,1,1,0,0,0,0,0,0,0,0,0,0,1,0,1,0,0,0,1,0,0.7991054018922166
0,0,1,1,2,1,1,73.55,145.4,1,0,0,1,0,0,0,0,1,0,0,0,0,0,0,0,0,0,0,0,0,0,0.5611242929498087
0,0,1,0,8,1,0,20.15,156.25,1,0,0,0,1,1,0,1,0,1,0,1,0,1,0,1,0,0,0,0,0,0,0.17149491503475509
0,0,1,0,48,0,0,34.7,1604.5,1,1,0,0,0,0,0,0,1,0,1,0,0,0,0,0,0,1,0,0,0,1,0.04343588712871163
0,0,0,0,10,1,1,24.5,270.15,0,0,1,0,1,1,0,1,0,1,0,1,0,1,0,1,0,0,0,0,0,1,0.21979179887641082
1,0,0,0,1,1,0,20.6,20.6,0,0,0,0,1,1,0,1,0,1,0,1,0,1,0,1,0,0,0,0,0,1,0.20632672834334043
0,0,0,0,29,1,0,58.0,1734.5,0,0,0,0,0,0,1,0,0,0,1,0,1,0,0,0,0,1,0,1,0,0,0.032623772980026514
0,1,1,1,65,1,1,107.45,7047.5,0,0,1,1,0,0,0,0,1,0,1,0,0,0,1,0,1,1,0,0,1,0,0.2784568044119709
0,0,0,0,8,1,1,65.5,573.15,0,0,1,0,0,0,1,0,1,0,1,0,0,0,0,0,0,0,0,0,0,0,0.29803214533082545
1,0,1,0,61,1,0,25.45,1538.6,0,0,1,0,1,1,0,1,0,1,0,1,0,1,0,1,0,0,1,0,0,0,0.004558090951427232
0,1,0,0,45,1,1,100.15,4459.8,0,0,1,1,0,0,0,0,0,0,1,0,0,0,1,0,1,1,0,0,0,0,0.37285280605550836
1,0,1,1,72,1,1,104.45,7459.0,0,0,1,1,0,0,0,0,1,0,1,0,0,0,1,0,1,1,0,1,0,0,0.1299476613097789
1,0,1,1,12,1,1,21.15,306.05,0,0,0,0,1,1,0,1,0,1,0,1,0,1,0,1,0,0,0,0,1,0,0.18498068030659726
1,0,0,0,7,1,0,96.2,639.7,0,0,1,1,0,0,0,0,0,0,0,0,0,0,1,0,1,0,0,0,1,0,0.7352656631809198
1,0,0,0,9,1,1,44.4,348.15,0,0,0,0,0,0,0,0,0,0,0,0,0,0,0,0,0,0,0,0,0,1,0.3343590453837074
0,1,1,0,43,1,1,107.55,4533.9,1,0,1,1,0,0,0,0,0,0,1,0,1,0,1,0,1,1,0,0,1,0,0.3759805598105956
1,0,1,1,58,1,0,94.35,5563.65,0,0,1,1,0,0,0,0,0,0,1,0,1,0,0,0,1,0,1,0,0,0,0.05400407268267472
1,1,1,0,16,1,1,98.75,1587.55,1,0,1,1,0,0,0,0,0,0,1,0,0,0,1,0,1,0,0,0,1,0,0.796464977187124
1,0,1,1,2,1,0,20.3,40.25,0,0,0,0,1,1,0,1,0,1,0,1,0,1,0,1,0,0,0,0,0,1,0.17274889953559325
0,0,1,0,8,1,0,101.15,842.9,1,0,0,1,0,0,0,0,1,0,1,0,0,0,1,0,1,0,0,0,1,0,0.6777307149070309
0,0,1,0,40,1,0,105.75,4228.55,0,0,1,1,0,0,1,0,0,0,1,0,0,0,1,0,1,1,0,0,0,0,0.22549046279476895
1,0,0,0,9,1,1,81.15,784.45,0,0,1,1,0,0,1,0,0,0,0,0,0,0,0,0,0,0,0,0,1,0,0.5748569373299315
1,0,0,0,41,1,1,89.55,3729.75,0,0,0,1,0,0,0,0,1,0,0,0,1,0,1,0,0,1,0,0,1,0,0.18088934903833223
0,0,0,0,26,1,1,54.75,1406.9,0,0,0,0,0,0,0,0,1,0,1,0,0,0,0,0,0,0,0,1,0,0,0.17431303424796465
0,0,1,0,33,1,1,53.75,1857.3,0,0,0,0,0,0,0,0,1,0,0,0,1,0,0,0,0,1,0,1,0,0,0.050965502971192476
1,0,1,1,68,1,0,105.75,7322.5,0,0,0,1,0,0,0,0,1,0,1,0,1,0,1,0,1,1,0,1,0,0,0.06694002786642245
0,1,1,0,65,1,1,105.85,6725.5,0,0,0,1,0,0,0,0,1,0,1,0,1,0,1,0,1,0,1,1,0,0,0.08363742615177766
1,0,0,0,55,1,1,64.2,3627.3,0,0,0,0,0,0,0,0,1,0,0,0,1,0,0,0,1,1,0,0,1,0,0.042121930364557934
1,0,0,0,20,1,1,88.7,1761.45,1,0,1,1,0,0,0,0,0,0,1,0,0,0,1,0,0,0,0,0,1,0,0.6521617270197345
1,0,0,0,19,1,1,87.7,1725.95,0,0,0,1,0,0,0,0,0,0,0,0,1,0,0,0,1,1,0,1,0,0,0.24688961292815634
0,0,0,0,45,1,1,89.3,4192.15,0,0,1,1,0,0,0,0,0,0,1,0,0,0,0,0,1,0,0,1,0,0,0.3876043582937045
0,0,1,1,70,1,1,20.15,1411.2,0,0,0,0,1,1,0,1,0,1,0,1,0,1,0,1,0,0,1,1,0,0,0.0019983753250729813
0,0,0,0,2,1,1,79.75,164.5,1,0,0,1,0,0,0,0,0,0,0,0,0,0,1,0,0,0,0,0,1,0,0.7366283795748536
0,0,0,0,27,1,1,94.55,2724.6,1,0,1,1,0,0,0,0,0,0,0,0,0,0,1,0,1,0,0,0,0,1,0.6164389871901541
0,0,1,0,12,1,1,20.05,264.55,0,0,0,0,1,1,0,1,0,1,0,1,0,1,0,1,0,0,1,0,1,0,0.07426807754968419
1,0,0,1,72,0,0,67.2,4671.7,0,1,0,0,0,0,1,0,1,0,1,0,1,0,1,0,1,0,1,1,0,0,0.0073738855638682535
1,0,0,0,12,1,0,94.55,1173.55,0,0,1,1,0,0,0,0,0,0,0,0,0,0,1,0,1,0,0,0,1,0,0.7121808074317191
0,1,0,0,5,1,1,69.05,318.5,1,0,0,1,0,0,0,0,0,0,0,0,0,0,0,0,0,0,0,0,0,1,0.6481765383767134
1,1,1,0,71,1,1,107.5,7713.55,0,0,1,1,0,0,1,0,1,0,1,0,0,0,1,0,1,0,0,0,1,0,0.3624802390253444
1,1,0,0,35,1,1,73.0,2471.25,0,0,0,0,0,0,0,0,0,0,1,0,1,0,1,0,1,1,0,0,1,0,0.15460704457048433
1,0,1,1,70,1,0,114.75,7842.3,0,0,1,1,0,0,1,0,1,0,1,0,1,0,1,0,1,0,1,1,0,0,0.033880561527700366
0,0,0,0,31,1,1,76.05,2227.8,0,0,1,1,0,0,0,0,0,0,0,0,0,0,0,0,0,0,0,0,1,0,0.48186596100515466
1,0,1,1,52,1,1,96.25,4990.25,1,0,1,1,0,0,0,0,0,0,1,0,1,0,0,0,1,0,1,0,0,0,0.08091753100288372
1,1,0,0,37,1,1,101.1,3744.05,1,0,1,1,0,0,0,0,0,0,1,0,0,0,1,0,1,0,0,0,1,0,0.671094302779618
1,0,0,0,69,1,1,104.7,7220.35,1,0,1,1,0,0,0,0,1,0,0,0,1,0,1,0,1,1,0,0,0,0,0.1298330121248
1,1,1,0,30,1,0,77.9,2351.45,0,0,1,1,0,0,0,0,0,0,0,0,0,0,0,0,0,0,0,0,0,1,0.4212564753099858
0,0,0,0,33,1,1,90.65,2989.6,0,0,1,1,0,0,1,0,0,0,0,0,0,0,0,0,1,0,0,0,1,0,0.46065624503604147
1,1,1,0,54,1,1,110.45,6077.75,0,0,1,1,0,0,0,0,1,0,1,0,1,0,1,0,1,0,1,0,1,0,0.20512214098325873
0,0,0,0,59,1,0,68.7,4070.95,0,0,1,0,0,0,1,0,0,0,0,0,1,0,0,0,1,1,0,0,0,0,0.02109890560088216
1,1,0,0,55,0,1,44.85,2479.05,0,1,0,0,0,0,1,0,1,0,0,0,0,0,1,0,0,0,0,0,1,0,0.12933370746346776
1,1,1,0,69,0,1,29.8,2134.3,0,1,0,0,0,0,0,0,0,0,1,0,0,0,0,0,0,1,0,1,0,0,0.026116867101530602
0,0,0,0,66,1,1,88.9,6000.1,0,0,1,1,0,0,0,0,1,0,0,0,0,0,1,0,0,1,0,0,0,0,0.1324219501690062
1,0,1,1,37,1,1,58.75,2203.1,0,0,0,0,0,0,1,0,0,0,1,0,1,0,0,0,0,1,0,0,0,1,0.027056334528956956
1,1,1,0,9,1,0,19.85,183.15,0,0,0,0,1,1,0,1,0,1,0,1,0,1,0,1,0,1,0,1,0,0,0.09305002335264455
1,0,1,1,69,1,0,86.9,6194.1,0,0,1,0,0,0,1,0,0,0,1,0,1,0,1,0,1,0,1,0,0,0,0.01284149550749474
1,0,0,0,10,1,1,59.65,638.95,0,0,0,0,0,0,0,0,1,0,0,0,0,0,1,0,0,0,0,0,0,1,0.36435244715978654
1,0,0,1,40,1,1,55.25,2139.2,1,0,0,0,0,0,1,0,1,0,0,0,0,0,0,0,0,0,0,0,0,1,0.05909954431914712
1,0,0,1,13,1,0,66.4,831.75,0,0,0,0,0,0,0,0,0,0,0,0,0,0,1,0,1,0,0,1,0,0,0.291560485453565
0,0,0,0,6,1,1,90.1,521.3,1,0,1,1,0,0,0,0,1,0,0,0,0,0,1,0,0,0,0,0,1,0,0.7298849775324081
0,0,1,1,69,1,0,20.15,1337.5,0,0,0,0,1,1,0,1,0,1,0,1,0,1,0,1,0,0,1,0,0,0,0.0017944238380498926
0,1,1,0,66,1,1,108.1,7181.95,0,0,1,1,0,0,0,0,1,0,1,0,1,0,1,0,1,1,0,1,0,0,0.17782206227424815
1,0,0,0,11,1,0,53.75,608.0,1,0,1,0,0,0,0,0,0,0,1,0,0,0,0,0,0,0,0,0,1,0,0.3844065247935451
1,0,1,1,46,1,0,56.9,2560.1,0,0,0,0,0,0,1,0,0,0,1,0,1,0,0,0,0,1,0,0,0,1,0.013932310411661758
0,0,0,0,6,1,0,89.3,577.6,1,0,0,1,0,0,0,0,0,0,0,0,0,0,1,0,1,0,0,0,1,0,0.7097707316639051
0,0,1,1,56,1,1,109.6,5953.0,0,0,1,1,0,0,1,0,0,0,1,0,1,0,1,0,1,0,0,0,0,1,0.21212129023802598
1,0,1,1,70,1,0,25.15,1790.15,0,0,1,0,1,1,0,1,0,1,0,1,0,1,0,1,0,0,1,1,0,0,0.002056267365919978
0,0,1,1,33,1,1,79.15,2531.4,0,0,1,0,0,0,0,0,0,0,1,0,1,0,1,0,1,1,0,0,1,0,0.14787297456525245
0,0,1,1,72,1,0,66.75,4760.3,0,0,1,0,0,0,1,0,1,0,0,0,1,0,0,0,0,0,1,1,0,0,0.003594926449873832
0,0,1,0,3,1,1,95.2,292.85,1,0,1,1,0,0,0,0,0,0,0,0,0,0,1,0,1,0,0,0,1,0,0.8200061735550246
0,0,0,1,19,1,0,48.8,953.65,0,0,0,0,0,0,0,0,0,0,0,0,1,0,0,0,0,0,0,0,0,1,0.1224446035920899
0,1,0,0,5,0,0,45.7,198.0,1,1,0,0,0,0,0,0,0,0,0,0,0,0,1,0,1,0,0,0,1,0,0.7134961851951874
0,0,1,0,71,1,1,80.7,5705.05,0,0,0,0,0,0,0,0,1,0,1,0,1,0,1,0,1,0,1,1,0,0,0.01637180990731885
1,0,1,0,8,1,1,74.5,609.9,1,0,0,1,0,0,1,0,0,0,0,0,0,0,0,0,0,0,0,0,1,0,0.5384721106052551
1,0,0,0,1,1,0,20.55,20.55,0,0,0,0,1,1,0,1,0,1,0,1,0,1,0,1,0,0,0,1,0,0,0.1949287649346618
0,0,0,0,1,1,1,79.65,79.65,1,0,0,1,0,0,0,0,0,0,0,0,0,0,1,0,0,0,0,0,1,0,0.7431734131042772
0,0,0,0,61,1,1,115.1,6993.65,0,0,1,1,0,0,1,0,1,0,1,0,1,0,1,0,1,1,0,0,0,1,0.11926024157452914
0,0,1,1,71,0,0,59.7,4122.65,0,1,0,0,0,0,1,0,1,0,0,0,1,0,1,0,1,0,1,0,0,0,0.008547250425971941
0,0,1,0,68,1,0,86.45,5762.95,0,0,1,1,0,0,0,0,1,0,1,0,0,0,0,0,0,1,0,1,0,0,0.06309324847656572
1,0,0,0,46,0,0,33.7,1537.85,0,1,0,0,0,0,0,0,0,0,1,0,1,0,0,0,0,1,0,1,0,0,0.031108576500370945
1,0,0,0,33,1,0,80.1,2603.3,0,0,1,1,0,0,1,0,0,0,0,0,0,0,0,0,0,1,0,0,0,0,0.13670242962230708
0,0,1,1,53,1,1,104.05,5566.4,0,0,1,1,0,0,1,0,1,0,1,0,1,0,0,0,1,0,1,0,0,0,0.05574691818552576
0,1,1,0,50,1,0,108.75,5431.9,0,0,1,1,0,0,1,0,1,0,1,0,0,0,1,0,1,0,0,0,0,0,0.36666074744432026
0,0,0,0,57,0,1,41.1,2258.25,0,1,0,0,0,0,1,0,0,0,1,0,1,0,0,0,0,1,0,1,0,0,0.01740742048313775
0,0,1,1,54,1,1,20.35,1092.35,0,0,0,0,1,1,0,1,0,1,0,1,0,1,0,1,0,0,1,0,0,0,0.0052742903550176985
0,1,1,0,60,1,1,105.9,6401.25,0,0,1,1,0,0,0,0,1,0,1,0,0,0,1,0,1,0,0,0,1,0,0.5326420609555828
0,1,1,0,28,1,1,101.3,2812.2,1,0,1,1,0,0,0,0,0,0,0,0,1,0,1,0,1,0,0,1,0,0,0.5596504481852268
0,0,1,1,1,1,1,80.05,80.05,1,0,0,1,0,0,0,0,0,0,0,0,0,0,1,0,0,0,0,0,0,1,0.637043680058675
1,0,1,1,29,1,1,89.2,2698.35,1,0,1,1,0,0,0,0,0,0,1,0,0,0,0,0,1,0,0,0,1,0,0.5566375726499827
0,0,1,1,10,1,1,65.5,616.9,0,0,0,0,0,0,0,0,1,0,0,0,1,0,0,0,1,0,0,0,1,0,0.3128753707394232
1,0,0,1,43,0,1,40.45,1912.85,0,1,0,0,0,0,1,0,1,0,1,0,0,0,0,0,0,0,0,0,1,0,0.10853117742639794
1,1,1,0,13,1,0,70.45,849.1,0,0,0,1,0,0,0,0,0,0,0,0,0,0,0,0,0,0,0,0,0,0,0.522097670117123
0,0,1,0,43,1,1,78.8,3460.3,0,0,0,0,0,0,1,0,0,0,1,0,1,0,1,0,1,0,1,0,1,0,0.045692456044750834
1,0,1,1,19,1,1,83.65,1465.75,1,0,1,1,0,0,0,0,0,0,0,0,0,0,0,0,1,0,0,0,1,0,0.6149690224693969
1,0,1,1,1,1,1,90.1,90.1,0,0,0,1,0,0,0,0,0,0,0,0,0,0,1,0,1,0,0,0,1,0,0.750980222389938
0,0,0,0,69,1,1,82.45,5555.3,0,0,0,0,0,0,1,0,0,0,1,0,1,0,1,0,1,0,1,1,0,0,0.011941642471180656
0,0,1,0,61,1,0,20.25,1278.8,0,0,0,0,1,1,0,1,0,1,0,1,0,1,0,1,0,0,1,1,0,0,0.00308337140527439
1,0,1,0,43,1,0,66.25,2907.35,0,0,1,0,0,0,1,0,1,0,0,0,1,0,0,0,0,0,0,0,0,0,0.0535523285043894
0,0,1,0,6,1,0,19.5,146.3,1,0,0,0,1,1,0,1,0,1,0,1,0,1,0,1,0,0,0,0,0,0,0.1894301962863447
1,0,0,0,1,1,0,51.25,51.25,1,0,0,0,0,0,0,0,0,0,0,0,1,0,0,0,0,0,0,0,0,1,0.26469658825394954
1,0,1,0,56,1,0,89.7,4952.95,0,0,0,1,0,0,0,0,0,0,0,0,0,0,1,0,1,0,0,0,0,1,0.2628320933407445
0,0,1,0,70,0,0,64.55,4504.9,0,1,0,0,0,0,1,0,1,0,1,0,1,0,1,0,1,0,1,0,0,0,0.012366220119570557
1,0,0,0,1,1,1,45.6,45.6,1,0,0,0,0,0,0,0,0,0,0,0,0,0,0,0,0,0,0,0,1,0,0.5016331006033898
1,0,1,1,49,1,1,93.65,4520.15,0,0,1,1,0,0,0,0,1,0,1,0,0,0,1,0,0,1,0,0,1,0,0.21726471297487784
0,0,0,0,6,1,1,49.65,267.35,1,0,0,0,0,0,0,0,0,0,0,0,1,0,0,0,0,0,0,0,0,0,0.2949006936851314
0,0,1,1,32,1,0,73.6,2316.85,0,0,0,0,0,0,1,0,1,0,1,0,1,0,0,0,1,0,1,0,0,1,0.019710736382809402
0,1,1,0,72,1,1,109.75,8075.35,0,0,1,1,0,0,1,0,0,0,1,0,1,0,1,0,1,0,1,0,0,1,0.08176173687789552
1,0,0,1,37,1,0,61.45,2302.35,0,0,0,0,0,0,1,0,1,0,0,0,1,0,0,0,0,0,1,1,0,0,0.009861990072663867
0,0,1,0,69,1,1,106.4,7251.9,0,0,0,1,0,0,1,0,1,0,0,0,1,0,1,0,1,1,0,1,0,0,0.06765439295060022
0,0,1,0,26,1,0,81.9,2078.55,0,0,0,0,0,0,0,0,1,0,1,0,1,0,1,0,1,0,0,0,0,0,0.19506832999870174
0,0,1,1,58,1,1,105.2,6225.4,0,0,1,1,0,0,0,0,1,0,1,0,0,0,1,0,1,1,0,1,0,0,0.1934817835463752
1,0,0,0,24,1,0,54.6,1242.25,0,0,1,0,0,0,0,0,0,0,0,0,1,0,0,0,0,1,0,0,0,0,0.0776385982827963
1,0,1,1,5,1,0,20.55,99.45,0,0,0,0,1,1,0,1,0,1,0,1,0,1,0,1,0,1,0,0,1,0,0.1040745990255427
1,0,1,1,15,1,1,20.0,288.05,1,0,0,0,1,1,0,1,0,1,0,1,0,1,0,1,0,0,0,0,1,0,0.16052202502578783
0,0,1,1,30,1,0,19.7,599.25,0,0,0,0,1,1,0,1,0,1,0,1,0,1,0,1,0,0,1,0,0,1,0.013409887493150573
0,0,1,0,55,1,1,66.05,3462.1,0,0,1,0,0,0,1,0,1,0,0,0,1,0,0,0,0,1,0,1,0,0,0.018274294056347958
0,0,1,0,25,0,1,34.0,853.0,1,1,0,0,0,0,0,0,0,0,0,0,0,0,1,0,0,0,0,0,0,0,0.3769992339678391
1,1,1,0,10,1,1,92.5,934.1,1,0,0,1,0,0,0,0,1,0,1,0,1,0,1,0,0,0,0,0,0,1,0.5485422628709584
1,0,1,1,44,0,1,54.05,2375.2,0,1,0,0,0,0,1,0,1,0,1,0,1,0,0,0,1,0,1,1,0,0,0.021312046720884343
0,0,0,0,47,1,1,58.9,2813.05,0,0,0,0,0,0,1,0,1,0,0,0,1,0,0,0,0,1,0,0,0,1,0.020120700993528057
0,0,1,1,13,1,0,88.35,1222.8,1,0,0,1,0,0,0,0,0,0,0,0,0,0,1,0,1,0,0,0,1,0,0.626917655560616
0,0,1,1,49,1,1,107.95,5293.2,1,0,1,1,0,0,0,0,1,0,1,0,1,0,1,0,1,0,1,0,0,0,0.12017606798386277
0,0,1,0,64,1,1,96.9,6314.35,0,0,0,1,0,0,1,0,0,0,0,0,1,0,1,0,1,1,0,0,0,1,0.08492825819012553
1,0,0,0,1,1,0,19.1,19.1,0,0,0,0,1,1,0,1,0,1,0,1,0,1,0,1,0,0,0,0,0,1,0.2086570325162901
1,0,0,0,20,1,0,50.0,1003.05,0,0,0,0,0,0,0,0,0,0,0,0,1,0,0,0,0,0,0,0,0,1,0.13711198344326306
0,0,1,0,37,0,0,45.4,1593.1,0,1,0,0,0,0,1,0,0,0,0,0,1,0,1,0,0,0,1,0,1,0,0.04063474206352422
1,0,1,1,30,1,0,85.45,2509.95,0,0,1,1,0,0,0,0,0,0,0,0,0,0,1,0,0,0,0,0,1,0,0.4578365764950204
0,0,0,0,38,1,0,84.1,3187.65,0,0,1,0,0,0,1,0,1,0,1,0,0,0,1,0,1,1,0,0,0,0,0.08570677744866546
0,1,0,0,1,1,1,74.45,74.45,1,0,1,1,0,0,0,0,0,0,0,0,0,0,0,0,0,0,0,0,0,1,0.728486282410304
0,0,0,0,37,1,1,64.75,2345.2,1,0,0,0,0,0,0,0,0,0,0,0,0,0,1,0,1,0,0,0,1,0,0.2886881807904057
0,0,1,0,52,0,0,66.25,3330.1,0,1,0,0,0,0,1,0,1,0,1,0,1,0,1,0,1,0,1,1,0,0,0.0213893560448829
1,0,0,1,71,1,1,76.9,5522.7,0,0,0,0,0,0,1,0,1,0,1,0,1,0,1,0,0,0,1,1,0,0,0.005730020120126658
1,0,0,0,26,1,0,89.8,2335.3,1,0,0,1,0,0,0,0,1,0,1,0,0,0,1,0,0,0,0,0,1,0,0.45636198962686964
1,0,0,0,66,1,1,74.6,4798.4,0,0,1,0,0,0,1,0,1,0,1,0,0,0,0,0,1,0,1,1,0,0,0.015014305775817706
1,0,1,0,72,1,1,116.95,8594.4,0,0,1,1,0,0,1,0,1,0,1,0,1,0,1,0,1,0,1,1,0,0,0.05907792398160907
1,0,0,1,25,0,1,40.65,970.55,0,1,0,0,0,0,1,0,0,0,0,0,0,0,1,0,0,1,0,1,0,0,0.107888610661497
1,0,1,1,69,1,1,114.35,7665.8,0,0,1,1,0,0,1,0,1,0,1,0,1,0,1,0,1,0,1,0,0,0,0.05024044548521352
1,0,1,1,53,1,0,69.7,3686.05,0,0,1,0,0,0,1,0,1,0,0,0,0,0,0,0,1,0,1,0,0,0,0.017147756910560915
0,0,0,0,12,1,0,95.5,1115.15,1,0,0,1,0,0,0,0,0,0,1,0,0,0,1,0,1,1,0,0,0,1,0.39912002384238277
1,0,0,0,26,1,1,98.65,2537.0,0,0,0,1,0,0,0,0,0,0,1,0,1,0,1,0,1,0,0,0,1,0,0.5287230643564703
1,0,0,0,21,1,0,61.65,1393.6,0,0,0,0,0,0,0,0,0,0,1,0,0,0,0,0,1,0,0,0,0,1,0.24043284371191587
0,0,0,1,1,1,1,89.35,89.35,0,0,0,1,0,0,0,0,0,0,0,0,0,0,1,0,1,0,0,0,1,0,0.7491927576193852
1,0,0,0,48,1,1,95.4,4445.3,0,0,1,1,0,0,1,0,0,0,0,0,1,0,0,0,1,0,0,0,1,0,0.25911107130521627
0,0,1,0,26,0,0,35.4,978.6,0,1,0,0,0,0,1,0,0,0,1,0,0,0,0,0,0,1,0,1,0,0,0.08398850265205493
1,0,1,0,60,1,0,19.95,1258.15,0,0,0,0,1,1,0,1,0,1,0,1,0,1,0,1,0,0,1,0,0,1,0.0033878909386887745
1,0,0,0,18,1,0,19.25,331.35,0,0,0,0,1,1,0,1,0,1,0,1,0,1,0,1,0,0,0,0,0,1,0.09601077284855153
0,1,0,0,10,0,1,29.65,291.4,1,1,0,0,0,0,0,0,0,0,0,0,1,0,0,0,0,0,0,0,1,0,0.5087334188280821
1,0,1,1,5,1,1,84.5,453.75,1,0,1,1,0,0,1,0,0,0,1,0,0,0,0,0,0,0,0,0,1,0,0.5648687907688199
0,0,0,1,4,1,1,20.4,84.75,0,0,0,0,1,1,0,1,0,1,0,1,0,1,0,1,0,1,0,0,0,1,0.10272127739261572
1,0,1,1,65,1,0,24.75,1715.1,0,0,1,0,1,1,0,1,0,1,0,1,0,1,0,1,0,0,1,1,0,0,0.0027082420303626694
1,0,1,1,70,1,0,25.35,1715.15,0,0,1,0,1,1,0,1,0,1,0,1,0,1,0,1,0,0,1,0,0,1,0.0021542103510978085
1,0,0,0,18,1,1,90.7,1597.25,1,0,1,1,0,0,0,0,0,0,1,0,0,0,0,0,1,0,0,1,0,0,0.5732417376936025
1,0,0,1,62,1,0,20.0,1250.1,0,0,0,0,1,1,0,1,0,1,0,1,0,1,0,1,0,0,1,0,0,0,0.0024349425872440987
0,0,1,1,66,1,1,59.75,3996.8,0,0,0,0,0,0,1,0,0,0,0,0,0,0,1,0,0,0,1,0,1,0,0.013949004753529061
0,0,1,1,65,1,1,82.5,5215.1,0,0,1,0,0,0,1,0,1,0,0,0,1,0,1,0,1,0,1,0,0,0,0.01541109774476788
0,1,0,0,3,1,1,70.3,235.5,1,0,0,1,0,0,0,0,0,0,0,0,0,0,0,0,0,0,0,0,1,0,0.7347179667757239
0,0,0,0,34,1,0,20.35,673.2,0,0,0,0,1,1,0,1,0,1,0,1,0,1,0,1,0,0,0,0,0,1,0.04478157222455779
1,0,1,1,16,1,1,90.8,1442.2,0,0,1,1,0,0,0,0,0,0,1,0,0,0,1,0,0,0,0,0,0,0,0.5762947692634846
0,0,0,0,54,1,1,103.95,5639.05,1,0,1,1,0,0,1,0,0,0,1,0,0,0,1,0,1,1,0,0,0,0,0.19992522067514606
0,1,0,0,50,1,1,104.95,5222.35,0,0,1,1,0,0,0,0,0,0,1,0,1,0,1,0,1,0,0,0,1,0,0.5048514175701899
1,0,1,0,71,1,1,105.25,7291.75,0,0,0,1,0,0,0,0,1,0,1,0,1,0,1,0,1,0,1,0,1,0,0.07852000369409957
0,0,0,0,10,1,1,74.75,799.65,1,0,1,1,0,0,0,0,0,0,0,0,0,0,0,0,0,0,0,0,1,0,0.677480455292138
0,0,0,0,1,1,1,50.8,50.8,1,0,0,0,0,0,0,0,0,0,0,0,1,0,0,0,0,0,0,0,1,0,0.40509576990092316
1,0,0,0,18,1,0,23.75,424.5,0,0,1,0,1,1,0,1,0,1,0,1,0,1,0,1,0,1,0,0,0,1,0.060495806631666725
1,0,0,0,4,1,1,61.3,249.4,0,0,0,0,0,0,0,0,0,0,0,0,1,0,1,0,0,0,0,0,1,0,0.42287433130705165
0,0,1,1,58,1,0,75.8,4415.75,0,0,1,0,0,0,1,0,0,0,1,0,1,0,1,0,0,0,1,0,0,1,0.011032939076483983
0,0,1,0,56,1,1,98.0,5270.6,0,0,1,1,0,0,1,0,0,0,0,0,0,0,1,0,1,1,0,0,1,0,0.21983839215365417
1,0,0,0,2,1,1,80.25,144.55,1,0,0,1,0,0,0,0,0,0,0,0,0,0,1,0,0,0,0,0,1,0,0.7280655125153297
1,0,1,0,32,1,1,78.9,2447.95,1,0,1,1,0,0,0,0,0,0,1,0,0,0,0,0,0,0,0,0,1,0,0.48769324020645477
1,0,1,1,56,0,1,52.0,2884.9,0,1,0,0,0,0,1,0,1,0,0,0,1,0,1,0,0,1,0,0,0,1,0.022007668118754684
1,0,0,0,36,1,1,84.75,3050.15,1,0,1,1,0,0,0,0,0,0,0,0,0,0,0,0,1,0,0,0,1,0,0.527068229323207
0,0,0,0,4,1,1,64.4,253.0,0,0,1,0,0,0,0,0,0,0,0,0,1,0,1,0,0,0,0,0,0,1,0.40916950003024477
1,0,0,0,53,1,0,85.45,4517.25,1,0,1,1,0,0,0,0,0,0,0,0,0,0,1,0,0,0,0,0,0,0,0.26646206667297945
1,0,0,0,10,1,1,45.8,436.2,0,0,0,0,0,0,0,0,0,0,0,0,0,0,0,0,0,0,0,1,0,0,0.3087854336643077
1,0,0,0,4,0,0,30.5,118.4,0,1,0,0,0,0,0,0,0,0,0,0,1,0,0,0,0,0,0,0,1,0,0.44076514456532634
1,0,1,1,1,1,0,19.9,19.9,1,0,0,0,1,1,0,1,0,1,0,1,0,1,0,1,0,0,0,0,0,1,0.18100227125187635
0,0,1,0,51,1,0,69.15,3649.6,0,0,0,1,0,0,0,0,0,0,0,0,0,0,0,0,0,0,0,0,0,1,0.17240490797752572
1,1,0,0,12,1,1,99.45,1200.15,1,0,1,1,0,0,0,0,0,0,1,0,0,0,1,0,1,0,0,0,1,0,0.806220100975348
0,0,0,0,6,0,1,49.25,255.6,0,1,0,0,0,0,0,0,0,0,0,0,1,0,1,0,1,1,0,0,0,1,0.3533895313915008
1,0,1,1,63,0,0,39.35,2395.05,0,1,0,0,0,0,0,0,1,0,1,0,1,0,0,0,0,0,1,0,0,0,0.00750012626859717
0,0,0,0,1,1,1,70.6,70.6,1,0,0,1,0,0,0,0,0,0,0,0,0,0,0,0,0,0,0,0,1,0,0.6949521900630914
0,0,1,0,48,1,1,105.1,5083.55,0,0,1,1,0,0,0,0,1,0,0,0,1,0,1,0,1,0,0,1,0,0,0.35070118508553916
0,0,0,0,5,1,1,81.0,389.6,1,0,0,1,0,0,0,0,0,0,0,0,0,0,1,0,0,0,0,1,0,0,0.6246702380370056
0,0,0,1,35,1,1,20.1,644.5,0,0,0,0,1,1,0,1,0,1,0,1,0,1,0,1,0,1,0,1,0,0,0.01994883867942951
1,0,0,0,6,1,1,84.85,523.5,1,0,0,1,0,0,0,0,1,0,0,0,0,0,1,0,0,0,0,0,1,0,0.6783026110932647
1,0,0,0,2,1,0,19.75,39.3,0,0,0,0,1,1,0,1,0,1,0,1,0,1,0,1,0,0,0,0,0,1,0.19905335313303466
0,0,0,0,50,1,0,19.75,989.05,0,0,0,0,1,1,0,1,0,1,0,1,0,1,0,1,0,1,0,0,0,0,0.009982091240758835
0,0,0,0,33,1,1,70.4,2406.1,0,0,0,1,0,0,0,0,0,0,0,0,0,0,0,0,0,0,0,0,0,0,0.3502442105204541
1,0,0,0,31,1,0,20.45,638.55,0,0,0,0,1,1,0,1,0,1,0,1,0,1,0,1,0,0,1,0,0,1,0.014538744418745139
0,0,1,1,9,1,0,20.35,191.1,0,0,0,0,1,1,0,1,0,1,0,1,0,1,0,1,0,0,1,0,0,1,0.03954352241737152
0,0,1,1,54,1,1,86.2,4524.05,0,0,1,0,0,0,0,0,1,0,1,0,1,0,1,0,1,0,0,0,1,0,0.14542326024696403
0,0,0,0,46,1,1,95.65,4664.2,0,0,0,1,0,0,1,0,1,0,1,0,0,0,1,0,0,1,0,1,0,0,0.12520038122246568
1,0,0,1,34,1,1,103.8,3470.8,0,0,1,1,0,0,1,0,1,0,0,0,0,0,1,0,1,1,0,0,1,0,0.27885004950970865
1,0,1,1,71,1,1,97.2,6910.3,0,0,1,1,0,0,1,0,0,0,0,0,0,0,1,0,1,0,1,0,1,0,0.0809466733126359
0,0,1,1,63,1,0,63.55,4014.2,0,0,0,0,0,0,1,0,1,0,1,0,1,0,0,0,0,0,1,0,0,1,0.004234226670618333
0,0,0,0,51,1,0,24.95,1288.0,0,0,1,0,1,1,0,1,0,1,0,1,0,1,0,1,0,0,1,0,0,0,0.007506151723916616
0,1,0,0,26,1,1,89.15,2277.65,1,0,1,1,0,0,0,0,1,0,0,0,0,0,1,0,0,0,0,0,1,0,0.6503807460511184
0,0,1,0,64,1,1,99.0,6375.8,0,0,0,1,0,0,1,0,0,0,1,0,0,0,1,0,1,0,1,0,0,0,0.07888199608019782
0,1,1,0,1,0,1,24.8,24.8,1,1,0,0,0,0,0,0,0,0,0,0,0,0,0,0,0,0,0,0,1,0,0.7222281844467953
1,1,1,0,61,1,1,85.55,5251.75,0,0,1,1,0,0,0,0,1,0,0,0,1,0,0,0,0,1,0,0,0,0,0.09942483198021741
0,0,0,0,15,1,1,94.0,1505.45,0,0,0,1,0,0,0,0,0,0,1,0,0,0,1,0,1,0,0,1,0,0,0.6229248693245835
1,0,0,0,64,1,1,105.65,6903.1,1,0,1,1,0,0,0,0,1,0,0,0,1,0,1,0,1,1,0,1,0,0,0.13673340488819577
0,0,0,0,18,1,1,50.3,913.3,0,0,1,0,0,0,0,0,0,0,0,0,0,0,0,0,0,0,0,0,1,0,0.3829473589204646
0,0,1,1,57,1,1,95.0,5535.8,0,0,0,1,0,0,0,0,1,0,0,0,0,0,1,0,1,1,0,0,1,0,0.20183789533909247
1,0,1,1,14,1,1,61.4,815.55,0,0,0,0,0,0,1,0,1,0,0,0,0,0,0,0,1,0,1,0,0,0,0.07317890248228762
1,1,0,0,18,1,1,80.55,1411.65,0,0,1,1,0,0,0,0,1,0,0,0,0,0,0,0,0,0,0,1,0,0,0.5387716981889451
0,1,1,0,72,1,0,78.5,5602.25,0,0,1,1,0,0,1,0,0,0,0,0,0,0,0,0,0,0,1,0,0,0,0.03212543578687664
1,0,1,0,70,1,0,114.3,8244.3,0,0,1,1,0,0,1,0,1,0,1,0,1,0,1,0,1,0,1,1,0,0,0.04721828065335795
0,0,0,0,38,1,0,20.05,741.5,0,0,0,0,1,1,0,1,0,1,0,1,0,1,0,1,0,0,1,0,0,1,0.010339761179822339
1,0,1,1,68,1,0,62.65,4375.8,0,0,0,0,0,0,1,0,1,0,1,0,1,0,0,0,0,0,1,1,0,0,0.00320395430230862
1,0,0,0,13,1,1,80.85,1008.7,1,0,0,1,0,0,0,0,0,0,0,0,0,0,0,0,1,0,0,0,1,0,0.6482718910619948
1,1,1,0,65,1,1,92.7,5968.4,0,0,1,1,0,0,1,0,1,0,0,0,0,0,1,0,0,0,1,1,0,0,0.06560390047009723
0,0,0,0,30,1,0,100.45,3096.9,0,0,1,1,0,0,0,0,0,0,1,0,0,0,1,0,1,0,0,0,1,0,0.6068142229720264
1,0,1,0,51,1,1,75.2,3901.25,0,0,1,0,0,0,0,0,0,0,0,0,1,0,1,0,1,0,1,0,0,0,0.04730394958788305
0,0,0,0,31,1,1,84.75,2613.4,0,0,1,1,0,0,1,0,0,0,1,0,0,0,0,0,0,0,0,1,0,0,0.30751790715049954
0,0,1,0,9,1,0,89.45,853.1,1,0,0,1,0,0,0,0,0,0,0,0,0,0,1,0,1,0,0,0,1,0,0.7004495560521484
0,0,1,1,72,1,1,79.5,5661.7,0,0,1,0,0,0,1,0,1,0,1,0,1,0,0,0,1,0,1,0,0,0,0.008988088139891263
1,0,0,0,10,1,1,72.15,794.25,1,0,1,0,0,0,0,0,0,0,0,0,0,0,1,0,1,0,0,1,0,0,0.4951218796724279
0,0,0,0,37,1,1,19.8,695.05,0,0,0,0,1,1,0,1,0,1,0,1,0,1,0,1,0,1,0,0,1,0,0.033021724740190474
0,0,0,0,2,1,0,76.4,160.8,1,0,0,0,0,0,0,0,0,0,1,0,1,0,1,0,1,0,0,0,1,0,0.44026305978689667
1,0,0,0,55,1,1,100.9,5552.05,0,0,0,1,0,0,1,0,1,0,0,0,0,0,1,0,1,1,0,0,0,1,0.13010042050452808
1,0,0,1,33,1,1,95.3,3275.15,0,0,1,1,0,0,1,0,0,0,1,0,0,0,0,0,1,0,0,0,0,0,0.35198952068808226
0,0,1,1,46,1,0,90.95,4236.6,0,0,0,1,0,0,0,0,0,0,1,0,1,0,0,0,1,1,0,0,0,0,0.0974303682035469
0,0,0,1,1,1,0,54.5,54.5,0,0,0,0,0,0,1,0,0,0,0,0,1,0,0,0,0,0,0,0,1,0,0.21239472514215826
0,1,0,0,20,1,1,61.6,1174.35,1,0,1,0,0,0,0,0,0,0,0,0,0,0,0,0,1,0,0,0,0,1,0.41315746276337495
1,0,1,0,9,1,1,79.9,741.7,1,0,0,1,0,0,0,0,1,0,1,0,0,0,0,0,0,0,0,0,1,0,0.6070145434261222
1,1,0,0,32,1,1,96.15,3019.25,1,0,1,1,0,0,0,0,0,0,0,0,0,0,1,0,1,0,0,1,0,0,0.6010038504094468
0,0,1,1,19,1,1,49.6,962.9,0,0,0,0,0,0,0,0,0,0,1,0,0,0,0,0,0,0,0,0,0,0,0.23254138360528415
0,0,1,0,70,1,0,65.3,4759.75,1,0,1,0,0,0,1,0,0,0,1,0,1,0,0,0,0,0,1,1,0,0,0.005628581307636322
0,0,0,1,61,1,1,25.0,1498.35,0,0,1,0,1,1,0,1,0,1,0,1,0,1,0,1,0,0,1,1,0,0,0.004132081130344417
1,0,0,0,26,1,0,45.45,1233.15,0,0,0,0,0,0,0,0,0,0,0,0,0,0,0,0,0,0,0,0,1,0,0.20145996801756275
1,0,1,0,45,1,1,107.75,4882.8,0,0,1,1,0,0,0,0,1,0,1,0,0,0,1,0,1,0,0,0,0,0,0.4926264276562965
1,0,1,1,62,1,1,89.1,5411.65,0,0,1,1,0,0,0,0,0,0,1,0,0,0,1,0,0,0,1,1,0,0,0.06958790653388383
1,0,0,0,1,1,0,19.65,19.65,1,0,0,0,1,1,0,1,0,1,0,1,0,1,0,1,0,0,0,0,0,1,0.20780034442352166
0,0,0,0,3,1,0,44.75,148.05,0,0,0,0,0,0,0,0,0,0,0,0,0,0,0,0,0,0,0,0,0,1,0.34533159249884815
0,0,1,1,41,1,1,101.6,3930.55,0,0,1,1,0,0,1,0,1,0,1,0,0,0,0,0,1,1,0,0,0,0,0.15611145971906806
1,0,1,1,67,1,0,103.15,6895.5,0,0,0,1,0,0,0,0,1,0,1,0,1,0,1,0,1,0,1,0,0,0,0.04357173771169397
1,0,0,0,1,1,1,84.65,84.65,1,0,1,1,0,0,0,0,0,0,0,0,0,0,1,0,0,0,0,0,0,1,0.7155741466374843
0,0,1,0,71,1,0,95.65,6856.95,0,0,1,1,0,0,1,0,1,0,0,0,0,0,1,0,0,1,0,0,0,1,0.06541887555114738
0,0,1,1,37,1,0,75.1,2658.8,0,0,0,0,0,0,1,0,1,0,0,0,0,0,1,0,1,1,0,0,0,0,0.0549542904251524
1,0,1,0,60,1,1,61.35,3766.2,0,0,0,0,0,0,1,0,1,0,0,0,1,0,0,0,0,0,1,0,0,1,0.007355055529252991
0,1,1,0,1,1,1,69.55,69.55,1,0,0,1,0,0,0,0,0,0,0,0,0,0,0,0,0,0,0,0,1,0,0.7581471700426998
0,0,0,0,6,1,0,19.7,129.55,0,0,0,0,1,1,0,1,0,1,0,1,0,1,0,1,0,0,0,1,0,0,0.16259229054480728
0,0,0,0,13,0,1,31.05,347.25,1,1,0,0,0,0,0,0,1,0,0,0,0,0,0,0,0,0,0,0,1,0,0.4754680439113971
0,0,1,1,11,1,0,51.0,581.7,0,0,0,0,0,0,1,0,0,0,0,0,0,0,0,0,0,0,0,0,0,0,0.17489404417994125
1,0,0,0,7,1,1,51.0,354.05,1,0,0,0,0,0,1,0,0,0,0,0,0,0,0,0,0,0,0,0,0,1,0.2625389294965513
0,0,1,1,10,1,1,88.85,929.45,0,0,0,1,0,0,0,0,0,0,0,0,0,0,1,0,1,0,0,0,1,0,0.7057042392951545
1,0,1,0,34,1,0,20.05,679.0,0,0,0,0,1,1,0,1,0,1,0,1,0,1,0,1,0,0,1,1,0,0,0.012136487568589496
0,0,0,0,62,1,1,65.1,3846.75,0,0,0,0,0,0,1,0,0,0,0,0,1,0,0,0,1,0,1,0,0,1,0.009604301656712938
1,0,1,0,64,1,1,70.15,4480.7,0,0,1,0,0,0,0,0,1,0,0,0,1,0,0,0,1,1,0,0,0,1,0.030393251476962667
0,0,1,1,1,1,1,44.35,44.35,1,0,0,0,0,0,0,0,0,0,0,0,0,0,0,0,0,0,0,0,0,0,0.4042555106703832
1,0,0,0,25,1,1,20.75,499.4,0,0,0,0,1,1,0,1,0,1,0,1,0,1,0,1,0,0,1,0,0,1,0.025720382139386332
0,0,0,0,26,1,1,56.05,1553.2,0,0,0,0,0,0,0,0,1,0,1,0,0,0,0,0,0,1,0,0,0,1,0.0993944905583258
1,0,0,1,10,1,1,19.95,219.5,0,0,0,0,1,1,0,1,0,1,0,1,0,1,0,1,0,1,0,0,0,0,0.07935315719042908
0,0,0,0,53,1,0,98.6,5311.85,0,0,1,1,0,0,1,0,1,0,1,0,0,0,1,0,0,1,0,0,0,1,0.1069669299157778
0,0,0,0,7,1,1,79.7,586.05,1,0,0,1,0,0,0,0,0,0,0,0,0,0,1,0,0,0,0,0,1,0,0.7032872366376799
1,0,0,0,33,1,1,79.0,2576.8,0,0,0,1,0,0,0,0,1,0,1,0,0,0,0,0,0,0,0,1,0,0,0.29753579750783105
0,1,1,0,71,1,0,89.45,6435.25,0,0,0,1,0,0,0,0,1,0,1,0,0,0,0,0,1,0,1,1,0,0,0.052124559569845616
0,0,0,0,29,1,1,74.2,1993.25,0,0,1,1,0,0,0,0,0,0,0,0,0,0,0,0,0,0,0,0,1,0,0.4979200074534799
1,0,1,1,24,1,0,81.0,1923.85,0,0,1,0,0,0,1,0,0,0,0,0,1,0,1,0,1,0,0,0,0,0,0.15794150204201643
1,0,1,1,20,1,1,49.6,939.8,0,0,0,0,0,0,0,0,0,0,1,0,0,0,0,0,0,0,0,0,1,0,0.26444515533842544
0,0,0,0,1,1,1,84.6,84.6,0,0,1,1,0,0,0,0,0,0,0,0,0,0,1,0,0,0,0,0,1,0,0.7829605463524054
1,0,0,1,54,1,1,55.0,3092.65,1,0,1,0,0,0,0,0,1,0,0,0,0,0,0,0,0,0,0,1,0,0,0.0627350849484661
0,1,0,0,5,1,1,84.85,415.55,1,0,0,1,0,0,0,0,0,0,1,0,0,0,1,0,0,0,0,0,0,1,0.6979176363824019
0,0,1,1,72,1,1,84.2,5986.55,0,0,1,0,0,0,1,0,0,0,1,0,1,0,1,0,1,0,1,0,0,0,0.014056156925702107
1,0,1,0,52,1,1,106.3,5487.0,0,0,0,1,0,0,1,0,1,0,1,0,1,0,1,0,1,0,1,0,1,0,0.09079445699203072
0,0,0,0,9,1,0,69.05,651.5,0,0,0,1,0,0,0,0,0,0,0,0,0,0,0,0,0,0,0,0,1,0,0.5673295953090494
0,0,0,0,1,1,1,45.4,45.4,0,0,0,0,0,0,0,0,0,0,0,0,0,0,0,0,0,0,0,0,0,1,0.42895921860608965
1,1,0,0,1,1,1,73.65,73.65,1,0,1,1,0,0,0,0,0,0,0,0,0,0,0,0,0,0,0,0,1,0,0.7839837920585461
1,0,1,1,33,1,1,73.9,2405.05,1,0,0,0,0,0,0,0,0,0,1,0,1,0,1,0,1,1,0,0,0,1,0.08579913961397652
0,0,1,0,55,1,1,77.75,4458.15,1,0,1,1,0,0,0,0,0,0,1,0,0,0,0,0,0,0,0,0,1,0,0.32143870772380484
1,0,1,1,69,1,1,99.35,6856.45,0,0,1,1,0,0,0,0,0,0,0,0,1,0,1,0,1,0,1,0,1,0,0.08918955159187775
1,0,0,0,1,1,1,50.75,50.75,0,0,0,0,0,0,1,0,0,0,0,0,0,0,0,0,0,0,0,0,0,1,0.31667096132552586
1,0,0,0,54,1,0,87.1,4735.2,0,0,1,0,0,0,1,0,0,0,1,0,1,0,1,0,1,0,1,0,0,0,0.023279585482151286
1,0,0,1,33,1,1,20.15,682.15,0,0,0,0,1,1,0,1,0,1,0,1,0,1,0,1,0,1,0,0,0,1,0.023511647914608233
1,1,1,0,45,1,1,98.7,4525.8,0,0,1,1,0,0,0,0,1,0,1,0,1,0,1,0,0,1,0,0,0,0,0.22113451972916412
0,0,0,1,11,0,0,25.2,321.05,0,1,0,0,0,0,0,0,0,0,0,0,0,0,0,0,0,0,0,0,1,0,0.413696724938093
1,0,0,0,6,1,1,55.7,335.65,0,0,0,0,0,0,1,0,1,0,0,0,0,0,0,0,0,0,0,0,0,0,0.26079696650160317
1,0,0,0,21,1,0,65.35,1424.4,0,0,0,0,0,0,1,0,0,0,1,0,0,0,1,0,0,0,0,0,0,0,0.17705792814510898
0,0,1,1,65,1,1,25.3,1748.55,0,0,1,0,1,1,0,1,0,1,0,1,0,1,0,1,0,0,1,0,0,0,0.004197905006573148
0,1,1,0,6,1,1,84.35,474.9,1,0,1,1,0,0,0,0,0,0,0,0,0,0,0,0,1,0,0,0,1,0,0.8078626261581189
0,0,0,0,8,1,0,84.95,668.4,1,0,0,1,0,0,1,0,0,0,0,0,0,0,1,0,0,0,0,0,1,0,0.5262178321086488
1,0,0,0,11,1,1,73.85,926.25,1,0,0,1,0,0,0,0,0,0,0,0,1,0,0,0,0,0,0,0,1,0,0.5141040116196618
1,0,1,1,43,1,0,24.25,1077.95,0,0,1,0,1,1,0,1,0,1,0,1,0,1,0,1,0,0,1,0,0,1,0.008759313499250033
1,0,1,1,49,0,1,51.8,2541.25,1,1,0,0,0,0,0,0,1,0,0,0,0,0,1,0,1,1,0,0,0,0,0.09021845593220067
0,1,1,0,1,1,0,46.0,46.0,1,0,0,0,0,0,0,0,0,0,0,0,0,0,0,0,0,0,0,0,1,0,0.5178557141525891
1,1,0,0,15,1,1,79.4,1156.1,1,0,0,1,0,0,0,0,0,0,0,0,0,0,0,0,1,0,0,0,1,0,0.6926688138897475
1,0,1,1,60,1,0,60.5,3694.45,0,0,0,0,0,0,1,0,1,0,1,0,0,0,0,0,0,0,1,0,0,0,0.00701712191180044
1,0,0,0,17,0,0,25.1,382.8,0,1,0,0,0,0,0,0,0,0,0,0,0,0,0,0,0,0,0,1,0,0,0.2898371159668717
1,1,1,0,16,1,1,71.8,1167.8,1,0,0,1,0,0,0,0,0,0,0,0,0,0,0,0,0,0,0,0,0,0,0.5668670137524227
1,0,1,1,35,1,0,20.05,746.75,0,0,0,0,1,1,0,1,0,1,0,1,0,1,0,1,0,1,0,0,0,0,0.018158240605959
1,1,1,0,44,1,0,88.4,3912.9,1,0,1,1,0,0,0,0,1,0,0,0,0,0,0,0,1,1,0,0,0,1,0.22224516408393524
0,0,1,1,12,0,0,30.25,368.85,0,1,0,0,0,0,0,0,0,0,0,0,1,0,0,0,0,1,0,1,0,0,0.12802975732856064
1,0,0,0,1,1,0,20.2,20.2,0,0,0,0,1,1,0,1,0,1,0,1,0,1,0,1,0,0,0,0,0,1,0.20694625383013235
0,0,0,0,28,1,1,59.9,1654.7,0,0,0,0,0,0,1,0,1,0,0,0,1,0,0,0,0,1,0,0,1,0,0.05724243036978887
1,0,1,0,70,1,0,25.15,1940.85,0,0,1,0,1,1,0,1,0,1,0,1,0,1,0,1,0,0,1,0,0,0,0.0030444213449978817
0,0,0,1,5,1,0,46.0,221.7,1,0,0,0,0,0,0,0,0,0,0,0,0,0,0,0,0,0,0,0,0,1,0.27575695288335694
1,0,0,0,18,1,0,101.3,1794.65,0,0,0,1,0,0,0,0,1,0,1,0,0,0,1,0,1,0,0,1,0,0,0.49059641011170035
1,0,1,0,70,1,1,76.95,5289.8,0,0,1,0,0,0,1,0,0,0,0,0,1,0,1,0,1,0,1,1,0,0,0.014137792233977868
0,0,1,1,9,1,1,55.3,501.2,0,0,1,0,0,0,0,0,1,0,0,0,0,0,0,0,0,0,0,0,0,1,0.33382098291169626
0,1,0,0,67,1,1,92.45,6140.85,0,0,0,1,0,0,1,0,1,0,0,0,1,0,1,0,0,0,1,0,0,0,0.03738618800301663
0,0,0,0,1,1,1,48.45,48.45,0,0,0,0,0,0,1,0,0,0,0,0,0,0,0,0,0,0,0,0,0,0,0.341347088097494
0,0,1,1,18,1,0,19.35,309.25,0,0,0,0,1,1,0,1,0,1,0,1,0,1,0,1,0,0,1,0,0,1,0.024714759193817368
1,0,0,0,4,1,0,51.75,201.1,1,0,1,0,0,0,0,0,0,0,0,0,0,0,0,0,0,0,0,1,0,0,0.3571637754917952
1,1,1,1,71,1,1,86.7,6179.35,0,0,0,1,0,0,1,0,1,0,1,0,0,0,0,0,0,1,0,0,0,0,0.047164473852767654
1,0,1,1,30,1,1,94.4,2838.7,1,0,1,1,0,0,1,0,1,0,0,0,0,0,1,0,0,0,0,0,1,0,0.41190176579023724
1,0,1,0,1,1,0,55.7,55.7,0,0,0,0,0,0,1,0,0,0,1,0,0,0,0,0,0,0,0,0,0,1,0.26625279382828365
0,0,0,0,55,1,1,84.25,4589.85,0,0,1,1,0,0,1,0,0,0,1,0,0,0,0,0,0,1,0,1,0,0,0.08545822442742027
1,0,0,0,59,1,1,64.65,3735.45,0,0,0,0,0,0,0,0,0,0,1,0,1,0,1,0,0,0,0,0,1,0,0.07612221122254383
0,0,0,0,1,1,1,70.15,70.15,1,0,0,1,0,0,0,0,0,0,0,0,0,0,0,0,0,0,0,0,0,1,0.6225548570630257
0,0,1,0,7,1,1,69.2,477.55,0,0,0,1,0,0,0,0,0,0,0,0,0,0,0,0,0,0,0,0,0,0,0.595562945775636
1,0,1,1,45,1,0,54.65,2553.7,0,0,0,0,0,0,1,0,0,0,0,0,1,0,0,0,0,0,1,0,0,0,0.009140591138535626
0,0,1,1,54,1,1,24.75,1342.15,0,0,1,0,1,1,0,1,0,1,0,1,0,1,0,1,0,1,0,0,0,0,0.012102989875614855
1,0,1,1,51,1,1,23.95,1216.35,0,0,1,0,1,1,0,1,0,1,0,1,0,1,0,1,0,1,0,0,0,1,0.012794546944167803
0,1,1,0,72,1,0,105.0,7578.05,0,0,1,1,0,0,0,0,1,0,1,0,0,0,1,0,1,1,0,1,0,0,0.1634690667005218
1,0,1,0,44,1,1,59.85,2603.95,0,0,0,0,0,0,1,0,1,0,0,0,1,0,0,0,0,1,0,0,0,0,0.02394155840386734
1,0,0,0,2,1,0,20.05,42.7,0,0,0,0,1,1,0,1,0,1,0,1,0,1,0,1,0,0,0,0,0,1,0.19875306847690444
0,0,0,0,66,1,1,92.15,6056.9,0,0,1,1,0,0,0,0,0,0,1,0,0,0,1,0,0,1,0,0,0,0,0.14258749894483513
1,0,1,1,68,0,0,44.8,2983.65,0,1,0,0,0,0,1,0,1,0,0,0,0,0,1,0,0,1,0,0,0,1,0.01337549143935349
0,0,0,0,31,1,0,20.9,689.35,0,0,0,0,1,1,0,1,0,1,0,1,0,1,0,1,0,0,1,1,0,0,0.014147371503729796
0,1,0,0,21,1,1,95.4,2025.1,0,0,1,1,0,0,0,0,0,0,0,0,0,0,1,0,1,0,0,0,0,0,0.715728847678153
1,0,0,1,21,1,0,80.35,1747.2,0,0,1,1,0,0,1,0,0,0,0,0,0,0,0,0,0,0,0,0,1,0,0.3553828726230475
0,0,1,1,55,1,1,85.1,4657.95,0,0,1,0,0,0,1,0,0,0,1,0,1,0,1,0,1,0,1,0,0,0,0.025017703236595943
1,0,0,0,9,0,1,34.7,296.1,1,1,0,0,0,0,0,0,0,0,0,0,0,0,1,0,0,0,0,1,0,0,0.513440530682424
1,1,1,0,71,1,1,115.05,8016.6,0,0,1,1,0,0,1,0,1,0,1,0,1,0,1,0,1,0,1,0,0,0,0.07737373333261527
0,0,0,0,1,1,1,81.1,81.1,1,0,0,1,0,0,0,0,0,0,0,0,0,0,0,0,1,0,0,0,1,0,0.7438152228065091
1,0,1,1,22,1,0,19.95,433.5,0,0,0,0,1,1,0,1,0,1,0,1,0,1,0,1,0,1,0,0,0,1,0.033076639477736196
0,0,1,1,1,1,0,20.55,20.55,1,0,0,0,1,1,0,1,0,1,0,1,0,1,0,1,0,0,0,0,0,1,0.18497261393000483
0,0,0,0,61,1,1,106.6,6428.4,1,0,1,1,0,0,0,0,0,0,1,0,1,0,1,0,1,0,1,0,1,0,0.13878515823740728
0,0,1,0,67,1,0,86.15,5883.85,0,0,1,0,0,0,0,0,1,0,1,0,1,0,1,0,1,0,1,0,0,0,0.02331624491500806
0,1,0,0,14,1,0,78.85,1043.8,0,0,0,1,0,0,1,0,1,0,0,0,0,0,0,0,0,0,0,0,1,0,0.44685605936847156
1,0,1,0,59,1,1,106.75,6252.9,1,0,1,1,0,0,1,0,1,0,1,0,1,0,1,0,0,0,0,0,1,0,0.2188366964758889
1,1,1,0,21,1,0,86.55,1857.25,0,0,0,1,0,0,0,0,0,0,1,0,0,0,1,0,0,0,0,0,0,0,0.5296588241093926
1,0,0,0,4,0,0,42.4,146.4,0,1,0,0,0,0,1,0,1,0,0,0,1,0,0,0,0,0,0,0,0,1,0.2411296546425231
0,0,0,0,3,1,1,89.45,240.45,1,0,0,1,0,0,0,0,0,0,0,0,0,0,1,0,1,0,0,0,1,0,0.775539800864061
1,0,1,0,70,1,0,24.25,1724.15,0,0,1,0,1,1,0,1,0,1,0,1,0,1,0,1,0,0,1,0,0,0,0.0028744773303197102
0,0,0,0,3,1,1,97.9,315.3,1,0,0,1,0,0,0,0,1,0,0,0,1,0,1,0,1,0,0,0,1,0,0.6752519557405574
1,1,0,0,21,1,0,20.5,429.55,0,0,0,0,1,1,0,1,0,1,0,1,0,1,0,1,0,1,0,0,0,0,0.055381257038878313
1,0,0,0,20,1,1,19.6,356.15,0,0,0,0,1,1,0,1,0,1,0,1,0,1,0,1,0,0,0,1,0,0,0.1039077948470186
1,0,1,1,22,1,0,20.25,488.25,0,0,0,0,1,1,0,1,0,1,0,1,0,1,0,1,0,1,0,0,0,0,0.03543228851602731
1,0,0,0,1,1,1,55.7,55.7,1,0,0,0,0,0,0,0,0,0,0,0,0,0,0,0,1,0,0,0,0,1,0.48141136220049124
0,0,0,0,63,1,1,20.6,1298.7,0,0,0,0,1,1,0,1,0,1,0,1,0,1,0,1,0,0,1,0,0,1,0.003689636985618963
0,0,1,1,70,1,0,19.8,1378.75,0,0,0,0,1,1,0,1,0,1,0,1,0,1,0,1,0,0,1,0,0,0,0.001719064893553819
1,0,0,0,13,1,1,79.8,973.45,1,0,0,1,0,0,0,0,1,0,1,0,0,0,0,0,0,0,0,0,1,0,0.5551037699496145
0,0,0,0,5,1,0,80.2,384.25,0,0,0,1,0,0,0,0,0,0,0,0,0,0,1,0,0,0,0,0,1,0,0.655003874416099
0,0,1,1,72,1,1,116.4,8543.25,0,0,1,1,0,0,1,0,1,0,1,0,1,0,1,0,1,0,1,1,0,0,0.04908346771846126
0,0,0,0,13,0,1,31.65,389.95,0,1,0,0,0,0,0,0,1,0,0,0,0,0,0,0,0,0,0,0,1,0,0.47727134560008644
1,0,1,0,61,1,0,94.15,5731.85,0,0,0,1,0,0,0,0,1,0,1,0,1,0,0,0,1,0,0,1,0,0,0.12458770085412432
1,0,0,0,1,1,0,20.65,20.65,0,0,0,0,1,1,0,1,0,1,0,1,0,1,0,1,0,0,0,0,1,0,0.26493705763396747
0,1,1,0,56,1,1,76.85,4275.75,0,0,1,1,0,0,0,0,0,0,0,0,1,0,0,0,0,0,0,0,0,0,0.22034248808533752
0,0,0,0,4,1,0,20.15,84.5,0,0,0,0,1,1,0,1,0,1,0,1,0,1,0,1,0,0,0,0,0,1,0.1873019801491282
1,0,0,0,35,1,0,55.25,1924.1,0,0,1,0,0,0,1,0,0,0,0,0,0,0,0,0,0,0,1,0,0,1,0.028165827329203252
0,0,1,0,18,0,1,39.05,669.85,1,1,0,0,0,0,0,0,0,0,1,0,0,0,1,0,0,0,0,0,1,0,0.5253443901685566
1,0,1,0,72,1,0,82.15,5784.3,0,0,1,0,0,0,0,0,1,0,1,0,0,0,1,0,1,0,1,0,0,0,0.024603262477776427
0,1,0,0,49,1,0,103.0,5166.2,0,0,1,1,0,0,1,0,1,0,1,0,1,0,0,0,1,1,0,0,0,0,0.11779113441918562
0,0,1,0,44,1,1,95.1,4060.55,0,0,1,1,0,0,1,0,1,0,1,0,1,0,0,0,0,0,0,1,0,0,0.16304301381931816
0,1,1,0,3,1,1,83.9,267.4,1,0,0,1,0,0,0,0,0,0,0,0,1,0,1,0,0,0,0,0,0,1,0.6383446363889574
0,0,1,1,37,1,1,95.15,3532.85,0,0,1,1,0,0,0,0,1,0,1,0,0,0,0,0,1,0,0,0,1,0,0.47792746764556887
1,0,1,0,61,1,1,79.8,4914.8,0,0,1,0,0,0,0,0,1,0,1,0,0,0,1,0,1,1,0,0,1,0,0.10025771338406812
1,0,1,0,70,1,1,74.8,5315.8,0,0,1,0,0,0,1,0,0,0,1,0,1,0,0,0,1,0,1,1,0,0,0.010832745730429428
0,1,0,0,1,1,1,69.85,69.85,1,0,0,1,0,0,0,0,0,0,0,0,0,0,0,0,0,0,0,0,1,0,0.7484559213844876
0,0,0,0,41,1,0,20.45,775.6,0,0,0,0,1,1,0,1,0,1,0,1,0,1,0,1,0,0,0,0,1,0,0.042462632647217995
1,0,1,1,70,1,0,78.35,5445.95,0,0,1,0,0,0,1,0,1,0,1,0,1,0,0,0,1,1,0,0,0,0,0.012021628092212274
0,0,0,0,1,1,1,53.55,53.55,1,0,0,0,0,0,0,0,0,0,0,0,0,0,1,0,0,0,0,0,0,1,0.49039063866089
1,0,0,0,51,1,0,19.1,1007.8,0,0,0,0,1,1,0,1,0,1,0,1,0,1,0,1,0,1,0,0,1,0,0.012047899076219658
0,0,1,1,42,1,0,20.0,833.55,0,0,0,0,1,1,0,1,0,1,0,1,0,1,0,1,0,0,1,0,0,1,0.007119505119337261
0,0,1,1,70,1,0,93.9,6579.05,1,0,1,1,0,0,1,0,1,0,1,0,1,0,0,0,0,0,1,0,0,0,0.01731325186564937
1,0,0,0,48,1,0,19.95,1004.5,0,0,0,0,1,1,0,1,0,1,0,1,0,1,0,1,0,1,0,0,0,0,0.010891882533646457
1,0,1,1,68,1,1,113.15,7856.0,1,0,1,1,0,0,1,0,1,0,1,0,1,0,1,0,1,0,1,0,1,0,0.07306379400174516
0,0,0,0,48,1,0,24.0,1183.05,0,0,1,0,1,1,0,1,0,1,0,1,0,1,0,1,0,0,1,1,0,0,0.0076966808616669
0,1,1,0,26,1,0,84.95,2169.75,1,0,0,1,0,0,0,0,1,0,0,0,0,0,0,0,1,0,0,0,1,0,0.5385519350978502
1,0,1,0,11,1,1,80.5,896.9,1,0,1,1,0,0,0,0,1,0,0,0,0,0,0,0,0,0,0,0,0,0,0.5816938372393237
1,0,0,0,1,1,1,19.3,19.3,1,0,0,0,1,1,0,1,0,1,0,1,0,1,0,1,0,0,0,0,0,1,0.2569891937457555
0,0,0,0,27,1,0,19.15,501.35,0,0,0,0,1,1,0,1,0,1,0,1,0,1,0,1,0,1,0,0,0,1,0.031063033229057884
0,1,0,0,46,1,1,91.3,4126.35,0,0,0,1,0,0,0,0,1,0,1,0,0,0,1,0,0,1,0,0,0,0,0.21792903585831624
1,0,0,0,1,1,1,49.65,49.65,1,0,0,0,0,0,0,0,0,0,1,0,0,0,0,0,0,0,0,0,0,1,0.4175457385821577
0,0,0,0,46,1,0,54.35,2460.15,1,0,0,0,0,0,0,0,0,0,1,0,1,0,0,0,0,0,1,1,0,0,0.01376152974012527
1,0,1,1,25,1,1,19.15,477.6,0,0,0,0,1,1,0,1,0,1,0,1,0,1,0,1,0,0,0,0,0,1,0.07547279380894803
1,0,0,0,4,1,1,88.45,370.65,1,0,0,1,0,0,0,0,0,0,0,0,0,0,1,0,1,0,0,0,1,0,0.7681286021634225
1,0,0,0,13,1,0,19.75,265.75,0,0,0,0,1,1,0,1,0,1,0,1,0,1,0,1,0,0,1,0,0,1,0.036928982615478265
1,0,1,0,31,1,1,75.5,2424.45,0,0,0,0,0,0,1,0,1,0,1,0,1,0,0,0,1,1,0,1,0,0,0.05169634804169468
0,0,1,1,23,1,1,83.75,1849.95,0,0,1,1,0,0,0,0,0,0,0,0,0,0,1,0,0,0,0,0,1,0,0.5901270093707414
0,0,0,0,2,1,0,19.4,61.05,0,0,0,0,1,1,0,1,0,1,0,1,0,1,0,1,0,0,0,0,0,1,0.20596105064785222
0,0,0,0,65,1,0,26.5,1698.55,0,0,1,0,1,1,0,1,0,1,0,1,0,1,0,1,0,0,1,0,0,0,0.0036832701163981934
1,1,0,0,22,1,1,90.5,1910.6,1,0,1,1,0,0,0,0,0,0,0,0,1,0,1,0,0,0,0,0,0,0,0.5320211301645039
0,0,1,1,55,1,0,19.15,998.1,0,0,0,0,1,1,0,1,0,1,0,1,0,1,0,1,0,1,0,1,0,0,0.005588847034503731
1,0,1,0,9,1,1,94.85,890.6,1,0,0,1,0,0,0,0,1,0,1,0,1,0,1,0,0,0,0,0,0,1,0.48940921363580775
1,0,1,1,7,1,1,69.95,529.5,1,0,0,1,0,0,0,0,0,0,0,0,0,0,0,0,0,0,0,0,0,0,0.5360917414653363
0,0,1,1,35,0,0,40.9,1383.6,0,1,0,0,0,0,0,0,0,0,0,0,1,0,1,0,0,1,0,0,0,1,0.06458694424596226
1,0,0,0,6,1,1,80.25,493.4,0,0,0,0,0,0,1,0,0,0,1,0,1,0,1,0,1,0,1,0,0,1,0.10090039844069938
0,0,0,0,1,1,1,48.6,48.6,1,0,0,0,0,0,1,0,0,0,0,0,0,0,0,0,0,0,0,1,0,0,0.31267127045863924
1,0,0,0,17,1,1,70.8,1207.0,0,0,0,1,0,0,0,0,0,0,0,0,0,0,0,0,0,0,0,0,1,0,0.5479498187028837
1,0,1,1,10,1,0,60.2,563.5,0,0,0,0,0,0,0,0,0,0,1,0,0,0,1,0,0,0,0,0,0,1,0.2834968954213917
1,0,0,1,15,1,0,55.2,864.55,0,0,0,0,0,0,0,0,0,0,1,0,1,0,0,0,0,1,0,1,0,0,0.06577040444552518
0,1,0,0,40,0,1,55.8,2109.35,1,1,0,0,0,0,1,0,1,0,0,0,0,0,1,0,1,0,0,0,1,0,0.2958668409915531
0,0,1,1,13,1,0,54.15,701.05,0,0,0,0,0,0,1,0,0,0,0,0,1,0,0,0,0,1,0,0,0,0,0.05785387731838077
1,0,1,0,29,1,1,80.15,2265.25,1,0,1,1,0,0,0,0,1,0,0,0,0,0,0,0,0,0,0,0,0,0,0.42306843114479153
0,0,0,0,3,1,1,75.5,220.6,1,0,1,1,0,0,0,0,0,0,0,0,0,0,0,0,0,0,0,0,1,0,0.7252618595559538
0,1,1,0,58,1,1,100.4,5749.8,0,0,1,1,0,0,0,0,0,0,0,0,1,0,1,0,1,0,0,0,0,0,0.3790765983507464
0,0,0,0,45,1,1,62.55,2796.45,0,0,0,0,0,0,1,0,1,0,0,0,1,0,0,0,0,1,0,1,0,0,0.020235673250758767
0,0,1,1,72,1,1,70.45,5165.7,0,0,1,0,0,0,1,0,1,0,1,0,1,0,0,0,0,0,1,0,0,0,0.0060104430051497685
1,0,1,1,68,1,1,85.5,5696.6,0,0,1,1,0,0,1,0,1,0,0,0,0,0,0,0,0,1,0,0,0,0,0.048168205856308745
1,0,0,0,1,1,1,20.2,20.2,1,0,0,0,1,1,0,1,0,1,0,1,0,1,0,1,0,0,0,0,0,0,0.2664339727356764
0,0,1,1,38,1,0,54.5,2076.05,0,0,0,0,0,0,1,0,1,0,0,0,0,0,0,0,0,0,0,0,1,0,0.07408294116958479
1,0,0,0,2,1,0,20.75,44.2,0,0,0,0,1,1,0,1,0,1,0,1,0,1,0,1,0,0,0,0,0,1,0.19774087449996156
1,0,0,0,11,1,0,20.35,215.25,0,0,0,0,1,1,0,1,0,1,0,1,0,1,0,1,0,0,0,0,0,1,0.13291323093653212
0,1,1,0,20,1,1,91.0,1859.5,0,0,0,1,0,0,0,0,0,0,0,0,0,0,1,0,1,1,0,0,0,0,0.5010899043604358
1,0,1,0,72,1,1,104.8,7470.1,0,0,1,1,0,0,0,0,1,0,1,0,0,0,1,0,1,0,1,0,0,0,0.10999041329183212
0,0,1,0,3,1,1,74.75,229.5,1,0,1,1,0,0,0,0,0,0,0,0,0,0,0,0,0,0,0,1,0,0,0.6527838855512265
1,0,0,0,23,1,1,104.05,2470.1,1,0,1,1,0,0,0,0,0,0,1,0,1,0,1,0,1,0,0,0,0,1,0.5396575093805266
1,0,0,0,40,1,1,51.1,2092.9,0,0,0,0,0,0,0,0,0,0,0,0,1,0,0,0,0,0,0,0,1,0,0.10944121489497573
1,1,1,0,62,1,1,89.8,5629.55,0,0,1,1,0,0,0,0,1,0,0,0,0,0,0,0,1,0,0,0,0,0,0.3274004087683856
0,0,0,1,22,1,1,20.55,469.85,0,0,0,0,1,1,0,1,0,1,0,1,0,1,0,1,0,0,0,0,1,0,0.11569439202975779
0,0,0,0,11,1,0,64.05,733.95,0,0,0,0,0,0,1,0,0,0,1,0,0,0,0,0,1,0,0,0,0,0,0.25064211324076957
1,1,1,0,7,1,1,74.85,485.25,0,0,1,1,0,0,0,0,0,0,0,0,0,0,0,0,0,0,0,0,1,0,0.7499914944116274
0,0,0,0,13,1,1,96.65,1244.5,1,0,1,1,0,0,1,0,1,0,0,0,0,0,1,0,0,0,0,0,1,0,0.5838817576531182
1,1,0,0,1,1,0,20.05,20.05,1,0,0,0,1,1,0,1,0,1,0,1,0,1,0,1,0,0,0,0,0,1,0.25311243146738094
0,0,0,0,39,1,1,103.45,3994.45,1,0,1,1,0,0,0,0,1,0,1,0,0,0,1,0,1,0,0,0,1,0,0.5860548414403506
1,0,1,0,3,0,0,25.0,78.25,0,1,0,0,0,0,0,0,0,0,0,0,0,0,0,0,0,0,0,0,0,1,0.48970151315257926
1,0,0,0,58,1,0,20.3,1131.5,0,0,0,0,1,1,0,1,0,1,0,1,0,1,0,1,0,0,1,1,0,0,0.0032391951383380618
1,0,0,1,6,1,0,26.35,184.05,0,0,1,0,1,1,0,1,0,1,0,1,0,1,0,1,0,0,0,0,0,1,0.16806180143780983
0,0,1,1,1,1,1,19.9,19.9,1,0,0,0,1,1,0,1,0,1,0,1,0,1,0,1,0,0,0,0,1,0,0.29392412114915034
0,0,1,0,22,1,1,54.7,1178.75,0,0,0,0,0,0,0,0,1,0,1,0,0,0,0,0,0,0,0,0,0,1,0.21963874958582527
1,0,1,0,14,0,0,46.35,667.7,1,1,0,0,0,0,0,0,0,0,0,0,0,0,1,0,1,0,0,0,1,0,0.5684176063733303
1,0,1,1,64,1,0,90.25,5629.15,0,0,1,1,0,0,0,0,0,0,1,0,0,0,0,0,1,1,0,1,0,0,0.08508157976711309
1,0,0,0,1,1,0,19.95,19.95,1,0,0,0,1,1,0,1,0,1,0,1,0,1,0,1,0,0,0,0,1,0,0.26622696806832435
1,0,0,0,6,1,0,20.65,109.3,0,0,0,0,1,1,0,1,0,1,0,1,0,1,0,1,0,0,0,0,0,1,0.16580205992518954
1,0,0,0,1,1,0,79.6,79.6,1,0,0,1,0,0,0,0,0,0,0,0,0,0,0,0,1,0,0,0,1,0,0.6844101197290653
1,0,0,1,39,1,0,25.45,958.45,0,0,1,0,1,1,0,1,0,1,0,1,0,1,0,1,0,1,0,0,0,0,0.01805131136007849
0,0,0,0,20,1,0,19.5,403.15,0,0,0,0,1,1,0,1,0,1,0,1,0,1,0,1,0,1,0,0,0,1,0.04476771859450615
1,0,0,0,1,1,1,75.9,75.9,1,0,0,1,0,0,0,0,0,0,0,0,1,0,0,0,0,0,0,0,1,0,0.5905460044351685
1,0,1,0,1,1,0,76.2,76.2,1,0,0,1,0,0,0,0,0,0,1,0,0,0,0,0,0,0,0,0,1,0,0.6317960826890147
1,0,1,0,64,1,1,66.15,4392.5,0,0,1,0,0,0,1,0,0,0,0,0,0,0,1,0,0,1,0,1,0,0,0.02957703134534871
1,0,0,1,1,1,0,19.25,19.25,1,0,0,0,1,1,0,1,0,1,0,1,0,1,0,1,0,0,0,0,0,1,0.17468935336098715
0,0,1,0,46,1,1,69.1,3168.0,0,0,0,0,0,0,0,0,1,0,0,0,0,0,1,0,1,0,0,1,0,0,0.16154149343861704
0,1,1,1,28,0,1,39.1,1096.6,0,1,0,0,0,0,0,0,1,0,0,0,0,0,0,0,1,1,0,0,1,0,0.24008087293572136
0,0,1,0,33,1,0,20.05,669.45,0,0,0,0,1,1,0,1,0,1,0,1,0,1,0,1,0,0,0,0,0,1,0.04973576270889089
1,0,1,1,39,1,0,59.8,2343.85,0,0,0,0,0,0,1,0,1,0,1,0,0,0,0,0,0,1,0,0,1,0,0.03512133327582994
0,0,1,0,42,1,1,84.3,3588.4,1,0,1,1,0,0,0,0,0,0,1,0,1,0,0,0,0,0,0,0,1,0,0.33525731435984163
0,0,0,0,1,1,1,48.6,48.6,0,0,0,0,0,0,0,0,1,0,0,0,0,0,0,0,0,0,0,0,1,0,0.48423870519323403
0,0,0,0,7,1,1,79.0,522.95,1,0,0,1,0,0,0,0,0,0,0,0,0,0,1,0,0,0,0,0,1,0,0.7006714031429465
1,1,1,0,70,1,0,105.35,7511.9,0,0,0,1,0,0,1,0,1,0,1,0,0,0,1,0,1,0,1,1,0,0,0.05871153612255584
1,0,0,0,65,1,1,25.1,1725.0,0,0,1,0,1,1,0,1,0,1,0,1,0,1,0,1,0,0,1,0,0,0,0.004782720229671134
1,0,0,0,1,1,0,49.75,49.75,0,0,0,0,0,0,1,0,0,0,0,0,0,0,0,0,0,0,0,0,1,0,0.3305499557017367
1,0,1,0,18,1,1,94.75,1691.9,0,0,1,1,0,0,0,0,0,0,0,0,0,0,1,0,1,0,0,0,1,0,0.7371566356423999
1,0,1,0,24,1,1,93.0,2248.05,0,0,1,1,0,0,0,0,0,0,0,0,0,0,1,0,1,0,0,0,1,0,0.7036027539849444
1,0,0,0,63,1,1,71.9,4479.2,0,0,1,0,0,0,1,0,0,0,1,0,1,0,0,0,1,0,1,0,0,0,0.014071004647848091
0,0,0,1,44,1,1,77.55,3471.1,0,0,1,0,0,0,0,0,1,0,0,0,0,0,1,0,1,1,0,0,0,1,0.09980203407485526
1,0,0,0,4,1,1,19.85,63.0,0,0,0,0,1,1,0,1,0,1,0,1,0,1,0,1,0,0,0,0,1,0,0.2883266830282433
0,0,0,0,1,1,1,70.25,70.25,1,0,0,1,0,0,0,0,0,0,0,0,0,0,0,0,0,0,0,0,1,0,0.6956527266543228
0,0,1,1,37,1,1,95.25,3314.15,0,0,1,1,0,0,0,0,0,0,0,0,0,0,1,0,1,0,0,0,1,0,0.5538382334658792
0,1,0,0,10,1,1,84.6,865.55,1,0,0,1,0,0,0,0,0,0,1,0,0,0,0,0,1,0,0,1,0,0,0.6520489596454973
1,0,0,0,34,0,1,25.05,852.7,0,1,0,0,0,0,0,0,0,0,0,0,0,0,0,0,0,0,0,0,0,0,0.2053730010207629
1,0,1,0,35,0,0,53.15,1930.9,0,1,0,0,0,0,1,0,0,0,1,0,0,0,1,0,1,1,0,1,0,0,0.1026306872326142
0,0,1,0,4,1,0,20.15,91.4,0,0,0,0,1,1,0,1,0,1,0,1,0,1,0,1,0,0,0,0,1,0,0.25180958911289986
0,1,1,0,39,1,1,101.25,3949.15,0,0,1,1,0,0,0,0,0,0,0,0,1,0,1,0,1,0,0,0,1,0,0.5837033053553073
1,1,1,0,43,1,1,100.55,4304.0,0,0,0,1,0,0,0,0,1,0,1,0,0,0,1,0,1,1,0,0,0,0,0.3147201249330718
0,0,1,1,17,1,0,24.1,409.9,1,0,1,0,1,1,0,1,0,1,0,1,0,1,0,1,0,0,0,0,0,1,0.1114907453226136
0,0,1,0,61,1,0,25.3,1554.9,0,0,1,0,1,1,0,1,0,1,0,1,0,1,0,1,0,0,1,0,0,0,0.004739243016512162
0,0,1,0,49,1,0,71.8,3472.05,0,0,1,0,0,0,1,0,1,0,1,0,0,0,0,0,1,1,0,0,1,0,0.0565214353636494
1,0,0,0,4,1,0,19.7,117.8,0,0,0,0,1,1,0,1,0,1,0,1,0,1,0,1,0,1,0,0,0,1,0.0963851105028635
0,0,1,1,64,0,0,49.85,3210.35,0,1,0,0,0,0,0,0,1,0,1,0,1,0,0,0,1,0,1,0,1,0,0.015478146889612101
1,0,0,0,3,1,1,69.6,207.4,0,0,0,1,0,0,0,0,0,0,0,0,0,0,0,0,0,0,0,0,0,1,0.5979811115110131
1,0,1,1,1,1,0,19.75,19.75,0,0,0,0,1,1,0,1,0,1,0,1,0,1,0,1,0,0,0,0,1,0,0.23488409345228525
1,0,1,0,40,1,0,80.8,3132.75,0,0,0,1,0,0,0,0,1,0,1,0,0,0,0,0,0,1,0,0,1,0,0.15486159425234106
0,0,0,1,1,1,1,60.0,60.0,1,0,0,0,0,0,1,0,1,0,0,0,1,0,0,0,0,0,0,0,1,0,0.2380837341653583
1,0,0,0,8,1,1,86.55,649.65,1,0,1,1,0,0,0,0,0,0,0,0,0,0,0,0,1,0,0,0,1,0,0.7326768817431483
0,1,1,0,1,1,1,20.85,20.85,1,0,0,0,1,1,0,1,0,1,0,1,0,1,0,1,0,0,0,0,0,1,0.3242369475856558
0,1,1,0,34,1,0,64.2,2106.3,0,0,0,0,0,0,0,0,0,0,1,0,1,0,1,0,0,1,0,0,0,0,0.07808600380888812
0,0,1,0,1,0,0,35.0,35.0,0,1,0,0,0,0,0,0,0,0,0,0,0,0,0,0,1,0,0,0,1,0,0.6609897982204691
0,0,0,0,39,0,1,50.75,2011.4,1,1,0,0,0,0,0,0,0,0,1,0,0,0,1,0,1,0,0,0,1,0,0.3661211476127832
0,1,1,0,58,1,1,105.5,6205.5,1,0,0,1,0,0,1,0,1,0,0,0,1,0,1,0,1,1,0,1,0,0,0.11651816653930365
1,0,1,1,45,1,0,19.2,903.7,0,0,0,0,1,1,0,1,0,1,0,1,0,1,0,1,0,0,1,0,1,0,0.008235366405947745
1,1,0,0,6,1,1,85.15,503.6,1,0,0,1,0,0,1,0,0,0,0,0,0,0,1,0,0,0,0,0,0,0,0.5989868181673681
1,0,0,0,43,1,1,90.65,3882.3,0,0,0,1,0,0,1,0,1,0,1,0,1,0,0,0,0,1,0,1,0,0,0.06359591158260759
1,0,1,1,41,1,1,20.0,879.8,0,0,0,0,1,1,0,1,0,1,0,1,0,1,0,1,0,0,1,0,0,1,0.009717916343834593
1,0,0,0,5,1,1,74.65,383.65,0,0,0,1,0,0,0,0,1,0,0,0,0,0,0,0,0,0,0,0,1,0,0.6311150736171924
1,0,0,0,72,0,1,61.2,4390.25,0,1,0,0,0,0,1,0,0,0,1,0,1,0,1,0,1,0,1,1,0,0,0.01255984857349972
1,0,0,0,4,1,0,19.95,68.2,0,0,0,0,1,1,0,1,0,1,0,1,0,1,0,1,0,1,0,0,0,1,0.09486016002596392
1,0,1,1,9,1,0,54.8,452.8,0,0,0,0,0,0,0,0,1,0,0,0,1,0,0,0,0,0,0,0,0,1,0.16131491580212595
1,1,1,0,72,1,1,73.45,5329.0,0,0,1,0,0,0,0,0,0,0,1,0,0,0,1,0,1,0,1,1,0,0,0.037097638137198206
0,0,1,0,33,1,1,51.45,1758.9,0,0,0,0,0,0,0,0,0,0,0,0,1,0,0,0,0,1,0,0,0,1,0.058058298944877386
0,0,1,0,72,1,0,80.45,5737.6,0,0,1,1,0,0,1,0,0,0,0,0,0,0,0,0,0,0,1,0,0,0,0.02550755409118035
1,0,1,0,22,1,1,54.2,1152.7,1,0,0,0,0,0,1,0,0,0,0,0,1,0,0,0,0,0,0,0,1,0,0.1541199422842006
0,0,1,0,70,1,1,109.5,7674.55,1,0,1,1,0,0,0,0,1,0,1,0,1,0,1,0,1,1,0,0,1,0,0.18374285857752448
1,0,1,1,21,1,0,104.4,2157.95,1,0,1,1,0,0,0,0,1,0,1,0,0,0,1,0,1,0,0,0,1,0,0.5898628485862807
1,0,0,0,15,1,0,85.3,1219.85,0,0,0,1,0,0,0,0,0,0,1,0,0,0,1,0,0,0,0,0,1,0,0.5622874747670445
1,1,1,0,29,1,1,79.3,2414.55,0,0,1,1,0,0,0,0,0,0,0,0,1,0,0,0,0,0,0,0,1,0,0.4932954249899954
0,0,1,1,15,1,0,76.5,1155.6,0,0,0,0,0,0,0,0,1,0,1,0,1,0,1,0,1,0,0,0,0,0,0.228561045695202
1,1,1,1,71,1,1,105.1,7548.1,1,0,1,1,0,0,1,0,1,0,0,0,0,0,1,0,1,0,0,1,0,0,0.22529734756970468
1,1,0,0,72,1,0,25.4,1809.35,0,0,1,0,1,1,0,1,0,1,0,1,0,1,0,1,0,0,1,0,0,0,0.003199464218625311
0,0,1,0,19,1,1,86.85,1564.4,0,0,1,1,0,0,0,0,0,0,0,0,0,0,1,0,0,0,0,0,1,0,0.668450793063983
1,0,0,0,1,1,0,19.65,19.65,0,0,0,0,1,1,0,1,0,1,0,1,0,1,0,1,0,0,0,0,0,1,0.20780034442352166
0,0,0,0,1,1,1,75.7,75.7,1,0,0,1,0,0,0,0,1,0,0,0,0,0,0,0,0,0,0,0,1,0,0.6684620656878
0,0,0,0,2,1,0,45.55,84.4,0,0,0,0,0,0,0,0,0,0,0,0,0,0,0,0,0,0,0,0,1,0,0.4302877734122617
0,1,1,1,11,1,1,78.1,864.85,0,0,1,1,0,0,0,0,0,0,1,0,0,0,0,0,0,0,0,1,0,0,0.595984439859697
0,0,0,0,12,1,0,19.3,228.75,0,0,0,0,1,1,0,1,0,1,0,1,0,1,0,1,0,1,0,0,0,1,0.06662648919584618
0,0,1,0,70,1,1,110.5,7752.05,0,0,1,1,0,0,0,0,1,0,1,0,1,0,1,0,1,0,1,0,1,0,0.11775669783350343
0,1,1,0,20,1,0,90.8,1951.0,1,0,1,1,0,0,0,0,0,0,1,0,0,0,1,0,0,0,0,0,1,0,0.6758670753171159
0,0,0,0,23,1,1,20.3,470.6,0,0,0,0,1,1,0,1,0,1,0,1,0,1,0,1,0,0,0,0,0,0,0.10510467534182019
1,1,0,0,49,1,0,81.35,4060.9,0,0,1,0,0,0,1,0,1,0,1,0,1,0,0,0,1,0,1,1,0,0,0.020641609066859103
0,0,1,1,4,1,1,97.95,384.5,1,0,1,1,0,0,0,0,1,0,0,0,0,0,1,0,1,0,0,0,1,0,0.76248742256356
1,0,0,0,32,1,1,108.15,3432.9,1,0,1,1,0,0,1,0,1,0,0,0,1,0,1,0,1,0,0,1,0,0,0.33431995207635784
1,0,0,1,2,1,1,55.3,108.65,0,0,0,0,0,0,0,0,0,0,0,0,0,0,0,0,1,0,0,0,1,0,0.4989074632463236
1,1,1,0,69,0,0,56.55,3952.65,0,1,0,0,0,0,1,0,1,0,0,0,0,0,1,0,1,0,1,1,0,0,0.01859861676876167
1,0,0,0,6,1,1,80.5,463.05,1,0,0,1,0,0,0,0,0,0,0,0,0,0,1,0,0,0,0,1,0,0,0.6094662450186473
0,0,1,1,24,1,1,19.7,494.05,0,0,0,0,1,1,0,1,0,1,0,1,0,1,0,1,0,0,1,0,0,1,0.02405514859845222
0,0,0,0,32,1,1,104.05,3416.85,0,0,1,1,0,0,0,0,1,0,1,0,0,0,1,0,1,1,0,1,0,0,0.3605449991662816
0,0,0,0,27,1,0,52.85,1498.65,0,0,0,0,0,0,1,0,1,0,0,0,0,0,0,0,0,0,1,0,0,0,0.03146607480274133
0,1,1,0,27,1,1,104.3,2867.75,1,0,1,1,0,0,1,0,0,0,0,0,1,0,1,0,1,0,0,0,0,0,0.5039263280725622
1,0,0,0,58,1,0,80.65,4807.35,0,0,1,1,0,0,0,0,0,0,0,0,1,0,0,0,0,0,0,0,0,0,0.1334099446161307
1,0,0,0,1,1,1,71.35,71.35,1,0,0,1,0,0,0,0,0,0,0,0,0,0,0,0,0,0,0,0,0,1,0.6121528533139649
0,0,1,1,18,1,1,24.65,471.35,0,0,1,0,1,1,0,1,0,1,0,1,0,1,0,1,0,0,1,1,0,0,0.03884975660882105
0,0,1,1,47,1,1,21.3,1041.8,0,0,0,0,1,1,0,1,0,1,0,1,0,1,0,1,0,0,1,0,0,0,0.0077586104345055236
0,0,1,1,70,1,1,110.2,7689.8,0,0,1,1,0,0,0,0,1,0,1,0,1,0,1,0,1,0,1,0,1,0,0.09549740443999878
0,0,0,0,13,1,0,89.4,1132.35,1,0,1,1,0,0,0,0,1,0,1,0,1,0,0,0,0,0,0,0,1,0,0.4572702867647901
0,0,1,1,36,1,0,51.05,1815.0,0,0,0,0,0,0,1,0,0,0,0,0,0,0,0,0,0,0,0,1,0,0,0.05848683072846504
1,0,0,0,67,1,1,19.8,1311.3,0,0,0,0,1,1,0,1,0,1,0,1,0,1,0,1,0,0,1,0,0,1,0.0028553892180496554
0,0,0,0,10,1,1,19.9,199.45,0,0,0,0,1,1,0,1,0,1,0,1,0,1,0,1,0,0,0,0,0,1,0.18080364452250378
1,1,0,0,19,1,1,87.3,1637.3,0,0,0,1,0,0,1,0,0,0,0,0,0,0,0,0,1,0,0,0,1,0,0.5614624198481548
0,0,1,1,71,1,0,19.85,1326.35,0,0,0,0,1,1,0,1,0,1,0,1,0,1,0,1,0,0,1,0,0,0,0.0015941394889999309
1,0,1,1,72,1,1,89.4,6376.55,0,0,1,0,0,0,1,0,1,0,1,0,1,0,1,0,1,0,1,0,0,1,0.012795053646752211
0,0,1,1,48,1,0,20.0,935.9,0,0,0,0,1,1,0,1,0,1,0,1,0,1,0,1,0,0,1,0,0,1,0.005165378931279424
1,0,0,0,1,1,0,20.05,20.05,0,0,0,0,1,1,0,1,0,1,0,1,0,1,0,1,0,0,0,0,0,1,0.20717893004199303
1,0,1,1,18,1,0,83.25,1611.15,0,0,0,0,0,0,1,0,0,0,1,0,1,0,1,0,1,0,0,0,1,0,0.19647000733840736
1,0,0,0,1,1,0,20.6,20.6,1,0,0,0,1,1,0,1,0,1,0,1,0,1,0,1,0,0,0,0,0,1,0.20632672834334043
1,1,1,0,67,1,0,102.9,6989.7,0,0,1,1,0,0,0,0,1,0,0,0,1,0,1,0,1,0,1,0,0,0,0.088014368447251
1,0,1,1,69,0,0,39.1,2779.5,0,1,0,0,0,0,1,0,0,0,1,0,1,0,0,0,0,0,1,0,0,1,0.004060120288817354
1,0,0,0,19,1,1,99.95,1931.75,1,0,1,1,0,0,0,0,1,0,0,0,0,0,1,0,1,0,0,0,1,0,0.7050989549791311
1,1,1,0,72,1,1,114.5,8331.95,0,0,1,1,0,0,1,0,1,0,1,0,1,0,1,0,1,0,1,0,0,1,0.07634902096188267
0,1,0,0,38,1,0,20.2,735.9,0,0,0,0,1,1,0,1,0,1,0,1,0,1,0,1,0,0,1,0,0,1,0.013326169547579494
1,1,1,0,40,1,0,55.8,2283.3,0,0,0,0,0,0,0,0,0,0,0,0,0,0,0,0,1,1,0,0,1,0,0.11064402300539611
0,0,1,1,61,1,1,24.2,1445.2,0,0,1,0,1,1,0,1,0,1,0,1,0,1,0,1,0,0,1,0,0,1,0.004621352981083121
0,0,0,0,10,1,1,81.0,818.05,1,0,1,1,0,0,0,0,1,0,0,0,0,0,0,0,0,0,0,1,0,0,0.5533362946283773
1,0,1,0,32,1,1,72.8,2333.05,0,0,1,0,0,0,1,0,0,0,0,0,1,0,1,0,0,1,0,1,0,0,0.064649157407492
0,0,0,0,21,1,1,99.85,1992.55,0,0,1,1,0,0,0,0,1,0,0,0,0,0,1,0,1,0,0,1,0,0,0.6004069618441878
0,1,0,0,59,1,1,99.5,5890.0,0,0,1,1,0,0,0,0,0,0,1,0,0,0,1,0,1,1,0,0,1,0,0.347036692646466
0,1,1,0,13,1,1,70.15,916.75,1,0,0,1,0,0,0,0,0,0,0,0,0,0,0,0,0,0,0,0,1,0,0.6654956958901519
0,0,0,0,47,1,0,20.25,1029.8,0,0,0,0,1,1,0,1,0,1,0,1,0,1,0,1,0,0,1,1,0,0,0.006194851932267656
1,0,1,1,69,1,1,26.0,1796.55,0,0,1,0,1,1,0,1,0,1,0,1,0,1,0,1,0,0,1,0,0,0,0.0032368727960290222
1,0,0,0,2,1,1,19.9,33.7,0,0,0,0,1,1,0,1,0,1,0,1,0,1,0,1,0,0,0,1,0,0,0.2325968281492627
0,0,1,1,22,1,0,19.05,454.05,0,0,0,0,1,1,0,1,0,1,0,1,0,1,0,1,0,0,0,0,0,0,0.07461804908209105
1,1,1,0,15,1,1,96.5,1392.25,0,0,1,1,0,0,1,0,0,0,1,0,0,0,1,0,0,0,0,0,1,0,0.6556569049930225
0,0,0,0,53,1,0,19.85,1049.6,0,0,0,0,1,1,0,1,0,1,0,1,0,1,0,1,0,0,1,1,0,0,0.004398702607147788
0,1,1,0,28,1,0,25.7,734.6,0,0,1,0,1,1,0,1,0,1,0,1,0,1,0,1,0,0,0,0,0,1,0.10313746197762592
1,0,0,0,22,1,0,20.3,475.1,0,0,0,0,1,1,0,1,0,1,0,1,0,1,0,1,0,1,0,0,0,1,0.03927926524427017
0,0,0,0,1,1,1,70.15,70.15,1,0,0,1,0,0,0,0,0,0,0,0,0,0,0,0,0,0,0,0,0,1,0.6225548570630257
1,1,1,0,16,1,1,91.55,1540.05,0,0,0,1,0,0,0,0,0,0,1,0,1,0,0,0,1,0,0,0,1,0,0.611529462843157
0,0,1,1,48,0,0,39.4,1978.65,0,1,0,0,0,0,1,0,1,0,0,0,1,0,0,0,0,0,1,0,0,1,0.01016625916552518
1,1,1,0,30,1,1,105.7,3181.8,0,0,1,1,0,0,1,0,1,0,1,0,1,0,1,0,0,0,0,0,0,0,0.3772807189355582
0,0,0,0,3,1,1,70.25,229.7,0,0,0,1,0,0,0,0,0,0,0,0,0,0,0,0,0,0,0,0,1,0,0.6808042123466016
1,1,0,0,57,1,0,93.75,5625.55,0,0,1,1,0,0,1,0,0,0,0,0,1,0,0,0,1,0,1,0,1,0,0.07540673785500508
0,1,1,0,68,1,1,96.55,6581.9,1,0,1,1,0,0,1,0,1,0,0,0,0,0,0,0,1,1,0,1,0,0,0.10943282575671562
0,0,1,0,23,1,0,60.0,1347.15,0,0,0,0,0,0,0,0,0,0,0,0,1,0,1,0,0,1,0,0,0,0,0.09137643404907078
0,0,1,0,65,1,1,59.8,3808.2,0,0,0,0,0,0,0,0,0,0,0,0,1,0,1,0,0,0,1,1,0,0,0.011978034190265165
1,0,1,0,44,1,1,90.65,3974.15,0,0,0,1,0,0,0,0,0,0,0,0,0,0,1,0,1,1,0,0,0,0,0.2585082405695944
0,0,1,1,71,1,1,109.0,7661.8,0,0,1,1,0,0,1,0,1,0,1,0,0,0,1,0,1,0,1,0,0,0,0.06917629187814538
0,0,1,0,37,1,0,68.1,2479.25,0,0,1,0,0,0,1,0,0,0,1,0,1,0,0,0,0,1,0,1,0,0,0.031812093968058126
0,0,0,0,12,1,0,20.4,266.6,0,0,0,0,1,1,0,1,0,1,0,1,0,1,0,1,0,0,0,0,0,1,0.131640609125624
1,0,1,1,69,1,1,81.95,5601.4,0,0,1,0,0,0,0,0,1,0,1,0,1,0,1,0,1,0,1,0,0,0,0.02030489731811262
0,0,0,0,35,1,0,60.55,1982.6,0,0,0,0,0,0,1,0,1,0,1,0,0,0,0,0,0,0,0,0,1,0,0.09612149499407313
1,0,0,0,5,1,1,65.6,339.9,0,0,0,0,0,0,0,0,1,0,0,0,1,0,0,0,1,0,0,0,0,0,0.3293883457450441
1,0,1,1,58,1,0,82.5,4828.05,0,0,1,1,0,0,0,0,0,0,0,0,0,0,1,0,0,0,1,0,0,0,0.06650040845588476
1,0,1,0,72,1,1,82.3,5980.55,0,0,1,0,0,0,1,0,1,0,1,0,1,0,0,0,1,0,1,0,0,0,0.011579656835454482
1,0,1,0,72,1,0,68.15,4808.7,0,0,1,0,0,0,1,0,1,0,1,0,1,0,0,0,0,0,1,0,0,1,0.00477197545327706
0,0,0,0,1,1,0,20.3,20.3,0,0,0,0,1,1,0,1,0,1,0,1,0,1,0,1,0,0,0,1,0,0,0.2004897918318858
0,0,0,0,39,1,1,95.55,3692.85,1,0,0,1,0,0,1,0,0,0,1,0,1,0,1,0,0,1,0,0,1,0,0.15069937624178972
1,0,1,1,53,1,0,20.2,1068.15,0,0,0,0,1,1,0,1,0,1,0,1,0,1,0,1,0,1,0,1,0,0,0.006152064015337641
0,0,0,0,27,1,1,89.2,2383.6,0,0,0,1,0,0,0,0,0,0,1,0,1,0,0,0,1,0,0,0,1,0,0.45244701988725855
0,1,0,0,1,1,1,69.65,69.65,1,0,0,1,0,0,0,0,0,0,0,0,0,0,0,0,0,0,0,0,1,0,0.7488114925755915
0,1,0,0,1,1,1,89.3,89.3,1,0,0,1,0,0,0,0,0,0,0,0,0,0,1,0,1,0,0,0,1,0,0.8282125344787477
0,0,1,0,18,1,0,74.8,1438.05,0,0,0,1,0,0,1,0,0,0,0,0,0,0,0,0,0,0,0,0,1,0,0.3951116383986145
1,0,1,1,46,1,1,20.2,917.45,0,0,0,0,1,1,0,1,0,1,0,1,0,1,0,1,0,0,1,0,0,1,0.007321535795822569
0,0,1,0,72,1,1,84.4,6096.45,0,0,1,0,0,0,1,0,0,0,1,0,1,0,1,0,1,0,1,1,0,0,0.015836530490835436
0,0,0,0,36,1,1,87.55,3078.1,1,0,0,1,0,0,0,0,0,0,1,0,1,0,0,0,1,0,0,0,1,0,0.3791403786385646
0,0,1,0,4,0,1,25.15,99.95,0,1,0,0,0,0,0,0,0,0,0,0,0,0,0,0,0,0,0,0,1,0,0.6313762563756479
0,0,0,0,25,1,0,19.8,475.2,0,0,0,0,1,1,0,1,0,1,0,1,0,1,0,1,0,0,1,1,0,0,0.018989924323228984
0,0,1,1,40,0,1,50.85,2036.55,0,1,0,0,0,0,0,0,1,0,0,0,0,0,1,0,1,0,0,0,1,0,0.29520935293771855
1,0,1,0,63,1,1,102.4,6444.05,0,0,1,1,0,0,0,0,1,0,1,0,0,0,1,0,1,0,0,0,1,0,0.42758323469230686
0,1,0,0,15,1,1,96.3,1426.75,1,0,0,1,0,0,1,0,0,0,1,0,1,0,0,0,1,0,0,0,0,1,0.422656473531088
1,0,0,0,14,1,1,55.5,767.55,0,0,1,0,0,0,0,0,1,0,0,0,0,0,0,0,0,0,0,1,0,0,0.30116866735529846
1,1,1,0,72,1,1,109.75,7932.5,0,0,1,1,0,0,0,0,1,0,1,0,1,0,1,0,1,0,1,0,0,0,0.10794505916367103
1,0,0,0,39,1,1,106.4,4040.65,0,0,1,1,0,0,1,0,1,0,0,0,0,0,1,0,1,0,0,0,1,0,0.4686652933847013
0,0,1,1,47,0,1,60.0,2768.65,0,1,0,0,0,0,1,0,1,0,1,0,0,0,1,0,1,0,1,1,0,0,0.03879878060393116
1,0,1,0,19,1,1,88.8,1672.35,0,0,1,1,0,0,1,0,1,0,0,0,1,0,0,0,0,0,0,1,0,0,0.2913165185700731
0,0,0,0,5,1,1,85.2,474.8,1,0,1,1,0,0,0,0,0,0,0,0,0,0,1,0,0,0,0,0,1,0,0.7614366961962941
0,0,0,0,13,0,1,35.1,446.1,1,1,0,0,0,0,0,0,0,0,0,0,0,0,0,0,1,0,0,0,1,0,0.5764573334978691
0,0,0,0,17,1,0,80.05,1345.65,0,0,1,1,0,0,0,0,0,0,1,0,0,0,0,0,0,0,0,0,0,0,0.4819059875790069
1,1,1,0,34,1,1,75.55,2425.4,0,0,1,1,0,0,0,0,0,0,0,0,0,0,0,0,0,0,0,0,1,0,0.523061177829669
0,0,0,0,42,1,1,49.55,2077.95,0,0,0,0,0,0,0,0,1,0,0,0,0,0,0,0,0,0,0,0,1,0,0.1334423678107119
1,0,1,0,5,1,1,81.3,416.3,1,0,1,1,0,0,0,0,1,0,0,0,0,0,0,0,0,0,0,0,1,0,0.6896969002355351
0,0,1,1,71,1,0,23.9,1663.5,0,0,1,0,1,1,0,1,0,1,0,1,0,1,0,1,0,0,1,1,0,0,0.0019504463284456867
1,1,1,0,19,1,0,66.4,1286.05,0,0,0,0,0,0,1,0,0,0,1,0,0,0,1,0,0,0,0,0,0,0,0.23835462209138591
0,0,0,1,2,1,1,19.6,35.85,1,0,0,0,1,1,0,1,0,1,0,1,0,1,0,1,0,0,0,0,1,0,0.2734996665916291
1,0,0,0,57,1,0,18.8,1094.35,0,0,0,0,1,1,0,1,0,1,0,1,0,1,0,1,0,0,1,1,0,0,0.003446628926122388
1,0,1,0,72,1,1,108.4,7719.5,0,0,1,1,0,0,0,0,1,0,1,0,1,0,1,0,1,0,1,0,1,0,0.10394912448383281
0,0,0,0,6,1,1,85.95,514.6,0,0,0,1,0,0,0,0,1,0,0,0,0,0,0,0,1,0,0,0,0,1,0.6118439605890532
0,0,1,1,17,1,1,85.45,1451.6,1,0,1,1,0,0,0,0,0,0,0,0,0,0,0,0,1,0,0,0,1,0,0.6449960897729936
1,0,1,0,61,1,0,80.9,4932.5,0,0,1,0,0,0,0,0,1,0,1,0,0,0,1,0,1,0,1,0,0,0,0.03628472160043953
1,0,1,1,1,1,1,71.0,71.0,1,0,0,1,0,0,0,0,0,0,0,0,0,0,0,0,0,0,0,0,1,0,0.6497459431904374
1,0,1,1,48,1,0,111.8,5443.65,0,0,1,1,0,0,1,0,1,0,1,0,1,0,1,0,1,0,1,1,0,0,0.05964413741465546
1,0,0,0,16,1,1,20.6,330.25,0,0,0,0,1,1,0,1,0,1,0,1,0,1,0,1,0,0,0,1,0,0,0.12607620680082954
1,1,0,0,9,1,1,85.05,746.5,1,0,1,1,0,0,0,0,0,0,0,0,0,0,0,0,1,0,0,0,1,0,0.7778969123264745
0,0,0,0,3,1,0,44.6,122.7,0,0,0,0,0,0,0,0,0,0,0,0,0,0,0,0,0,0,0,0,1,0,0.42099075825773663
1,0,0,1,1,1,1,44.4,44.4,1,0,0,0,0,0,0,0,0,0,0,0,0,0,0,0,0,0,0,0,1,0,0.4500609622281717
1,0,0,0,65,1,0,105.1,6631.85,0,0,1,1,0,0,0,0,1,0,1,0,0,0,1,0,1,0,1,1,0,0,0.0840245648682284
0,0,1,1,70,1,1,115.15,8250.0,0,0,1,1,0,0,1,0,1,0,1,0,1,0,1,0,1,0,1,1,0,0,0.05100441480270575
1,0,1,0,60,1,1,59.8,3561.15,0,0,0,0,0,0,1,0,0,0,0,0,0,0,1,0,0,1,0,0,0,1,0.025504809661554908
0,0,1,0,69,1,1,26.3,1763.55,0,0,1,0,1,1,0,1,0,1,0,1,0,1,0,1,0,1,0,0,1,0,0.009143980171977624
0,1,0,0,35,1,0,70.55,2419.0,0,0,0,1,0,0,0,0,0,0,0,0,0,0,0,0,0,0,0,0,1,0,0.38295484759675746
0,0,0,0,22,1,1,20.05,470.2,0,0,0,0,1,1,0,1,0,1,0,1,0,1,0,1,0,0,0,0,0,1,0.10547754768386625
1,0,1,1,66,1,0,79.85,5234.95,0,0,1,0,0,0,0,0,1,0,1,0,0,0,1,0,1,0,1,0,0,0,0.024364934103303624
1,1,1,0,1,1,1,70.3,70.3,1,0,0,1,0,0,0,0,0,0,0,0,0,0,0,0,0,0,0,0,1,0,0.75077758599468
0,0,1,0,1,1,1,79.35,79.35,1,0,0,1,0,0,0,0,0,0,0,0,0,0,1,0,0,0,0,0,0,0,0.6994859374303762
1,0,1,1,34,1,1,90.05,3097.0,0,0,1,1,0,0,0,0,0,0,1,0,0,0,0,0,1,0,0,1,0,0,0.41276137845986005
0,0,1,1,72,1,0,24.45,1709.1,0,0,1,0,1,1,0,1,0,1,0,1,0,1,0,1,0,0,1,0,0,0,0.0021094353814280465
1,0,1,1,31,0,0,59.95,1848.8,0,1,0,0,0,0,1,0,0,0,1,0,1,0,1,0,1,1,0,0,1,0,0.09818239888195168
1,0,0,1,30,1,0,25.35,723.3,0,0,1,0,1,1,0,1,0,1,0,1,0,1,0,1,0,1,0,0,0,0,0.02830197980309433
0,0,0,0,9,1,1,90.8,809.75,1,0,0,1,0,0,0,0,0,0,0,0,0,0,1,0,1,0,0,0,0,0,0.6850531138068469
1,0,1,1,20,1,1,70.45,1470.95,1,0,0,1,0,0,0,0,0,0,0,0,0,0,0,0,0,0,0,0,1,0,0.48265790786223933
1,1,1,0,19,0,1,34.3,577.15,0,1,0,0,0,0,0,0,1,0,1,0,0,0,0,0,0,0,0,1,0,0,0.3752437599357481
0,0,1,0,65,1,1,105.05,6914.95,0,0,1,1,0,0,1,0,0,0,1,0,0,0,1,0,1,0,0,0,1,0,0.3579027493154111
0,0,1,1,30,1,0,19.3,602.9,0,0,0,0,1,1,0,1,0,1,0,1,0,1,0,1,0,0,1,0,0,1,0.013476462250209412
1,0,0,0,6,1,0,19.15,124.4,0,0,0,0,1,1,0,1,0,1,0,1,0,1,0,1,0,1,0,0,0,1,0.08716712033510504
0,0,0,0,2,0,0,51.4,96.8,0,1,0,0,0,0,0,0,1,0,0,0,0,0,1,0,1,0,0,0,1,0,0.6612851605885595
1,0,1,1,53,1,0,71.85,3827.9,0,0,1,0,0,0,1,0,0,0,0,0,1,0,0,0,1,0,0,0,1,0,0.05909205730926044
1,1,1,0,7,1,1,75.4,533.05,0,0,1,1,0,0,0,0,0,0,0,0,0,0,0,0,0,0,0,0,1,0,0.7517274030995573
0,0,1,1,61,1,1,49.7,2961.4,0,0,0,0,0,0,1,0,0,0,0,0,0,0,0,0,0,1,0,0,0,0,0.014200567745521578
1,1,0,0,70,0,1,45.25,3264.45,1,1,0,0,0,0,0,0,0,0,0,0,0,0,1,0,1,1,0,0,1,0,0.07638815080541446
0,0,0,0,13,1,1,78.75,995.35,0,0,1,0,0,0,1,0,0,0,1,0,0,0,1,0,1,0,0,0,1,0,0.46466589009922876
1,1,1,0,35,1,1,81.6,2815.25,0,0,1,1,0,0,0,0,0,0,1,0,0,0,0,0,0,1,0,0,0,0,0.2885697947430455
0,0,1,0,2,1,1,70.4,154.8,0,0,0,1,0,0,0,0,0,0,0,0,0,0,0,0,0,0,0,1,0,0,0.6088862529216943
0,0,0,0,3,1,1,75.8,246.3,1,0,1,1,0,0,0,0,0,0,0,0,0,0,0,0,0,0,0,0,1,0,0.7262465571996156
0,0,0,0,3,1,0,76.1,257.6,0,0,1,1,0,0,0,0,0,0,0,0,0,0,0,0,0,0,0,0,1,0,0.6688403764198876
0,0,0,0,62,1,1,94.0,5757.2,0,0,1,1,0,0,0,0,0,0,0,0,0,0,1,0,1,1,0,0,0,0,0.20553082318261193
1,0,1,1,72,1,0,103.95,7517.7,0,0,1,1,0,0,1,0,1,0,1,0,1,0,0,0,1,0,1,1,0,0,0.022155515091626617
1,0,1,0,63,1,1,19.95,1234.8,0,0,0,0,1,1,0,1,0,1,0,1,0,1,0,1,0,0,1,0,0,0,0.00391991361028006
1,1,0,0,20,1,0,71.3,1389.2,1,0,0,1,0,0,0,0,0,0,0,0,0,0,0,0,0,0,0,1,0,0,0.4143881069884258
0,1,0,0,35,1,1,110.8,3836.3,0,0,1,1,0,0,1,0,1,0,1,0,1,0,1,0,1,1,0,0,0,0,0.25489047176092927
1,1,1,0,21,1,1,69.1,1474.75,1,0,0,1,0,0,0,0,0,0,0,0,0,0,0,0,0,0,0,0,1,0,0.5900405892710919
1,0,1,0,62,1,0,96.1,6001.45,0,0,1,1,0,0,1,0,1,0,0,0,0,0,0,0,1,1,0,0,1,0,0.11076877008837187
0,0,0,0,15,1,1,48.8,720.1,0,0,1,0,0,0,0,0,0,0,0,0,0,0,0,0,0,0,0,0,0,1,0.3381065212710345
0,0,0,0,55,1,1,50.55,2832.75,0,0,0,0,0,0,1,0,0,0,0,0,0,0,0,0,0,0,0,1,0,0,0.04143311913542597
0,0,0,0,11,1,1,44.65,472.25,0,0,0,0,0,0,0,0,0,0,0,0,0,0,0,0,0,0,0,0,0,1,0.3233725371691115
0,0,1,1,17,1,0,88.25,1460.65,1,0,1,1,0,0,0,0,0,0,1,0,0,0,1,0,0,0,0,0,1,0,0.5764832630223544
0,0,0,0,61,1,0,19.45,1336.35,0,0,0,0,1,1,0,1,0,1,0,1,0,1,0,1,0,1,0,0,0,0,0.005841329863344443
0,0,1,0,71,1,0,89.3,6388.65,0,0,1,0,0,0,1,0,1,0,1,0,1,0,1,0,1,0,1,1,0,0,0.01242030974605897
0,0,0,0,2,1,0,70.0,153.05,1,0,0,1,0,0,0,0,0,0,0,0,0,0,0,0,0,0,0,0,0,0,0.562760357334559
1,0,0,0,35,1,0,19.25,677.9,0,0,0,0,1,1,0,1,0,1,0,1,0,1,0,1,0,0,1,0,0,1,0.01178987688197899
0,0,0,0,17,1,0,70.5,1165.6,0,0,0,1,0,0,0,0,0,0,0,0,0,0,0,0,0,0,0,0,0,0,0.41878775311518285
0,0,0,0,21,1,1,97.35,2119.5,1,0,1,1,0,0,0,0,0,0,0,0,0,0,1,0,1,0,0,0,1,0,0.7197396887684713
0,0,1,0,47,1,0,19.65,921.55,0,0,0,0,1,1,0,1,0,1,0,1,0,1,0,1,0,0,1,0,0,0,0.00719699988649678
0,0,1,0,3,1,0,20.85,72.0,0,0,0,0,1,1,0,1,0,1,0,1,0,1,0,1,0,0,0,0,0,1,0.20262880264574937
1,0,0,0,3,1,1,19.65,68.35,0,0,0,0,1,1,0,1,0,1,0,1,0,1,0,1,0,0,0,0,0,1,0.2371942378798501
1,1,1,0,44,1,1,19.35,847.25,0,0,0,0,1,1,0,1,0,1,0,1,0,1,0,1,0,0,1,1,0,0,0.012151555476745965
0,0,0,0,1,1,1,44.0,44.0,0,0,0,0,0,0,0,0,0,0,0,0,0,0,0,0,0,0,0,0,0,1,0.43220211672942743
0,0,1,1,44,1,0,94.4,4295.35,0,0,1,1,0,0,0,0,1,0,1,0,0,0,0,0,1,1,0,0,1,0,0.2164964203270493
1,0,1,1,5,1,1,25.9,135.0,1,0,1,0,1,1,0,1,0,1,0,1,0,1,0,1,0,0,0,0,0,0,0.23666102344992881
1,0,0,0,24,1,1,55.65,1400.55,1,0,1,0,0,0,1,0,0,0,0,0,0,0,0,0,0,0,0,0,0,0,0.19209597346631577
0,0,0,1,1,1,1,69.65,69.65,1,0,0,1,0,0,0,0,0,0,0,0,0,0,0,0,0,0,0,0,1,0,0.6488654353490403
0,0,0,0,18,1,1,75.4,1380.4,0,0,0,1,0,0,1,0,0,0,0,0,0,0,0,0,0,0,0,0,1,0,0.4438732855163353
0,0,0,0,10,1,1,100.6,1060.2,1,0,1,1,0,0,0,0,0,0,1,0,0,0,1,0,1,0,0,0,1,0,0.7794332730305731
0,0,1,0,65,1,0,71.0,4386.2,0,0,0,0,0,0,1,0,1,0,1,0,0,0,0,0,1,0,1,0,0,0,0.010505552416379543
0,1,0,0,1,1,1,86.0,86.0,1,0,0,1,0,0,0,0,1,0,0,0,0,0,0,0,1,0,0,0,1,0,0.7695159353247585
0,0,0,0,53,1,1,106.95,5785.5,1,0,1,1,0,0,1,0,0,0,1,0,0,0,1,0,1,1,0,1,0,0,0.19137931299541025
1,0,0,0,3,1,0,21.2,52.05,0,0,0,0,1,1,0,1,0,1,0,1,0,1,0,1,0,1,0,0,0,1,0.09851847482100964
1,0,1,0,33,1,1,61.05,2018.4,0,0,0,0,0,0,1,0,1,0,0,0,1,0,0,0,0,0,1,0,0,1,0.020965247303218294
1,0,0,0,3,0,1,29.6,79.45,1,1,0,0,0,0,0,0,1,0,0,0,0,0,0,0,0,0,0,0,1,0,0.5966431224516872
0,0,0,0,34,1,1,79.95,2727.3,0,0,0,0,0,0,1,0,0,0,1,0,1,0,1,0,1,1,0,0,0,0,0.07405083319042888
0,0,1,1,14,1,1,19.7,263.65,0,0,0,0,1,1,0,1,0,1,0,1,0,1,0,1,0,0,1,0,0,1,0.03979752639180672
0,0,0,0,13,1,1,20.3,275.4,0,0,0,0,1,1,0,1,0,1,0,1,0,1,0,1,0,0,0,0,0,1,0.15860604072110365
1,1,1,0,46,0,1,59.9,2816.65,1,1,0,0,0,0,0,0,1,0,1,0,1,0,1,0,1,1,0,0,0,0,0.11935277174611003
1,0,1,1,23,1,0,24.35,538.5,0,0,1,0,1,1,0,1,0,1,0,1,0,1,0,1,0,1,0,0,0,1,0.04000855140839116
0,0,1,1,47,1,0,19.75,948.9,0,0,0,0,1,1,0,1,0,1,0,1,0,1,0,1,0,0,1,0,0,1,0.00551284443769143
1,0,0,1,17,1,1,50.3,846.8,0,0,0,0,0,0,1,0,0,0,0,0,0,0,0,0,0,0,0,0,0,1,0.1566162919759203
0,0,1,1,49,1,1,95.6,4783.5,1,0,1,1,0,0,0,0,0,0,0,0,0,0,1,0,1,0,0,0,1,0,0.48864393276390344
1,1,1,0,59,0,1,50.25,2997.45,0,1,0,0,0,0,0,0,1,0,0,0,0,0,1,0,1,0,0,0,1,0,0.22338862972480814
0,0,0,0,69,1,1,85.35,5897.4,0,0,1,0,0,0,1,0,0,0,1,0,1,0,1,0,1,0,1,1,0,0,0.016758499130089352
1,0,0,0,11,0,1,41.6,470.6,1,1,0,0,0,0,0,0,0,0,1,0,0,0,1,0,0,1,0,0,1,0,0.39997641756988705
1,0,0,0,10,1,1,51.65,524.5,0,0,0,0,0,0,1,0,0,0,0,0,0,0,0,0,0,0,0,0,0,1,0.23793660919050513
1,0,1,1,12,1,1,24.0,269.65,0,0,1,0,1,1,0,1,0,1,0,1,0,1,0,1,0,0,1,0,0,0,0.05660153793356466
1,0,0,0,45,1,1,100.85,4740.0,1,0,1,1,0,0,0,0,1,0,0,0,0,0,1,0,1,0,0,1,0,0,0.4476173855435058
0,0,1,1,39,1,1,59.85,2341.5,0,0,0,0,0,0,0,0,0,0,1,0,0,0,1,0,0,0,0,0,0,1,0.14368894052655548
1,1,1,0,71,1,0,25.45,1789.65,0,0,1,0,1,1,0,1,0,1,0,1,0,1,0,1,0,0,1,1,0,0,0.003114129933302987
1,0,1,1,71,1,0,23.9,1626.4,0,0,1,0,1,1,0,1,0,1,0,1,0,1,0,1,0,0,1,1,0,0,0.0018665233136633957
0,0,1,1,33,1,0,24.15,800.3,0,0,1,0,1,1,0,1,0,1,0,1,0,1,0,1,0,1,0,1,0,0,0.0235490852657214
1,1,0,0,67,1,1,75.7,5060.85,0,0,1,1,0,0,0,0,0,0,0,0,0,0,0,0,0,0,0,0,0,1,0.19367759787352082
1,0,1,1,37,0,0,40.2,1448.8,1,1,0,0,0,0,1,0,1,0,1,0,0,0,0,0,0,0,0,0,0,0,0.0843125633327179
1,0,1,1,49,1,0,84.5,4254.85,1,0,1,1,0,0,0,0,0,0,0,0,0,0,1,0,0,0,0,0,1,0,0.3215206299367557
0,0,1,0,9,1,0,50.85,466.6,0,0,0,0,0,0,0,0,1,0,0,0,0,0,0,0,0,0,0,0,0,1,0.27282280588148816
1,0,1,0,52,1,1,91.6,4627.8,0,0,1,1,0,0,1,0,0,0,1,0,1,0,0,0,0,0,1,1,0,0,0.041179107162385355
0,0,0,0,70,1,0,98.9,6838.6,0,0,1,1,0,0,0,0,1,0,0,0,0,0,1,0,1,1,0,0,1,0,0.16545467874004594
1,0,0,0,1,1,1,85.0,85.0,0,0,0,1,0,0,0,0,1,0,0,0,0,0,0,0,1,0,0,0,1,0,0.7155298368222188
0,1,0,0,14,1,1,78.95,1101.85,1,0,1,1,0,0,0,0,1,0,0,0,0,0,0,0,0,0,0,0,1,0,0.6778025248352914
1,0,0,0,1,1,1,44.3,44.3,0,0,0,0,0,0,0,0,0,0,0,0,0,0,0,0,0,0,0,0,0,1,0.423504067648617
1,0,0,0,1,1,0,20.2,20.2,1,0,0,0,1,1,0,1,0,1,0,1,0,1,0,1,0,0,0,0,0,1,0.20694625383013235
0,0,0,0,52,1,1,80.2,4297.6,0,0,1,1,0,0,0,0,1,0,0,0,0,0,0,0,0,1,0,0,0,1,0.13330423773534034
1,0,0,0,6,1,0,60.9,414.1,0,0,0,0,0,0,0,0,0,0,1,0,0,0,1,0,0,0,0,0,0,1,0.3601566644663175
1,0,1,0,7,0,0,34.2,256.6,0,1,0,0,0,0,1,0,1,0,0,0,0,0,0,0,0,0,0,0,0,1,0.3129973786984166
0,1,0,0,47,1,1,85.2,3969.35,1,0,1,1,0,0,0,0,1,0,1,0,0,0,0,0,0,0,0,0,0,0,0.3473940298413404
0,0,0,0,26,1,1,87.15,2274.1,0,0,0,1,0,0,1,0,0,0,1,0,1,0,0,0,0,1,0,1,0,0,0.11528243836141153
1,0,1,1,25,1,0,54.3,1296.8,0,0,0,0,0,0,1,0,0,0,0,0,1,0,0,0,0,0,0,0,1,0,0.08882131389165906
1,0,0,0,69,1,1,19.1,1268.85,0,0,0,0,1,1,0,1,0,1,0,1,0,1,0,1,0,0,1,0,0,1,0.002522634223059739
0,0,0,0,72,1,1,112.75,8192.6,0,0,1,1,0,0,1,0,1,0,1,0,1,0,1,0,1,0,1,1,0,0,0.053821694478733556
1,0,0,0,4,1,1,19.95,59.25,0,0,0,0,1,1,0,1,0,1,0,1,0,1,0,1,0,0,0,0,0,1,0.22567976212788515
1,0,1,1,59,1,0,19.5,1147.85,0,0,0,0,1,1,0,1,0,1,0,1,0,1,0,1,0,0,1,0,0,1,0.00280702193281688
1,0,0,0,67,1,0,65.55,4361.55,0,0,0,0,0,0,1,0,0,0,1,0,0,0,0,0,1,0,1,0,0,0,0.009700712289649688
0,1,0,0,26,1,1,78.8,2006.1,0,0,0,1,0,0,0,0,0,0,0,0,0,0,0,0,1,0,0,0,1,0,0.6135482706235407
0,0,0,0,27,1,0,78.2,2078.95,0,0,0,0,0,0,0,0,1,0,1,0,1,0,1,0,1,1,0,0,0,1,0.09118589787096679
1,0,1,1,72,1,0,105.25,7609.75,0,0,1,1,0,0,1,0,0,0,1,0,0,0,1,0,1,0,1,0,0,0,0.05366641379456623
0,0,0,0,6,1,1,89.25,487.05,0,0,0,1,0,0,0,0,0,0,1,0,1,0,0,0,1,0,0,0,1,0,0.6147511124370761
1,0,1,1,62,1,0,20.65,1218.45,0,0,0,0,1,1,0,1,0,1,0,1,0,1,0,1,0,0,1,1,0,0,0.0022132950728604235
1,0,0,0,20,1,1,68.7,1416.2,0,0,1,0,0,0,0,0,1,0,0,0,1,0,1,0,0,1,0,0,1,0,0.17810989849321623
1,0,0,0,6,1,0,78.65,483.3,0,0,0,0,0,0,1,0,0,0,1,0,1,0,1,0,1,0,0,1,0,0,0.22607510341853518
1,0,0,0,51,1,0,24.75,1234.6,0,0,1,0,1,1,0,1,0,1,0,1,0,1,0,1,0,0,1,0,0,1,0.006766419069834895
0,0,1,1,61,1,0,19.75,1311.6,0,0,0,0,1,1,0,1,0,1,0,1,0,1,0,1,0,0,1,1,0,0,0.0025173908140863023
1,1,1,0,62,1,1,89.1,5618.3,0,0,1,1,0,0,1,0,1,0,1,0,0,0,0,0,0,0,0,0,1,0,0.23827671655350904
0,0,0,0,72,1,1,84.7,6185.15,0,0,1,1,0,0,1,0,0,0,0,0,1,0,0,0,0,0,1,0,0,0,0.02418049539075589
1,1,1,0,13,1,1,98.0,1237.85,1,0,0,1,0,0,0,0,1,0,1,0,0,0,1,0,1,0,0,0,1,0,0.7503390726144925
1,0,1,0,5,1,1,94.45,498.1,1,0,0,1,0,0,0,0,0,0,1,0,0,0,1,0,1,0,0,0,1,0,0.7675768897339971
1,1,0,0,3,1,1,105.0,294.45,1,0,1,1,0,0,0,0,1,0,1,0,0,0,1,0,1,0,0,0,1,0,0.8251078926559329
0,1,1,0,26,1,1,93.85,2381.55,1,0,1,1,0,0,0,0,1,0,1,0,0,0,0,0,1,0,0,0,1,0,0.6680055289382891
1,1,0,0,13,1,1,59.9,788.35,0,0,0,0,0,0,0,0,1,0,0,0,0,0,1,0,0,0,0,0,1,0,0.47424077778801155
0,0,1,1,38,1,1,19.95,756.4,0,0,0,0,1,1,0,1,0,1,0,1,0,1,0,1,0,0,1,0,0,1,0.011526121519434178
0,1,1,0,8,1,1,84.0,613.4,1,0,1,1,0,0,0,0,0,0,0,0,0,0,0,0,1,0,0,0,1,0,0.7964035035670128
1,1,1,1,34,1,1,108.9,3625.2,0,0,1,1,0,0,0,0,1,0,1,0,1,0,1,0,1,0,0,0,1,0,0.5400212996345176
1,0,0,0,18,0,0,33.6,550.35,0,1,0,0,0,0,1,0,0,0,1,0,0,0,0,0,0,0,0,0,0,1,0.21603855427910848
1,0,1,1,56,1,1,85.85,4793.8,0,0,0,1,0,0,0,0,1,0,1,0,1,0,0,0,0,1,0,0,0,1,0.05580504427640962
0,0,0,0,36,0,1,34.85,1267.2,0,1,0,0,0,0,0,0,1,0,0,0,1,0,0,0,0,0,0,0,0,0,0.1352467762863885
0,0,1,0,9,0,1,48.75,442.2,1,1,0,0,0,0,0,0,0,0,1,0,0,0,1,0,1,0,0,0,1,0,0.6921307561087574
1,0,0,0,1,1,1,84.85,84.85,1,0,0,1,0,0,0,0,0,0,1,0,0,0,1,0,0,0,0,0,1,0,0.7323925215789958
1,0,0,0,12,1,0,56.65,654.85,1,0,0,0,0,0,1,0,0,0,0,0,1,0,0,0,0,0,0,0,0,1,0.12580673415612964
0,1,1,1,57,1,1,95.3,5567.45,0,0,0,1,0,0,0,0,1,0,1,0,1,0,1,0,0,0,0,1,0,0,0.19083094828776853
0,0,0,0,42,1,0,73.9,3160.55,1,0,0,0,0,0,1,0,1,0,1,0,1,0,0,0,1,1,0,1,0,0,0.0264067271751468
0,0,1,1,33,1,1,24.5,740.3,1,0,1,0,1,1,0,1,0,1,0,1,0,1,0,1,0,0,1,0,0,1,0.019105906437409555
1,0,1,0,70,1,0,84.6,5706.2,0,0,0,1,0,0,1,0,1,0,0,0,1,0,0,0,0,0,1,0,0,0,0.013083232571411722
0,0,0,0,68,0,0,44.95,3085.35,0,1,0,0,0,0,0,0,1,0,0,0,1,0,0,0,1,0,0,0,1,0,0.04985396373564286
1,0,0,1,1,0,1,24.7,24.7,0,1,0,0,0,0,0,0,0,0,0,0,0,0,0,0,0,0,0,0,1,0,0.597783865274117
0,0,0,0,37,1,0,100.3,3541.4,0,0,1,1,0,0,0,0,0,0,0,0,1,0,1,0,1,0,0,1,0,0,0.3450472401793113
0,0,0,1,4,1,1,25.45,84.2,0,0,1,0,1,1,0,1,0,1,0,1,0,1,0,1,0,0,0,0,0,1,0.23196901831898398
1,0,0,0,1,1,1,50.7,50.7,0,0,0,0,0,0,1,0,0,0,0,0,0,0,0,0,0,0,0,0,0,1,0.31677318840059043
1,0,0,0,20,0,1,55.0,1165.55,0,1,0,0,0,0,1,0,1,0,1,0,1,0,1,0,0,0,0,1,0,0,0.20599963655744408
1,0,1,1,72,1,0,68.4,4855.35,0,0,0,0,0,0,1,0,1,0,0,0,1,0,1,0,0,0,1,0,0,0,0.004244224304388063
0,0,0,0,31,1,1,89.9,2806.9,1,0,1,1,0,0,0,0,0,0,1,0,0,0,0,0,1,0,0,0,1,0,0.5835993706581339
1,1,1,0,18,1,0,78.55,1422.65,1,0,0,1,0,0,0,0,0,0,0,0,0,0,0,0,1,0,0,0,1,0,0.6228245073128845
1,0,1,0,11,1,1,55.05,608.15,0,0,0,0,0,0,0,0,0,0,0,0,0,0,1,0,0,0,0,0,0,0,0.4014424796939584
0,0,1,1,33,1,0,19.8,641.35,0,0,0,0,1,1,0,1,0,1,0,1,0,1,0,1,0,0,1,1,0,0,0.010613177068130128
0,1,0,0,62,1,0,84.45,4959.15,0,0,1,1,0,0,0,0,0,0,0,0,0,0,1,0,0,1,0,0,1,0,0.16957707267196961
0,0,0,0,1,0,0,35.9,35.9,0,1,0,0,0,0,0,0,0,0,1,0,1,0,0,0,0,0,0,0,0,1,0.39955009617158643
1,0,1,0,16,1,0,80.75,1321.3,0,0,0,1,0,0,1,0,1,0,0,0,0,0,0,0,0,0,0,0,0,0,0.3147288534638833
1,0,1,1,22,1,1,78.65,1663.75,0,0,1,0,0,0,0,0,0,0,1,0,1,0,1,0,1,1,0,0,0,1,0.15149731570893638
0,0,1,1,49,1,0,61.75,3024.15,0,0,0,0,0,0,1,0,0,0,1,0,1,0,0,0,0,0,0,0,0,0,0.029330714065942964
1,0,1,1,36,1,1,63.7,2188.5,0,0,0,0,0,0,1,0,0,0,1,0,0,0,0,0,1,1,0,1,0,0,0.050613951939313534
1,0,1,0,42,1,1,99.45,4138.05,1,0,1,1,0,0,0,0,1,0,1,0,1,0,0,0,1,0,0,0,1,0,0.39440917604483583
1,1,0,0,4,0,1,25.2,102.5,1,1,0,0,0,0,0,0,0,0,0,0,0,0,0,0,0,0,0,0,0,0,0.6098075151129896
0,0,0,0,12,1,0,74.05,872.65,1,0,1,0,0,0,0,0,0,0,0,0,1,0,1,0,1,1,0,0,0,1,0.19344631387554218
0,0,0,0,31,1,0,87.6,2724.25,0,0,0,1,0,0,1,0,0,0,1,0,1,0,0,0,0,0,0,0,1,0,0.21053835236473487
1,0,1,0,5,1,1,89.15,413.25,0,0,1,1,0,0,1,0,0,0,0,0,0,0,0,0,1,0,0,0,1,0,0.676361770096015
1,0,1,1,66,1,0,20.0,1374.2,0,0,0,0,1,1,0,1,0,1,0,1,0,1,0,1,0,0,1,1,0,0,0.0018455651332559533
0,1,0,0,15,1,0,55.0,757.1,1,0,1,0,0,0,0,0,0,0,0,0,1,0,0,0,0,0,0,1,0,0,0.23502702776454548
1,0,0,0,64,1,1,104.4,6692.65,0,0,1,1,0,0,0,0,1,0,1,0,0,0,1,0,1,0,1,0,0,0,0.12986007128928223
1,0,1,1,10,1,1,20.05,218.5,0,0,0,0,1,1,0,1,0,1,0,1,0,1,0,1,0,0,0,1,0,0,0.14433154182051278
1,0,1,1,7,1,1,89.75,608.8,1,0,0,1,0,0,0,0,1,0,0,0,1,0,1,0,0,0,0,0,1,0,0.5304461677062514
1,0,0,0,29,0,0,34.3,1004.75,0,1,0,0,0,0,0,0,1,0,0,0,1,0,0,0,0,0,0,0,1,0,0.17461146701866248
1,0,0,0,57,1,0,20.65,1125.6,0,0,0,0,1,1,0,1,0,1,0,1,0,1,0,1,0,0,1,0,0,0,0.003886196010738003
0,0,0,0,46,1,0,84.25,3847.6,0,0,1,1,0,0,1,0,1,0,0,0,0,0,0,0,0,0,0,0,0,1,0.16576335106816545
1,0,0,0,53,1,0,19.65,978.0,0,0,0,0,1,1,0,1,0,1,0,1,0,1,0,1,0,0,1,0,0,0,0.004745628217581563
0,0,0,0,17,1,0,79.85,1387.35,0,0,0,0,0,0,1,0,1,0,0,0,1,0,1,0,1,1,0,1,0,0,0.08059175171823472
0,0,1,1,38,1,1,20.2,746.05,0,0,0,0,1,1,0,1,0,1,0,1,0,1,0,1,0,0,1,0,0,1,0.011462387519090808
1,0,0,0,15,1,0,19.8,304.6,0,0,0,0,1,1,0,1,0,1,0,1,0,1,0,1,0,1,0,0,0,1,0.055664843807305846
0,0,0,0,22,0,1,50.35,1098.85,0,1,0,0,0,0,0,0,1,0,0,0,0,0,1,0,1,0,0,0,1,0,0.5197159629458851
1,0,1,0,14,1,1,85.15,1139.2,1,0,1,1,0,0,0,0,0,0,0,0,0,0,0,0,1,0,0,0,1,0,0.7041252381341835
0,0,1,0,57,1,0,74.6,4368.95,0,0,1,0,0,0,0,0,1,0,1,0,1,0,1,0,0,1,0,0,0,0,0.03552883569711291
1,1,0,0,11,1,1,79.15,827.7,0,0,0,1,0,0,0,0,0,0,0,0,0,0,0,0,1,0,0,1,0,0,0.6345528153047978
0,0,1,1,1,1,0,20.35,20.35,0,0,0,0,1,1,0,1,0,1,0,1,0,1,0,1,0,0,1,0,0,1,0.05896283381380056
1,0,1,1,12,1,0,21.05,262.05,0,0,0,0,1,1,0,1,0,1,0,1,0,1,0,1,0,0,1,0,0,0,0.03463974366809428
1,1,1,0,3,1,1,94.6,279.55,1,0,1,1,0,0,0,0,0,0,0,0,0,0,1,0,1,0,0,0,1,0,0.851371944385935
1,0,0,1,36,1,1,94.7,3512.5,0,0,0,1,0,0,0,0,1,0,0,0,0,0,1,0,1,0,0,0,1,0,0.479546417398724
1,0,0,0,16,1,1,94.25,1483.25,1,0,0,1,0,0,1,0,0,0,0,0,0,0,1,0,1,0,0,0,1,0,0.59240723778778
1,0,1,1,65,1,0,72.45,4653.85,1,0,1,0,0,0,1,0,1,0,1,0,0,0,0,0,1,1,0,1,0,0,0.017065401767941416
1,0,0,0,2,1,0,74.95,151.75,0,0,0,1,0,0,0,0,1,0,0,0,0,0,0,0,0,0,0,0,1,0,0.5907024936760923
0,0,0,0,42,1,1,105.2,4400.75,1,0,1,1,0,0,1,0,0,0,1,0,0,0,1,0,1,0,0,0,1,0,0.48804680967159797
1,0,1,1,72,1,0,111.95,8033.1,0,0,0,1,0,0,1,0,1,0,1,0,1,0,1,0,1,0,1,0,0,0,0.02871959246567417
1,0,0,0,62,1,0,19.85,1253.65,0,0,0,0,1,1,0,1,0,1,0,1,0,1,0,1,0,0,1,0,0,0,0.003034862722822054
0,0,0,0,6,1,1,89.75,552.65,0,0,1,1,0,0,0,0,1,0,0,0,0,0,1,0,0,0,0,0,1,0,0.7324438934920019
1,0,1,0,48,1,1,20.05,1036.0,0,0,0,0,1,1,0,1,0,1,0,1,0,1,0,1,0,0,1,0,0,1,0.008395978093550811
1,0,0,0,35,1,1,108.95,4025.5,0,0,1,1,0,0,1,0,0,0,1,0,1,0,1,0,1,0,1,0,1,0,0.1850984097274367
1,0,0,1,52,1,0,19.65,928.4,0,0,0,0,1,1,0,1,0,1,0,1,0,1,0,1,0,1,0,1,0,0,0.005984764091150187
0,0,0,0,1,0,1,24.9,24.9,0,1,0,0,0,0,0,0,0,0,0,0,0,0,0,0,0,0,0,0,0,1,0.5788668266498335
1,0,1,0,6,1,1,82.85,460.25,1,0,1,1,0,0,0,0,0,0,0,0,0,0,1,0,0,0,0,0,1,0,0.7570598463322656
0,0,1,0,71,1,0,93.2,6506.15,0,0,1,0,0,0,1,0,1,0,1,0,1,0,1,0,1,0,1,1,0,0,0.0123952796611363
0,0,1,1,67,1,0,84.8,5598.3,0,0,0,1,0,0,1,0,1,0,1,0,0,0,0,0,0,1,0,0,0,0,0.031381643201588164
1,1,0,0,60,1,1,71.75,4374.55,0,0,1,0,0,0,1,0,1,0,0,0,0,0,0,0,1,1,0,0,1,0,0.059399523256384
1,0,1,1,23,0,1,30.35,678.75,0,1,0,0,0,0,0,0,0,0,0,0,1,0,0,0,0,0,0,0,0,0,0.20553486176602304
1,0,0,1,39,0,0,54.85,2191.7,0,1,0,0,0,0,0,0,0,0,1,0,1,0,1,0,1,1,0,0,0,0,0.07911658115287874
1,0,1,1,15,1,1,19.5,239.75,0,0,0,0,1,1,0,1,0,1,0,1,0,1,0,1,0,1,0,0,0,1,0.060438016562491176
1,1,1,0,53,1,1,103.85,5485.5,1,0,1,1,0,0,0,0,1,0,1,0,0,0,1,0,1,0,0,0,1,0,0.5623515663834247
1,0,1,1,24,1,0,24.2,609.05,0,0,1,0,1,1,0,1,0,1,0,1,0,1,0,1,0,0,1,0,0,1,0.022967744697111613
0,0,1,1,37,1,0,19.35,683.75,0,0,0,0,1,1,0,1,0,1,0,1,0,1,0,1,0,0,0,0,1,0,0.04453158199511107
0,0,1,1,5,1,1,83.6,404.2,1,0,0,1,0,0,0,0,1,0,0,0,0,0,0,0,1,0,0,0,1,0,0.6595848596606486
0,1,1,0,50,1,1,100.65,5189.75,0,0,1,1,0,0,0,0,0,0,0,0,1,0,1,0,1,1,0,0,1,0,0.3367705553757802
0,0,0,0,54,1,1,94.1,5060.9,0,0,0,1,0,0,0,0,0,0,1,0,0,0,1,0,1,1,0,1,0,0,0.1878219784010747
0,0,0,0,3,1,1,74.55,233.65,0,0,0,1,0,0,1,0,0,0,0,0,0,0,0,0,0,0,0,0,1,0,0.5785849271880463
1,0,0,0,68,1,0,108.45,7176.55,1,0,1,1,0,0,0,0,1,0,1,0,1,0,1,0,1,1,0,0,1,0,0.13345729897722364
1,0,0,0,5,1,0,56.15,291.45,0,0,0,0,0,0,0,0,0,0,1,0,1,0,0,0,0,0,0,0,1,0,0.29344439647322346
1,0,0,0,33,1,0,20.35,689.75,0,0,0,0,1,1,0,1,0,1,0,1,0,1,0,1,0,0,1,0,0,1,0.013155244406284905
0,0,0,0,41,1,1,80.55,3263.9,0,0,1,0,0,0,0,0,1,0,1,0,0,0,1,0,1,1,0,0,1,0,0.17603156476974635
0,0,1,1,34,0,0,61.25,1993.2,0,1,0,0,0,0,1,0,0,0,1,0,1,0,1,0,1,1,0,0,0,1,0.06551977928540176
0,0,1,1,13,1,1,20.45,254.5,0,0,0,0,1,1,0,1,0,1,0,1,0,1,0,1,0,0,0,0,0,1,0.1364048468129138
0,0,0,0,20,1,1,18.9,347.65,0,0,0,0,1,1,0,1,0,1,0,1,0,1,0,1,0,0,0,1,0,0,0.10739629549107231
0,1,0,0,51,1,0,19.6,967.9,0,0,0,0,1,1,0,1,0,1,0,1,0,1,0,1,0,0,1,1,0,0,0.006264115666539308
0,0,1,0,3,1,1,91.5,242.95,1,0,1,1,0,0,0,0,1,0,0,0,0,0,0,0,1,0,0,1,0,0,0.6769532225328497
0,0,0,1,41,1,0,45.2,1841.9,0,0,0,0,0,0,0,0,0,0,0,0,0,0,0,0,0,0,0,0,0,0,0.07384049470886835
0,0,0,0,13,1,0,19.45,232.1,0,0,0,0,1,1,0,1,0,1,0,1,0,1,0,1,0,0,0,1,0,0,0.11728227308350506
1,0,1,1,35,1,0,25.45,809.25,0,0,1,0,1,1,0,1,0,1,0,1,0,1,0,1,0,0,1,0,0,0,0.013476586445472455
1,0,1,0,12,1,0,80.85,866.45,1,0,0,1,0,0,1,0,0,0,0,0,1,0,0,0,0,0,0,0,0,0,0.2723499039958439
1,0,0,0,4,1,1,94.9,360.55,0,0,0,1,0,0,1,0,1,0,0,0,1,0,0,0,1,0,0,0,0,1,0.4089728791210576
0,0,0,0,43,0,1,49.05,2076.2,1,1,0,0,0,0,0,0,0,0,1,0,0,0,1,0,1,0,0,0,0,0,0.26533678993750204
0,1,1,1,12,0,1,29.3,355.9,0,1,0,0,0,0,0,0,0,0,0,0,1,0,0,0,0,0,0,0,0,1,0.3644404198463872
1,1,1,0,68,1,1,105.3,7299.65,1,0,1,1,0,0,0,0,1,0,1,0,0,0,1,0,1,0,0,0,1,0,0.476742256659111
1,1,0,0,25,1,1,88.95,2291.2,1,0,1,1,0,0,0,0,1,0,0,0,0,0,1,0,0,0,0,0,1,0,0.6577192607676244
0,0,0,0,7,1,0,20.25,129.15,0,0,0,0,1,1,0,1,0,1,0,1,0,1,0,1,0,1,0,0,0,1,0.08437533707936144
1,1,1,0,66,1,1,110.85,7491.75,1,0,1,1,0,0,0,0,1,0,1,0,1,0,1,0,1,1,0,0,1,0,0.25030119280442337
0,0,1,0,53,1,0,110.5,5835.5,0,0,0,1,0,0,1,0,1,0,1,0,1,0,1,0,1,1,0,0,1,0,0.11908625878243076
1,1,0,0,63,1,1,109.4,7031.45,0,0,1,1,0,0,1,0,1,0,1,0,0,0,1,0,1,0,0,0,0,0,0.3454666697081131
0,0,1,1,70,1,1,114.2,7723.9,1,0,1,1,0,0,1,0,1,0,1,0,1,0,1,0,1,0,1,0,0,0,0.049904216352715663
1,1,1,0,27,0,0,36.5,1032.0,1,1,0,0,0,0,0,0,0,0,0,0,0,0,0,0,1,0,0,0,0,0,0.35003982940487544
0,0,0,0,1,1,0,70.75,70.75,1,0,0,1,0,0,0,0,0,0,0,0,0,0,0,0,0,0,0,0,0,1,0.5551461106792162
0,0,0,0,5,1,0,19.95,109.6,0,0,0,0,1,1,0,1,0,1,0,1,0,1,0,1,0,0,0,0,0,1,0.1798996839535782
0,1,1,0,37,1,0,19.6,727.8,0,0,0,0,1,1,0,1,0,1,0,1,0,1,0,1,0,1,0,0,0,1,0.025178977338640454
1,0,0,0,3,0,1,40.15,130.75,1,1,0,0,0,0,0,0,0,0,1,0,0,0,1,0,0,0,0,0,0,1,0.5991182126513256
0,0,0,1,12,1,1,76.6,893.0,0,0,1,1,0,0,0,0,0,0,0,0,0,0,0,0,0,0,0,0,1,0,0.602625448977863
0,0,1,1,38,1,0,19.6,763.1,0,0,0,0,1,1,0,1,0,1,0,1,0,1,0,1,0,1,0,1,0,0,0.01400487356050926
0,0,0,0,9,1,1,85.3,781.4,0,0,0,1,0,0,0,0,0,0,1,0,0,0,0,0,1,0,0,1,0,0,0.5973766084827923
1,0,1,0,13,1,1,65.85,902.25,0,0,1,0,0,0,1,0,0,0,0,0,0,0,0,0,1,0,0,0,1,0,0.4065139506621069
1,1,1,0,29,1,1,94.45,2653.65,1,0,1,1,0,0,0,0,0,0,0,0,0,0,1,0,1,0,0,0,1,0,0.718981100560993
0,0,1,1,47,1,0,20.05,1016.7,0,0,0,0,1,1,0,1,0,1,0,1,0,1,0,1,0,0,1,1,0,0,0.005226052838424974
1,0,1,0,61,1,0,99.4,5943.65,0,0,1,1,0,0,1,0,0,0,1,0,1,0,1,0,0,0,0,0,0,0,0.13207906115552012
1,0,0,0,16,1,0,20.0,275.7,0,0,0,0,1,1,0,1,0,1,0,1,0,1,0,1,0,0,0,0,0,1,0.1044564261770235
0,0,1,1,41,1,0,78.45,3126.45,0,0,0,0,0,0,1,0,1,0,0,0,1,0,1,0,1,0,1,0,1,0,0.026302117133190615
0,0,0,1,43,1,1,25.1,1070.15,0,0,1,0,1,1,0,1,0,1,0,1,0,1,0,1,0,0,1,0,1,0,0.015433371414631273
0,0,1,1,36,1,1,97.35,3457.9,1,0,1,1,0,0,0,0,1,0,1,0,0,0,1,0,0,0,0,0,0,0,0.4108062606771665
0,0,0,0,6,1,1,55.0,340.4,0,0,0,0,0,0,0,0,0,0,0,0,0,0,0,0,1,0,0,0,1,0,0.52109419297813
0,0,0,0,58,1,1,71.1,4299.2,0,0,1,0,0,0,1,0,1,0,1,0,1,0,0,0,0,1,0,1,0,0,0.018398165087605216
1,0,0,0,19,1,1,61.55,1093.2,0,0,0,0,0,0,0,0,0,0,0,0,1,0,1,0,0,0,0,1,0,0,0.20765035776770666
1,0,1,0,11,1,1,45.9,521.9,0,0,0,0,0,0,0,0,0,0,0,0,0,0,0,0,0,0,0,0,0,0,0.34045033471613645
0,0,0,0,39,0,1,40.3,1630.4,0,1,0,0,0,0,1,0,1,0,0,0,1,0,0,0,0,1,0,0,0,0,0.04203133171143533
0,1,0,0,8,1,1,87.1,713.6,0,0,0,1,0,0,0,0,1,0,0,0,0,0,1,0,0,0,0,0,1,0,0.7224901545329246
0,0,0,1,26,1,1,49.5,1265.65,0,0,1,0,0,0,0,0,0,0,0,0,0,0,0,0,0,0,0,0,0,1,0.20115955833458224
0,1,0,0,53,1,1,73.8,4003.85,0,0,0,1,0,0,0,0,1,0,0,0,0,0,0,0,0,0,0,1,0,0,0.21666443158816928
0,0,1,1,70,1,1,19.2,1401.4,0,0,0,0,1,1,0,1,0,1,0,1,0,1,0,1,0,0,1,0,0,1,0.00215975486032967
1,0,0,0,1,0,1,45.3,45.3,1,1,0,0,0,0,0,0,0,0,0,0,0,0,1,0,1,0,0,0,0,1,0.681151158078579
1,0,0,0,59,1,0,25.0,1510.5,0,0,1,0,1,1,0,1,0,1,0,1,0,1,0,1,0,0,1,0,0,1,0.004590571280520161
1,0,0,0,2,1,0,94.95,178.1,1,0,0,1,0,0,0,0,0,0,1,0,0,0,1,0,1,0,0,0,1,0,0.720367395715328
1,0,0,0,7,0,0,35.3,264.8,0,1,0,0,0,0,1,0,0,0,1,0,0,0,0,0,0,1,0,0,0,1,0.18303196301874416
0,0,0,1,12,1,1,44.55,480.6,1,0,0,0,0,0,0,0,0,0,0,0,0,0,0,0,0,0,0,0,1,0,0.3351714194308653
1,0,1,1,59,1,0,76.75,4541.9,0,0,0,0,0,0,0,0,1,0,1,0,1,0,1,0,1,1,0,1,0,0,0.024298502107165137
1,0,1,1,61,1,1,81.0,4976.15,0,0,1,0,0,0,0,0,0,0,1,0,1,0,1,0,1,0,1,0,0,0,0.02895951496082521
1,0,1,1,72,1,1,105.55,7542.25,0,0,1,1,0,0,1,0,0,0,1,0,0,0,1,0,1,0,1,0,0,0,0.06785211126100595
0,0,1,1,13,1,0,18.8,251.25,0,0,0,0,1,1,0,1,0,1,0,1,0,1,0,1,0,0,0,0,0,1,0.10874440710588319
0,0,1,1,64,1,0,24.9,1595.5,0,0,1,0,1,1,0,1,0,1,0,1,0,1,0,1,0,1,0,0,0,1,0.005236163325802769
1,0,1,0,1,0,1,23.45,23.45,1,1,0,0,0,0,0,0,0,0,0,0,0,0,0,0,0,0,0,0,1,0,0.6627699939302595
0,0,0,0,10,1,0,64.9,685.55,0,0,0,0,0,0,0,0,1,0,0,0,1,0,0,0,1,1,0,0,0,1,0.12524950361676235
0,0,1,1,65,1,0,61.35,3874.1,0,0,0,0,0,0,1,0,1,0,1,0,0,0,0,0,0,1,0,0,0,0,0.009646930484081592
0,0,1,0,62,1,0,113.95,6891.4,0,0,1,1,0,0,1,0,1,0,1,0,1,0,1,0,1,0,1,0,0,1,0.05524382651339883
0,0,1,0,55,1,1,90.15,4916.95,0,0,1,0,0,0,1,0,1,0,1,0,1,0,1,0,1,1,0,0,1,0,0.06404809116580815
0,0,1,0,25,1,0,54.1,1373.0,0,0,1,0,0,0,0,0,1,0,0,0,0,0,0,0,0,0,0,0,1,0,0.2526768443180279
1,0,0,0,1,0,0,29.7,29.7,1,1,0,0,0,0,1,0,0,0,0,0,0,0,0,0,0,0,0,0,0,1,0.3934227213200639
1,0,0,0,1,1,1,49.8,49.8,0,0,0,0,0,0,1,0,0,0,0,0,0,0,0,0,0,0,0,1,0,0,0.303286558510314
0,0,1,0,59,1,0,101.1,6039.9,1,0,1,1,0,0,0,0,1,0,0,0,0,0,1,0,1,0,0,0,1,0,0.39331939754232637
1,1,1,1,64,1,1,24.4,1548.65,0,0,1,0,1,1,0,1,0,1,0,1,0,1,0,1,0,0,1,0,0,0,0.0052977515306106854
1,0,1,0,36,1,1,95.0,3440.25,0,0,1,1,0,0,0,0,0,0,0,0,0,0,1,0,1,0,0,0,0,0,0.5577551347905627
0,0,0,0,3,1,1,50.65,151.3,1,0,1,0,0,0,0,0,0,0,0,0,0,0,0,0,0,0,0,0,0,1,0.4611575537761017
1,0,1,0,61,1,1,69.9,4226.7,0,0,1,0,0,0,1,0,0,0,1,0,0,0,0,0,1,0,1,0,0,1,0.021395562423137497
1,0,0,1,26,0,1,39.95,1023.75,0,1,0,0,0,0,0,0,1,0,0,0,0,0,1,0,0,1,0,0,0,0,0.15529869235406302
0,0,0,0,1,1,1,55.4,55.4,1,0,0,0,0,0,0,0,0,0,0,0,0,0,0,0,1,0,0,0,1,0,0.5715954652667576
0,1,1,0,1,1,1,90.6,90.6,1,0,1,1,0,0,0,0,1,0,0,0,0,0,1,0,0,0,0,0,1,0,0.8117798446363821
1,0,1,1,68,1,1,103.25,7074.4,0,0,0,1,0,0,1,0,1,0,1,0,0,0,1,0,1,0,1,1,0,0,0.048564518343467
1,1,1,0,2,1,1,86.85,156.35,1,0,1,1,0,0,0,0,0,0,0,0,0,0,1,0,0,0,0,0,0,1,0.7637488358203047
0,0,1,0,72,1,1,94.25,6849.75,0,0,1,1,0,0,1,0,1,0,1,0,1,0,0,0,0,0,1,0,0,0,0.026966745516472566
0,0,1,0,71,0,1,47.05,3263.6,0,1,0,0,0,0,0,0,0,0,1,0,1,0,0,0,1,0,1,0,1,0,0.018765087539723717
1,0,0,0,57,1,0,20.55,1252.85,0,0,0,0,1,1,0,1,0,1,0,1,0,1,0,1,0,0,1,1,0,0,0.0035564953658049035
1,0,0,0,4,1,1,19.65,67.55,0,0,0,0,1,1,0,1,0,1,0,1,0,1,0,1,0,0,0,0,0,1,0.22663689438443818
0,1,0,0,1,1,1,70.2,70.2,0,0,0,1,0,0,0,0,0,0,0,0,0,0,0,0,0,0,0,0,1,0,0.7478328681870834
1,0,1,1,72,1,0,81.0,5750.0,0,0,1,0,0,0,1,0,1,0,1,0,1,0,0,0,1,0,1,1,0,0,0.005909289296125195
1,0,1,1,21,1,1,75.9,1549.75,0,0,1,0,0,0,1,0,0,0,0,0,0,0,1,0,1,1,0,0,0,0,0.1589485169656572
0,0,1,1,71,1,0,24.7,1810.55,0,0,1,0,1,1,0,1,0,1,0,1,0,1,0,1,0,0,1,0,0,0,0.002302279052747273
0,1,1,0,29,1,1,99.05,2952.85,1,0,1,1,0,0,0,0,0,0,1,0,0,0,1,0,1,0,0,0,0,0,0.6846381235280499
0,1,0,0,69,1,0,110.25,7467.55,0,0,1,1,0,0,1,0,0,0,1,0,1,0,1,0,1,0,1,1,0,0,0.055894524608353174
0,0,1,0,64,1,1,85.0,5484.4,0,0,1,0,0,0,1,0,0,0,1,0,1,0,1,0,1,0,1,1,0,0,0.020824273307505175
1,0,0,0,16,1,0,19.75,294.9,0,0,0,0,1,1,0,1,0,1,0,1,0,1,0,1,0,0,0,1,0,0,0.09868709847666239
0,0,0,0,4,1,0,23.9,97.5,0,0,1,0,1,1,0,1,0,1,0,1,0,1,0,1,0,1,0,0,1,0,0.1600200688847031
0,0,0,0,52,1,1,111.25,5916.45,1,0,1,1,0,0,1,0,1,0,0,0,1,0,1,0,1,1,0,1,0,0,0.13490201302693602
1,0,0,0,2,1,1,55.1,113.35,1,0,0,0,0,0,1,0,0,0,1,0,0,0,0,0,0,0,0,0,0,1,0.30463940077222723
1,0,0,0,1,1,0,19.95,19.95,0,0,0,0,1,1,0,1,0,1,0,1,0,1,0,1,0,0,0,0,0,1,0.20733415484178397
1,0,0,0,18,0,0,25.15,476.8,0,1,0,0,0,0,0,0,0,0,0,0,0,0,0,0,0,0,0,0,0,1,0.29831447637764585
0,0,0,0,2,1,0,54.15,101.65,0,0,1,0,0,0,0,0,1,0,0,0,0,0,0,0,0,0,0,0,0,1,0.3791377053919925
0,0,1,0,19,1,1,59.8,1130.85,0,0,0,0,0,0,0,0,1,0,0,0,0,0,0,0,1,0,0,0,0,1,0.3016451531550531
0,0,0,0,40,1,0,83.85,3532.25,0,0,1,1,0,0,0,0,0,0,0,0,0,0,0,0,1,0,0,0,0,0,0.38186228454228854
0,1,1,1,66,1,1,104.9,6891.45,0,0,1,1,0,0,0,0,1,0,1,0,0,0,1,0,1,1,0,0,1,0,0.26229094037124606
1,0,0,0,21,1,0,75.3,1570.7,0,0,1,1,0,0,0,0,0,0,0,0,0,0,0,0,0,0,0,0,0,1,0.4232536540937766
1,0,0,0,8,1,1,66.65,520.95,0,0,0,0,0,0,0,0,1,0,0,0,1,0,1,0,0,0,0,0,1,0,0.3566230284091965
0,0,1,1,72,1,1,109.5,7854.9,0,0,0,1,0,0,1,0,1,0,1,0,1,0,1,0,1,0,1,1,0,0,0.033094696193192344
0,0,0,0,48,1,1,73.85,3581.4,0,0,1,0,0,0,0,0,1,0,1,0,1,0,1,0,0,1,0,0,0,0,0.05841508817603951
1,0,0,0,69,1,1,19.3,1447.9,0,0,0,0,1,1,0,1,0,1,0,1,0,1,0,1,0,0,1,0,0,0,0.00281595482031082
1,0,0,0,72,1,1,118.2,8547.15,0,0,1,1,0,0,1,0,1,0,1,0,1,0,1,0,1,0,1,0,1,0,0.0797892898031416
0,0,0,0,14,1,0,51.45,727.85,0,0,0,0,0,0,0,0,1,0,0,0,0,0,0,0,0,1,0,1,0,0,0.11160021980030577
1,0,0,0,6,1,0,59.45,357.6,0,0,0,0,0,0,0,0,1,0,0,0,0,0,1,0,0,0,0,0,1,0,0.41321783569402587
0,0,1,1,8,1,0,19.5,159.35,0,0,0,0,1,1,0,1,0,1,0,1,0,1,0,1,0,0,1,0,0,0,0.04414931182067083
0,0,0,0,17,1,0,19.55,280.85,0,0,0,0,1,1,0,1,0,1,0,1,0,1,0,1,0,1,0,0,0,1,0.05110906192589151
1,0,0,0,65,1,0,93.55,6069.25,0,0,1,1,0,0,1,0,0,0,0,0,1,0,0,0,1,1,0,0,1,0,0.07148455885300645
0,0,1,1,57,1,1,59.3,3274.35,0,0,0,0,0,0,1,0,0,0,1,0,1,0,0,0,0,1,0,0,0,1,0.012039062634558173
1,0,1,0,13,1,1,102.25,1359.0,1,0,1,1,0,0,0,0,0,0,1,0,0,0,1,0,1,0,0,1,0,0,0.6853711199940942
1,1,0,0,19,1,1,95.9,1777.9,1,0,0,1,0,0,0,0,0,0,1,0,0,0,1,0,1,0,0,1,0,0,0.6359969143421144
0,0,1,0,56,1,0,109.8,6109.65,0,0,1,1,0,0,1,0,1,0,1,0,0,0,1,0,1,1,0,0,0,0,0.1524393443180709
0,0,1,0,14,1,1,78.1,1122.4,0,0,0,1,0,0,0,0,0,0,0,0,0,0,0,0,1,0,0,0,1,0,0.6673217945739406
1,0,1,0,52,0,1,39.9,2020.9,0,1,0,0,0,0,1,0,0,0,0,0,0,0,0,0,1,0,0,0,1,0,0.12548914832608446
0,0,0,0,58,1,1,64.9,3795.45,0,0,0,0,0,0,1,0,1,0,1,0,1,0,0,0,0,0,1,1,0,0,0.007579680173921142
0,1,0,0,47,1,1,95.05,4504.55,1,0,1,1,0,0,0,0,1,0,0,0,1,0,1,0,0,0,0,0,1,0,0.40887630044628726
0,0,0,0,67,0,1,53.4,3579.15,0,1,0,0,0,0,0,0,0,0,1,0,1,0,1,0,1,0,0,1,0,0,0.07443701817262123
1,0,0,0,2,0,1,24.9,49.7,0,1,0,0,0,0,0,0,0,0,0,0,0,0,0,0,0,0,0,1,0,0,0.540519448519222
1,1,0,0,6,1,0,44.7,276.5,0,0,0,0,0,0,0,0,0,0,0,0,0,0,0,0,0,0,0,1,0,0,0.34950909950630443
1,0,1,1,71,1,1,114.0,8175.9,0,0,1,1,0,0,1,0,1,0,1,0,1,0,1,0,1,0,1,0,0,0,0.05226444020696886
0,0,1,1,46,1,0,20.25,890.35,0,0,0,0,1,1,0,1,0,1,0,1,0,1,0,1,0,0,1,0,0,0,0.006050518423311463
0,0,0,0,5,1,0,53.85,259.8,1,0,0,0,0,0,1,0,0,0,0,0,1,0,0,0,0,0,0,1,0,0,0.16004151825084253
1,1,1,0,67,1,0,83.85,5588.8,0,0,1,1,0,0,1,0,1,0,0,0,0,0,0,0,0,0,0,0,0,0,0.12086024915181554
1,0,0,1,3,1,0,20.2,50.6,0,0,0,0,1,1,0,1,0,1,0,1,0,1,0,1,0,0,0,0,0,0,0.16616076063985066
0,0,0,0,3,1,0,19.95,58.0,0,0,0,0,1,1,0,1,0,1,0,1,0,1,0,1,0,0,0,0,0,1,0.19548202322690866
1,1,1,0,52,1,1,104.2,5568.35,1,0,1,1,0,0,1,0,0,0,1,0,0,0,1,0,1,0,0,0,1,0,0.501473315177939
0,0,1,0,42,1,1,50.25,2203.65,1,0,1,0,0,0,0,0,0,0,0,0,0,0,0,0,0,0,0,0,1,0,0.19020754100256185
1,0,1,1,50,1,1,20.35,938.95,0,0,0,0,1,1,0,1,0,1,0,1,0,1,0,1,0,1,0,0,0,1,0.009913055466662251
1,1,1,0,23,1,1,90.0,2024.1,0,0,0,1,0,0,1,0,1,0,0,0,0,0,0,0,1,0,0,0,1,0,0.5196171470216687
0,0,1,1,67,0,0,54.2,3623.95,0,1,0,0,0,0,1,0,1,0,1,0,1,0,1,0,0,0,1,1,0,0,0.00629835324013446
0,0,0,0,25,1,1,99.5,2369.05,1,0,0,1,0,0,0,0,1,0,1,0,0,0,1,0,1,0,0,0,1,0,0.6100279202823197
0,1,1,0,39,1,0,99.1,3877.95,0,0,0,1,0,0,1,0,1,0,0,0,0,0,1,0,1,1,0,0,0,1,0.20065407435908011
0,0,0,0,69,1,1,66.9,4577.9,0,0,1,0,0,0,1,0,1,0,0,0,1,0,0,0,0,0,1,0,0,1,0.006752290390826224
0,0,0,0,1,0,0,25.85,25.85,0,1,0,0,0,0,0,0,0,0,0,0,0,0,0,0,0,1,0,0,0,1,0.32818380837346045
1,0,0,0,32,1,0,91.05,2871.5,0,0,0,1,0,0,0,0,0,0,0,0,0,0,1,0,1,0,0,0,1,0,0.5031200148530341
0,0,0,0,9,1,0,71.0,672.55,1,0,0,1,0,0,0,0,0,0,0,0,0,0,0,0,0,0,0,0,1,0,0.564241205289742
0,0,0,0,16,1,1,93.2,1573.7,1,0,0,1,0,0,0,0,1,0,1,0,0,0,0,0,1,0,0,1,0,0,0.5182555654307047
1,0,1,1,60,1,1,20.95,1270.55,0,0,0,0,1,1,0,1,0,1,0,1,0,1,0,1,0,0,1,0,0,0,0.003766774782823535
0,0,1,1,72,1,1,109.2,7711.45,0,0,1,1,0,0,0,0,1,0,1,0,1,0,1,0,1,0,1,0,0,0,0.06787549168085417
1,0,1,0,5,1,0,19.35,126.05,1,0,0,0,1,1,0,1,0,1,0,1,0,1,0,1,0,0,0,0,0,1,0.18399465633524117
0,1,0,0,26,1,1,85.8,2193.65,0,0,0,1,0,0,1,0,0,0,0,0,0,0,1,0,0,0,0,1,0,0,0.4099480458216775
1,0,0,0,3,1,0,19.85,64.55,1,0,0,0,1,1,0,1,0,1,0,1,0,1,0,1,0,0,0,0,0,1,0.1908507723595421
1,0,0,0,2,1,1,19.65,31.2,0,0,0,0,1,1,0,1,0,1,0,1,0,1,0,1,0,0,0,0,1,0,0.3114700467369544
0,0,0,1,2,1,0,20.5,38.25,0,0,0,0,1,1,0,1,0,1,0,1,0,1,0,1,0,1,0,0,0,0,0.09276163290246907
0,0,0,0,36,1,1,89.65,3348.1,0,0,1,0,0,0,1,0,0,0,1,0,1,0,1,0,1,1,0,1,0,0,0.08239389077947483
1,0,0,0,7,1,0,74.35,533.6,0,0,0,1,0,0,1,0,0,0,0,0,0,0,0,0,0,0,0,0,0,1,0.3873463365235626
0,1,1,0,60,0,1,49.45,2907.55,0,1,0,0,0,0,0,0,1,0,0,0,0,0,1,0,1,0,1,1,0,0,0.048345631089956195
0,0,1,0,19,1,1,89.1,1620.8,0,0,1,1,0,0,0,0,1,0,0,0,0,0,0,0,1,0,0,0,1,0,0.6546695766985267
1,1,1,0,45,1,0,75.15,3480.35,0,0,1,0,0,0,1,0,0,0,1,0,1,0,0,0,1,0,1,1,0,0,0.02614567548942301
1,1,0,0,4,1,1,70.65,293.85,0,0,0,1,0,0,0,0,0,0,0,0,0,0,0,0,0,0,0,0,1,0,0.7193877155670628
0,0,1,1,31,1,1,104.2,3243.45,1,0,1,1,0,0,0,0,0,0,1,0,1,0,1,0,1,0,0,0,1,0,0.5282519017021245
1,0,1,1,47,1,0,90.05,4137.2,0,0,0,1,0,0,1,0,0,0,1,0,0,0,0,0,1,0,0,0,1,0,0.2070559310679198
1,0,0,0,1,1,1,79.25,79.25,1,0,0,1,0,0,0,0,0,0,0,0,0,0,0,0,1,0,0,0,1,0,0.7409041063175075
0,0,0,0,1,1,1,44.9,44.9,1,0,0,0,0,0,0,0,0,0,0,0,0,0,0,0,0,0,0,0,0,0,0.44423625045557086
0,0,0,0,1,1,0,19.4,19.4,0,0,0,0,1,1,0,1,0,1,0,1,0,1,0,1,0,0,0,1,0,0,0.20185621052131603
0,1,1,1,59,1,1,88.75,5348.65,0,0,1,1,0,0,0,0,0,0,1,0,0,0,0,0,1,0,0,1,0,0,0.3029720681021631
1,0,1,0,10,1,1,70.1,659.65,1,0,0,1,0,0,0,0,0,0,0,0,0,0,0,0,0,0,0,0,1,0,0.6210630099756138
1,1,0,0,35,1,0,91.0,3180.5,0,0,1,1,0,0,1,0,0,0,0,0,0,0,0,0,1,0,0,1,0,0,0.3395083982662054
1,0,0,0,4,0,1,29.65,118.5,1,1,0,0,0,0,0,0,0,0,1,0,0,0,0,0,0,0,0,0,1,0,0.6092094651021844
1,0,1,1,32,1,1,90.8,3023.85,0,0,0,1,0,0,1,0,1,0,0,0,0,0,0,0,1,1,0,0,1,0,0.20023679731881713
1,0,0,0,43,1,1,77.85,3365.85,1,0,1,1,0,0,0,0,1,0,0,0,0,0,0,0,0,0,0,0,1,0,0.3643609689784656
1,0,0,0,4,1,0,54.3,195.3,1,0,0,0,0,0,0,0,0,0,0,0,0,0,0,0,1,0,0,0,1,0,0.4647860986513846
0,1,1,0,54,1,1,18.95,1031.1,0,0,0,0,1,1,0,1,0,1,0,1,0,1,0,1,0,0,1,0,0,1,0.007971393698153717
0,1,0,0,11,1,1,95.15,997.65,1,0,1,1,0,0,0,0,0,0,0,0,0,0,1,0,1,0,0,0,0,0,0.7687634112267632
0,1,0,0,66,1,1,102.4,6471.85,0,0,1,1,0,0,1,0,0,0,0,0,0,0,1,0,1,0,1,0,0,0,0.10643622286240259
1,0,1,1,61,1,1,99.9,6241.35,0,0,1,1,0,0,0,0,0,0,1,0,0,0,1,0,1,1,0,0,1,0,0.24824046267041544
1,0,1,1,72,1,0,88.7,6501.35,0,0,1,0,0,0,1,0,1,0,1,0,1,0,1,0,1,0,1,1,0,0,0.009512715610818775
1,0,1,1,44,0,1,54.3,2317.1,0,1,0,0,0,0,0,0,0,0,1,0,1,0,1,0,1,1,0,0,1,0,0.10780345920182847
1,0,0,0,41,1,1,55.7,2237.55,0,0,1,0,0,0,0,0,0,0,1,0,0,0,0,0,0,0,0,0,0,0,0.1470207295834076
1,0,1,0,50,1,1,103.95,5231.3,0,0,1,1,0,0,1,0,0,0,1,0,0,0,1,0,1,1,0,0,1,0,0.2710883508437917
1,0,1,0,47,1,1,110.85,5275.8,1,0,1,1,0,0,1,0,0,0,1,0,1,0,1,0,1,1,0,1,0,0,0.1626224520829557
1,0,1,1,8,1,0,20.15,165.5,0,0,0,0,1,1,0,1,0,1,0,1,0,1,0,1,0,0,1,0,0,1,0.04032716062010915
1,0,0,0,18,1,0,20.05,358.5,0,0,0,0,1,1,0,1,0,1,0,1,0,1,0,1,0,0,0,0,0,1,0.09605544754776699
1,0,1,1,72,1,1,91.95,6614.9,0,0,1,0,0,0,1,0,1,0,1,0,1,0,1,0,1,0,1,1,0,0,0.012502716093856605
1,0,0,0,1,1,0,80.5,80.5,1,0,0,1,0,0,0,0,0,0,0,0,0,0,0,0,1,0,0,0,1,0,0.6825706989011581
0,1,0,0,42,1,0,55.65,2421.75,0,0,1,0,0,0,0,0,0,0,1,0,0,0,0,0,0,0,0,0,1,0,0.18678141970915763
0,1,0,0,18,1,1,74.7,1294.6,0,0,0,1,0,0,0,0,1,0,0,0,0,0,0,0,0,0,0,0,1,0,0.5843934170552358
0,0,0,1,13,1,1,104.15,1299.1,0,0,1,1,0,0,0,0,1,0,1,0,0,0,1,0,1,1,0,1,0,0,0.42079931516373437
0,0,1,1,68,1,1,83.65,5733.4,0,0,1,1,0,0,0,0,1,0,0,0,1,0,0,0,0,1,0,0,0,0,0.052337715936498864
1,0,0,0,4,1,1,72.2,305.55,1,0,1,1,0,0,0,0,0,0,0,0,0,0,0,0,0,0,0,0,0,0,0.6609134704152088
1,0,0,0,69,1,1,110.05,7430.75,0,0,1,1,0,0,1,0,1,0,1,0,0,0,1,0,1,0,1,1,0,0,0.07208803826488347
1,0,0,0,17,1,0,51.5,900.5,1,0,0,0,0,0,0,0,0,0,0,0,1,0,0,0,0,0,0,0,0,1,0.15336560807345215
1,0,1,1,25,1,0,25.5,630.6,0,0,1,0,1,1,0,1,0,1,0,1,0,1,0,1,0,0,1,1,0,0,0.02009282129687191
1,1,0,0,43,1,1,89.55,3856.75,1,0,0,1,0,0,0,0,0,0,0,0,0,0,1,0,1,0,0,0,0,1,0.471428308201469
0,0,1,1,59,1,0,19.5,1222.65,0,0,0,0,1,1,0,1,0,1,0,1,0,1,0,1,0,0,1,1,0,0,0.0027627461608478922
0,1,0,0,5,1,0,80.7,374.8,0,0,0,1,0,0,1,0,1,0,0,0,0,0,0,0,0,0,0,0,1,0,0.5237046354294448
1,0,1,1,21,1,0,77.5,1625.0,1,0,1,0,0,0,1,0,1,0,0,0,1,0,1,0,0,1,0,0,0,1,0.05845199412831249
0,0,1,1,69,1,1,105.1,7234.8,0,0,1,1,0,0,1,0,1,0,1,0,1,0,1,0,0,1,0,1,0,0,0.05302400037730783
1,0,0,0,13,0,1,25.15,331.85,0,1,0,0,0,0,0,0,0,0,0,0,0,0,0,0,0,0,0,0,0,0,0.431937168944375
1,0,1,0,42,1,1,95.25,3959.35,1,0,1,1,0,0,0,0,1,0,1,0,0,0,1,0,0,0,0,0,0,0,0.4121435284376018
1,0,1,0,52,1,1,95.65,5088.4,0,0,1,1,0,0,0,0,1,0,0,0,1,0,0,0,1,0,0,1,0,0,0.24679628662950806
1,1,0,0,46,1,0,85.0,3969.4,1,0,0,1,0,0,1,0,0,0,0,0,0,0,0,0,1,0,0,0,1,0,0.2925422308583774
1,0,1,0,61,1,1,80.8,4860.85,0,0,1,0,0,0,1,0,1,0,1,0,1,0,0,0,1,0,1,0,0,0,0.015891865324859547
1,0,0,0,29,0,1,24.85,788.05,0,1,0,0,0,0,0,0,0,0,0,0,0,0,0,0,0,1,0,0,0,1,0.13176487381745763
0,0,0,1,25,1,1,54.75,1266.35,0,0,0,0,0,0,0,0,1,0,0,0,1,0,0,0,0,1,0,1,0,0,0.05163859594627702
0,0,1,1,5,1,1,85.75,470.95,1,0,0,1,0,0,0,0,0,0,0,0,1,0,1,0,0,0,0,0,1,0,0.5850242056061518
1,0,0,0,15,0,0,50.75,688.2,0,1,0,0,0,0,0,0,0,0,1,0,0,0,1,0,1,1,0,0,1,0,0.3553045914966883
0,0,1,1,19,1,0,20.15,387.7,0,0,0,0,1,1,0,1,0,1,0,1,0,1,0,1,0,0,1,0,0,1,0.02370384548770558
1,0,0,0,44,1,0,20.05,845.25,0,0,0,0,1,1,0,1,0,1,0,1,0,1,0,1,0,0,1,0,0,1,0.007271744930200208
0,1,0,0,6,1,1,98.25,560.6,1,0,1,1,0,0,0,0,1,0,0,0,0,0,1,0,1,0,0,0,1,0,0.8217482351530322
1,0,1,1,58,1,0,71.6,4230.25,0,0,1,0,0,0,1,0,1,0,1,0,1,0,0,0,0,0,1,1,0,0,0.006597105956464092
1,0,1,1,62,1,1,81.45,4983.05,0,0,0,1,0,0,1,0,1,0,0,0,0,0,0,0,0,1,0,1,0,0,0.0389856487124634
0,0,1,1,70,0,1,58.4,4113.15,0,1,0,0,0,0,0,0,1,0,1,0,1,0,1,0,1,1,0,0,0,0,0.030798683120208132
0,1,0,0,1,0,1,25.7,25.7,1,1,0,0,0,0,0,0,0,0,0,0,0,0,0,0,0,0,0,0,0,1,0.6388783413359163
1,0,1,1,10,0,0,53.7,521.0,0,1,0,0,0,0,1,0,1,0,1,0,1,0,0,0,1,0,1,1,0,0,0.06550955182740592
1,0,0,0,26,1,1,19.6,471.85,0,0,0,0,1,1,0,1,0,1,0,1,0,1,0,1,0,1,0,0,0,0,0.04324624242358664
1,0,0,0,66,1,0,89.4,5976.9,0,0,1,1,0,0,0,0,1,0,0,0,0,0,0,0,1,0,0,1,0,0,0.1740454535383764
0,0,1,1,7,1,1,69.0,506.9,1,0,0,1,0,0,0,0,0,0,0,0,0,0,0,0,0,0,0,0,1,0,0.6105181733714717
1,0,1,1,51,1,0,84.2,4299.75,0,0,1,1,0,0,0,0,1,0,0,0,1,0,0,0,0,1,0,0,0,0,0.06640325544776207
1,0,1,1,72,1,1,106.1,7548.6,0,0,1,1,0,0,1,0,1,0,1,0,1,0,1,0,0,0,1,1,0,0,0.028124671636102848
1,0,0,0,65,1,0,25.75,1654.75,0,0,1,0,1,1,0,1,0,1,0,1,0,1,0,1,0,0,1,0,0,1,0.00334661242633251
1,0,0,0,2,1,0,46.05,80.35,1,0,0,0,0,0,0,0,0,0,0,0,0,0,0,0,0,0,0,0,0,0,0.356789786253204
1,0,0,1,70,1,0,64.95,4551.5,0,0,1,0,0,0,1,0,1,0,0,0,1,0,0,0,0,1,0,0,0,0,0.006899320621139214
1,0,1,0,72,1,1,85.45,6227.5,0,0,1,0,0,0,0,0,1,0,1,0,1,0,1,0,1,0,1,1,0,0,0.02174370600613468
0,0,1,1,1,1,0,20.05,20.05,0,0,0,0,1,1,0,1,0,1,0,1,0,1,0,1,0,0,0,0,0,1,0.18568582127188948
0,1,1,0,1,1,1,76.4,76.4,1,0,0,1,0,0,0,0,1,0,0,0,0,0,0,0,0,0,0,0,0,1,0.6629924608141218
0,0,0,0,5,1,1,100.5,514.0,1,0,1,1,0,0,0,0,0,0,1,0,0,0,1,0,1,0,0,0,1,0,0.8007770997569454
1,0,0,0,3,1,0,20.7,57.5,0,0,0,0,1,1,0,1,0,1,0,1,0,1,0,1,0,0,0,0,0,1,0.18924211534586668
1,0,0,0,58,1,1,25.3,1474.35,0,0,1,0,1,1,0,1,0,1,0,1,0,1,0,1,0,0,1,1,0,0,0.005867592184049275
1,1,1,1,22,0,0,40.05,880.2,1,1,0,0,0,0,1,0,0,0,0,0,0,0,0,0,1,0,0,0,0,1,0.25344961654637715
1,1,1,0,33,1,1,100.6,3270.25,0,0,1,1,0,0,0,0,1,0,0,0,0,0,1,0,1,0,0,0,0,0,0.619734853878988
1,0,0,0,1,1,0,69.95,69.95,1,0,0,1,0,0,0,0,0,0,0,0,0,0,0,0,0,0,0,0,1,0,0.6279808228665732
1,1,1,0,54,1,0,74.0,3919.15,0,0,1,1,0,0,0,0,0,0,0,0,0,0,0,0,0,0,0,0,0,0,0.23891595811068367
1,0,1,0,72,1,1,99.4,7285.7,0,0,1,1,0,0,0,0,1,0,0,0,0,0,1,0,1,0,1,0,1,0,0.1357645516746448
1,0,0,1,1,1,1,93.3,93.3,1,0,1,1,0,0,0,0,0,0,0,0,0,0,1,0,1,0,0,0,1,0,0.7844069432524505
1,0,0,0,3,1,1,49.15,169.05,1,0,0,0,0,0,0,0,0,0,1,0,0,0,0,0,0,0,0,0,1,0,0.4794513017629449
0,0,1,1,72,1,0,107.45,7658.3,0,0,1,1,0,0,1,0,1,0,1,0,1,0,0,0,1,0,1,1,0,0,0.02307568917030824
0,0,1,1,72,1,1,83.6,5959.3,0,0,1,0,0,0,1,0,1,0,1,0,0,0,1,0,1,0,1,1,0,0,0.016600951110172617
1,1,1,0,54,1,1,99.05,5295.7,0,0,1,1,0,0,0,0,0,0,1,0,0,0,1,0,1,0,0,1,0,0,0.46394494500501327
0,0,1,0,59,1,1,80.1,4693.2,0,0,1,0,0,0,0,0,1,0,0,0,1,0,1,0,1,1,0,0,1,0,0.07482055685899884
1,0,0,0,54,1,1,65.3,3512.9,0,0,0,0,0,0,1,0,1,0,0,0,0,0,1,0,0,0,1,0,0,0,0.01870964257440025
1,0,0,0,60,1,1,89.55,5231.2,0,0,1,1,0,0,0,0,0,0,1,0,0,0,1,0,0,0,1,0,1,0,0.12272256907584306
0,0,1,0,60,0,0,60.8,3603.45,0,1,0,0,0,0,0,0,1,0,1,0,1,0,1,0,1,0,1,1,0,0,0.022780446311956283
1,0,0,0,3,1,0,74.5,217.45,0,0,1,1,0,0,0,0,0,0,0,0,0,0,0,0,0,0,0,0,1,0,0.6622980562559264
0,0,1,0,69,1,0,99.15,6875.35,0,0,1,1,0,0,1,0,0,0,0,0,0,0,1,0,1,0,1,0,0,0,0.06702507606135749
0,0,1,1,1,1,0,19.25,19.25,0,0,0,0,1,1,0,1,0,1,0,1,0,1,0,1,0,0,0,0,1,0,0.24167601699634111
1,0,1,1,50,0,1,39.45,2021.35,0,1,0,0,0,0,1,0,0,0,0,0,0,0,1,0,0,0,0,1,0,0,0.07921993380173063
0,0,0,0,56,0,1,44.85,2564.95,0,1,0,0,0,0,0,0,0,0,0,0,0,0,1,0,1,0,0,1,0,0,0.14802893306846757
0,0,1,0,60,1,1,97.2,5611.75,0,0,0,1,0,0,1,0,0,0,0,0,1,0,1,0,1,0,1,0,1,0,0.07118177801938443
1,1,1,0,69,1,1,110.55,7610.1,0,0,1,1,0,0,1,0,0,0,1,0,1,0,1,0,1,1,0,0,0,1,0.1314784354006163
0,0,0,0,1,0,0,35.05,35.05,1,1,0,0,0,0,0,0,0,0,0,0,0,0,0,0,1,0,0,0,0,1,0.5721666679190429
0,1,0,0,1,1,1,73.0,73.0,1,0,0,1,0,0,0,0,1,0,0,0,0,0,0,0,0,0,0,0,1,0,0.7284316065759983
0,0,1,0,3,1,1,19.9,45.75,0,0,0,0,1,1,0,1,0,1,0,1,0,1,0,1,0,0,0,0,0,1,0.25059004385743033
1,0,1,1,60,1,0,76.95,4543.95,0,0,0,0,0,0,0,0,1,0,0,0,1,0,1,0,1,0,1,0,0,0,0.01496613128955753
0,0,0,0,13,0,0,35.4,450.4,0,1,0,0,0,0,0,0,0,0,1,0,1,0,0,0,0,0,1,0,0,1,0.09340162192816455
1,0,1,1,62,1,0,20.45,1297.35,0,0,0,0,1,1,0,1,0,1,0,1,0,1,0,1,0,0,1,0,0,0,0.002583591116264798
0,0,0,0,45,1,0,96.75,4442.75,0,0,1,1,0,0,1,0,1,0,0,0,0,0,0,0,1,1,0,0,0,0,0.1359061047061978
0,0,0,0,25,0,0,54.2,1423.15,0,1,0,0,0,0,0,0,0,0,1,0,1,0,1,0,1,1,0,0,1,0,0.20812289051446484
1,0,0,0,44,1,0,100.1,4378.35,0,0,0,1,0,0,0,0,0,0,1,0,1,0,1,0,1,0,1,0,0,0,0.09712518126453948
0,0,0,0,2,1,1,45.25,74.2,0,0,0,0,0,0,0,0,0,0,0,0,0,0,0,0,0,0,0,0,0,1,0.4170627658425785
1,1,0,0,33,1,1,83.85,2716.3,1,0,1,1,0,0,0,0,1,0,1,0,0,0,0,0,0,0,0,1,0,0,0.41667095690058154
0,0,0,0,1,1,1,70.1,70.1,1,0,0,1,0,0,0,0,0,0,0,0,0,0,0,0,0,0,0,0,1,0,0.695952679443181
0,0,0,0,22,1,0,20.85,450.65,0,0,0,0,1,1,0,1,0,1,0,1,0,1,0,1,0,1,0,0,0,0,0.04229968315145337
0,0,0,0,35,0,1,33.45,1175.85,0,1,0,0,0,0,0,0,0,0,1,0,1,0,0,0,0,0,0,0,0,1,0.1457932024226822
0,0,1,1,29,1,0,20.2,558.8,0,0,0,0,1,1,0,1,0,1,0,1,0,1,0,1,0,0,1,0,0,1,0.013973764499581732
1,1,1,0,27,1,1,85.9,2220.1,0,0,1,1,0,0,1,0,0,0,1,0,0,0,0,0,0,1,0,0,1,0,0.31339140006252103
1,0,0,1,54,1,1,61.0,3283.05,0,0,0,0,0,0,0,0,1,0,1,0,1,0,0,0,0,1,0,0,1,0,0.024763864981630485
0,1,0,0,2,1,1,70.65,142.35,1,0,0,1,0,0,0,0,0,0,0,0,0,0,0,0,0,0,0,0,1,0,0.73996216304104
1,0,0,0,57,1,1,86.9,4939.25,0,0,1,1,0,0,0,0,0,0,0,0,0,0,1,0,0,1,0,0,1,0,0.207041841328283
1,0,0,0,62,1,0,69.4,4237.5,0,0,1,0,0,0,1,0,1,0,1,0,1,0,0,0,0,0,1,0,0,0,0.007181592763704
0,0,1,1,15,1,0,20.35,335.95,0,0,0,0,1,1,0,1,0,1,0,1,0,1,0,1,0,1,0,1,0,0,0.04588149579127508
1,0,0,0,2,1,0,20.35,33.2,1,0,0,0,1,1,0,1,0,1,0,1,0,1,0,1,0,0,0,0,0,1,0.19782521683964716
0,0,1,0,70,1,1,104.3,7188.5,0,0,1,1,0,0,0,0,0,0,1,0,1,0,1,0,1,0,1,0,0,0,0.08932531957022471
0,0,1,1,21,1,1,44.95,926.25,0,0,0,0,0,0,0,0,0,0,0,0,0,0,0,0,0,0,0,0,1,0,0.2622684480577249
0,0,0,1,23,1,1,49.45,1119.35,0,0,0,0,0,0,0,0,0,0,0,0,1,0,0,0,0,1,0,0,1,0,0.09005093912156552
1,0,0,0,6,1,0,20.6,116.6,0,0,0,0,1,1,0,1,0,1,0,1,0,1,0,1,0,1,0,0,0,1,0.08586056578516903
1,0,1,1,4,1,0,19.55,68.8,0,0,0,0,1,1,0,1,0,1,0,1,0,1,0,1,0,0,1,1,0,0,0.04614263595738869
0,0,0,0,3,1,1,99.0,287.4,1,0,0,1,0,0,1,0,0,0,1,0,0,0,1,0,1,0,0,1,0,0,0.595955015450492
0,0,0,0,23,1,1,93.5,2341.55,0,0,1,1,0,0,0,0,0,0,0,0,0,0,1,0,1,0,0,0,1,0,0.7172153865019797
1,0,0,0,26,0,0,54.55,1362.85,0,1,0,0,0,0,1,0,0,0,0,0,1,0,1,0,1,1,0,1,0,0,0.0932539493152234
0,0,0,1,8,1,0,20.05,163.6,0,0,0,0,1,1,0,1,0,1,0,1,0,1,0,1,0,0,0,0,0,1,0.13046607953614187
1,0,0,0,26,1,1,83.95,2254.2,1,0,1,1,0,0,0,0,0,0,0,0,0,0,0,0,1,0,0,0,1,0,0.6136392602947137
1,0,0,0,2,1,1,79.45,145.15,0,0,1,1,0,0,0,0,1,0,0,0,0,0,0,0,0,0,0,0,1,0,0.7029631629878749
1,0,0,0,67,1,0,116.2,7752.3,1,0,1,1,0,0,1,0,1,0,1,0,1,0,1,0,1,0,1,1,0,0,0.045386289792539676
0,0,1,0,71,1,1,93.7,6585.35,1,0,1,1,0,0,0,0,0,0,0,0,0,0,1,0,1,0,1,0,0,0,0.10774015982994155
0,0,0,0,59,1,0,79.85,4786.1,0,0,1,0,0,0,1,0,1,0,1,0,1,0,0,0,1,1,0,1,0,0,0.01976891493775996
1,0,1,1,39,1,0,100.0,3835.55,0,0,1,1,0,0,0,0,0,0,1,0,0,0,1,0,1,1,0,0,1,0,0.30563044684751545
1,0,0,1,21,1,0,19.6,397.0,0,0,0,0,1,1,0,1,0,1,0,1,0,1,0,1,0,0,1,0,0,1,0.01964688380538259
1,0,0,0,1,1,0,19.7,19.7,1,0,0,0,1,1,0,1,0,1,0,1,0,1,0,1,0,0,0,0,0,1,0.20772259249372366
0,0,1,1,48,1,0,20.2,1027.25,0,0,0,0,1,1,0,1,0,1,0,1,0,1,0,1,0,0,1,0,0,0,0.0056122566932640715
0,1,1,0,31,0,1,50.4,1580.1,0,1,0,0,0,0,1,0,1,0,1,0,0,0,0,0,1,1,0,1,0,0,0.13639248782713093
0,0,1,1,64,1,0,113.35,7222.75,0,0,1,1,0,0,1,0,1,0,1,0,1,0,1,0,1,1,0,0,1,0,0.09936543782488366
1,0,1,1,46,1,1,80.0,3769.7,0,0,1,1,0,0,0,0,1,0,0,0,0,0,0,0,0,0,0,0,0,0,0.2554737748977398
0,0,0,0,52,1,1,80.95,4233.95,0,0,1,0,0,0,0,0,0,0,1,0,1,0,1,0,1,0,1,0,0,0,0.047136750943039735
0,0,1,1,67,1,1,24.9,1680.25,0,0,1,0,1,1,0,1,0,1,0,1,0,1,0,1,0,0,1,0,0,1,0.003465471921045972
0,1,0,0,67,1,0,54.9,3725.5,0,0,1,0,0,0,0,0,1,0,0,0,0,0,0,0,0,0,0,0,1,0,0.06659989151243
0,0,0,0,5,1,0,75.55,413.65,1,0,1,1,0,0,0,0,0,0,0,0,0,0,0,0,0,0,0,0,1,0,0.6543140805374633
0,0,1,0,71,1,0,109.25,7707.7,0,0,1,1,0,0,0,0,1,0,1,0,1,0,1,0,1,0,1,0,1,0,0.08726270371854834
0,0,0,0,9,1,1,77.65,714.15,1,0,0,1,0,0,0,0,0,0,0,0,0,0,1,0,0,0,0,0,0,0,0.6304970173371347
0,1,0,0,26,1,1,95.0,2497.2,1,0,1,1,0,0,1,0,1,0,0,0,0,0,0,0,1,0,0,0,1,0,0.5617353638256283
1,0,0,0,71,1,1,116.3,8309.55,0,0,1,1,0,0,1,0,1,0,1,0,1,0,1,0,1,1,0,0,0,0,0.10214369899901443
0,0,0,0,32,1,0,19.9,601.55,0,0,0,0,1,1,0,1,0,1,0,1,0,1,0,1,0,0,0,0,0,0,0.05204215241601764
0,0,0,0,2,1,0,70.35,139.25,0,0,0,1,0,0,0,0,0,0,0,0,0,0,0,0,0,0,0,0,1,0,0.625875299965927
0,0,1,0,71,1,0,25.6,1888.25,0,0,1,0,1,1,0,1,0,1,0,1,0,1,0,1,0,0,1,1,0,0,0.002554917187528628
0,0,0,0,60,0,1,44.45,2773.9,0,1,0,0,0,0,1,0,0,0,1,0,0,0,0,0,1,1,0,0,1,0,0.04878990127418939
0,1,0,0,55,1,1,100.15,5409.75,0,0,1,1,0,0,0,0,0,0,1,0,0,0,1,0,1,1,0,0,1,0,0.36599432932766324
1,0,0,0,54,1,1,105.4,5643.4,1,0,0,1,0,0,1,0,1,0,0,0,1,0,1,0,1,1,0,1,0,0,0.09088423117719079
1,0,0,0,2,1,1,95.85,197.7,1,0,0,1,0,0,0,0,0,0,1,0,0,0,1,0,1,0,0,0,1,0,0.7714934725926739
0,0,0,0,6,1,1,73.85,401.3,0,0,1,1,0,0,0,0,0,0,0,0,0,0,0,0,0,0,0,0,0,1,0.631313915831893
0,0,1,1,48,1,1,70.1,3238.4,0,0,0,0,0,0,1,0,1,0,1,0,0,0,0,0,1,0,1,1,0,0,0.018731730200371968
1,0,1,1,63,1,0,25.25,1573.05,0,0,1,0,1,1,0,1,0,1,0,1,0,1,0,1,0,0,1,0,0,1,0.0031177510332331257
1,0,0,0,1,1,1,79.15,79.15,1,0,1,1,0,0,0,0,1,0,0,0,0,0,0,0,0,0,0,0,1,0,0.7116035592625233
1,0,0,1,12,1,0,21.05,235.8,0,0,0,0,1,1,0,1,0,1,0,1,0,1,0,1,0,0,0,1,0,0,0.0975404375849569
1,1,1,0,54,0,1,24.95,1364.75,0,1,0,0,0,0,0,0,0,0,0,0,0,0,0,0,0,0,0,0,0,0,0.11239074293702173
0,0,1,1,30,1,1,64.5,1985.15,0,0,0,0,0,0,0,0,0,0,1,0,1,0,1,0,0,1,0,0,1,0,0.09906064133071099
0,0,1,0,30,1,0,19.65,655.85,1,0,0,0,1,1,0,1,0,1,0,1,0,1,0,1,0,0,0,0,0,0,0.06204736137253818
0,0,0,0,4,1,1,79.0,303.15,1,0,0,1,0,0,0,0,0,0,0,0,0,0,1,0,0,0,0,0,1,0,0.7231717549127326
0,0,0,0,40,1,1,105.95,4335.2,0,0,1,1,0,0,0,0,0,0,1,0,1,0,1,0,1,1,0,1,0,0,0.25296664150127834
0,0,1,1,9,1,1,75.85,647.5,0,0,0,1,0,0,0,0,0,0,0,0,1,0,0,0,0,0,0,0,1,0,0.4833335913529357
0,0,1,1,17,1,0,91.85,1574.45,1,0,0,1,0,0,1,0,0,0,0,0,1,0,1,0,0,0,0,0,1,0,0.3187804373848825
0,0,0,0,62,0,1,43.6,2748.7,0,1,0,0,0,0,0,0,1,0,1,0,0,0,0,0,1,0,1,1,0,0,0.024190509790837172
1,0,0,0,28,1,1,91.25,2483.65,0,0,0,1,0,0,0,0,1,0,0,0,1,0,1,0,0,1,0,0,0,0,0.1960588373973315
0,0,0,0,70,1,0,89.75,6367.2,0,0,1,0,0,0,1,0,1,0,1,0,1,0,1,0,1,0,1,1,0,0,0.012404984494798703
0,0,0,0,46,1,1,104.4,4904.2,0,0,0,1,0,0,0,0,1,0,1,0,1,0,1,0,1,0,1,0,0,0,0.11957216114910565
0,0,1,0,23,1,0,90.15,2044.95,0,0,1,1,0,0,0,0,0,0,1,0,0,0,0,0,1,0,0,0,0,1,0.505696142096387
1,0,1,1,47,0,0,40.3,1794.8,0,1,0,0,0,0,1,0,0,0,1,0,1,0,0,0,0,1,0,0,1,0,0.025250781580803808
1,0,1,1,68,1,1,105.25,7173.15,0,0,0,1,0,0,1,0,1,0,1,0,0,0,1,0,1,0,1,0,0,0,0.05544162129217596
0,1,0,0,60,1,1,106.0,6441.4,1,0,1,1,0,0,0,0,0,0,1,0,1,0,1,0,1,1,0,0,1,0,0.2768835570009529
0,0,0,1,67,1,1,104.0,7039.05,0,0,1,1,0,0,0,0,1,0,0,0,1,0,1,0,1,0,1,0,1,0,0.09233102513026617
0,0,0,0,14,1,1,69.65,921.4,0,0,0,0,0,0,0,0,0,0,0,0,1,0,1,0,1,0,0,0,1,0,0.40072613427884435
1,0,1,1,57,1,1,74.3,4018.35,0,0,1,1,0,0,0,0,0,0,0,0,0,0,0,0,0,0,0,0,1,0,0.22384437087619932
0,0,1,1,55,1,0,100.9,5448.6,0,0,1,1,0,0,1,0,0,0,0,0,0,0,1,0,1,1,0,0,0,1,0.11919267901128289
1,0,0,0,1,1,1,20.25,20.25,0,0,0,0,1,1,0,1,0,1,0,1,0,1,0,1,0,0,0,0,0,1,0.2552791599126091
1,0,0,1,1,1,1,49.9,49.9,1,0,0,0,0,0,0,0,0,0,0,0,1,0,0,0,0,0,0,0,0,1,0.2780838792749123
1,0,0,0,23,1,1,96.9,2085.45,0,0,1,1,0,0,0,0,0,0,1,0,1,0,1,0,0,0,0,1,0,0,0.4249672571939961
0,0,0,0,13,1,1,100.35,1358.85,1,0,1,1,0,0,1,0,0,0,0,0,0,0,1,0,1,0,0,0,1,0,0.6799071855045944
1,0,1,0,47,1,1,104.1,5135.15,0,0,1,1,0,0,0,0,1,0,1,0,0,0,1,0,1,0,0,0,1,0,0.5585271590669153
1,0,0,0,38,1,0,20.1,730.1,0,0,0,0,1,1,0,1,0,1,0,1,0,1,0,1,0,1,0,0,0,1,0.016933222331271255
0,1,1,0,38,1,1,74.95,2869.85,1,0,1,1,0,0,0,0,0,0,0,0,0,0,0,0,0,0,0,0,0,0,0.4405505032058507
0,1,0,0,2,1,1,56.55,118.25,0,0,1,0,0,0,0,0,1,0,0,0,0,0,0,0,0,0,0,1,0,0,0.4875262590736205
1,1,1,1,1,1,1,49.25,49.25,1,0,0,0,0,0,0,0,0,0,0,0,1,0,0,0,0,0,0,1,0,0,0.32956577262896913
1,0,1,0,15,1,1,68.6,1108.6,0,0,0,1,0,0,0,0,0,0,0,0,0,0,0,0,0,0,0,0,0,0,0.5203019095268328
0,0,0,0,26,1,1,69.05,1815.65,0,0,0,1,0,0,0,0,0,0,0,0,0,0,0,0,0,0,0,1,0,0,0.3772060606963205
0,0,1,1,35,1,0,19.7,730.4,0,0,0,0,1,1,0,1,0,1,0,1,0,1,0,1,0,0,1,1,0,0,0.009710469522368141
1,0,0,1,3,1,1,20.05,75.45,0,0,0,0,1,1,0,1,0,1,0,1,0,1,0,1,0,0,0,0,0,1,0.19970416691920012
1,0,1,1,50,1,0,103.7,5071.05,1,0,1,1,0,0,0,0,1,0,0,0,1,0,1,0,1,0,0,0,1,0,0.29950398982386095
1,0,1,0,42,1,1,94.4,4014.6,0,0,1,1,0,0,1,0,0,0,1,0,0,0,0,0,1,0,0,0,1,0,0.4088274137057517
1,0,1,0,10,1,1,54.95,568.85,0,0,0,0,0,0,1,0,0,0,0,0,1,0,0,0,0,0,0,1,0,0,0.17090240809086538
0,0,1,0,61,1,0,93.7,5860.7,0,0,0,1,0,0,1,0,1,0,0,0,1,0,0,0,1,1,0,0,0,0,0.051059872399202975
0,0,0,0,68,1,0,110.25,7279.35,0,0,1,1,0,0,1,0,1,0,0,0,1,0,1,0,1,0,1,1,0,0,0.03971961439601856
1,0,0,0,10,1,1,98.9,1064.95,0,0,0,1,0,0,1,0,0,0,1,0,0,0,1,0,1,1,0,0,1,0,0.4572017090442292
1,0,1,0,65,1,0,89.75,5769.6,1,0,1,1,0,0,1,0,1,0,1,0,0,0,0,0,0,1,0,0,1,0,0.07012818252956926
0,0,1,1,72,1,1,80.45,5886.85,0,0,0,0,0,0,1,0,0,0,1,0,1,0,1,0,1,0,1,0,0,0,0.010860034073399602
1,0,1,1,55,1,0,79.4,4238.45,0,0,0,1,0,0,0,0,1,0,0,0,1,0,0,0,0,0,0,0,1,0,0.10943905218560351
0,0,0,0,1,1,1,20.3,20.3,1,0,0,0,1,1,0,1,0,1,0,1,0,1,0,1,0,0,0,0,0,1,0.26145392725815914
0,0,0,0,7,1,0,62.8,418.3,0,0,0,0,0,0,0,0,0,0,1,0,1,0,0,0,1,0,0,0,0,0,0.28532687974400833
0,0,0,0,2,1,1,74.9,136.05,0,0,1,1,0,0,0,0,0,0,0,0,0,0,0,0,0,0,0,0,0,1,0.6642907818226547
0,0,0,0,9,1,1,74.85,708.2,0,0,0,1,0,0,1,0,0,0,0,0,0,0,0,0,0,0,0,0,1,0,0.5262866029849971
1,0,0,1,27,1,1,25.85,788.55,0,0,1,0,1,1,0,1,0,1,0,1,0,1,0,1,0,0,1,1,0,0,0.023288150089984284
1,1,1,0,7,1,1,101.95,700.85,1,0,1,1,0,0,0,0,0,0,1,0,0,0,1,0,1,0,0,0,1,0,0.8310031228366825
0,0,1,0,64,1,1,68.3,4378.8,0,0,0,0,0,0,0,0,1,0,1,0,1,0,0,0,1,0,1,0,0,1,0.014472360944189725
1,0,0,0,70,0,0,48.4,3442.8,0,1,0,0,0,0,1,0,0,0,1,0,1,0,0,0,1,0,1,0,0,0,0.007532820917458627
1,1,0,0,2,1,1,94.0,181.7,1,0,1,1,0,0,0,0,0,0,0,0,0,0,1,0,1,0,0,0,1,0,0.8495386859484131
1,1,0,0,67,1,1,105.05,7171.7,0,0,0,1,0,0,1,0,1,0,0,0,1,0,1,0,1,0,1,0,1,0,0.07751607954748696
0,0,0,0,45,1,1,89.3,4016.85,1,0,1,1,0,0,0,0,1,0,0,0,0,0,1,0,0,0,0,1,0,0,0.34791632108885356
0,0,0,0,24,1,0,25.15,553.0,0,0,1,0,1,1,0,1,0,1,0,1,0,1,0,1,0,0,1,1,0,0,0.02541302413771482
1,0,1,1,4,1,0,19.5,96.85,0,0,0,0,1,1,0,1,0,1,0,1,0,1,0,1,0,0,1,1,0,0,0.0465439824502897
1,0,1,1,44,1,1,92.95,4122.9,0,0,0,1,0,0,0,0,0,0,1,0,0,0,1,0,1,0,0,0,0,0,0.38449952171293567
0,0,1,1,72,1,1,20.7,1482.3,0,0,0,0,1,1,0,1,0,1,0,1,0,1,0,1,0,0,1,0,0,1,0.0019392645825920102
0,0,0,0,1,1,1,74.3,74.3,1,0,0,1,0,0,0,0,1,0,0,0,0,0,0,0,0,0,0,1,0,0,0.5782726680850422
1,0,0,0,66,1,0,19.35,1240.8,0,0,0,0,1,1,0,1,0,1,0,1,0,1,0,1,0,0,1,0,0,0,0.0024003657091543657
1,0,0,0,1,0,1,44.65,44.65,1,1,0,0,0,0,0,0,1,0,0,0,1,0,0,0,1,0,0,0,0,1,0.4980546397836832
1,0,1,1,13,1,0,84.05,1095.3,1,0,0,1,0,0,1,0,0,0,0,0,0,0,0,0,1,0,0,0,1,0,0.44146275465520707
1,0,0,0,10,1,1,80.7,788.8,1,0,1,1,0,0,0,0,1,0,0,0,0,0,0,0,0,0,0,0,0,0,0.5755110764416832
1,1,1,0,65,1,1,104.35,6578.55,0,0,1,1,0,0,0,0,1,0,1,0,0,0,1,0,1,0,0,0,1,0,0.46812838842606724
1,0,0,1,1,1,0,19.55,19.55,0,0,0,0,1,1,0,1,0,1,0,1,0,1,0,1,0,0,0,0,0,1,0.17428110465634805
1,0,1,1,38,1,0,74.05,2802.3,0,0,0,0,0,0,1,0,1,0,1,0,1,0,1,0,0,1,0,0,1,0,0.035487890732432976
1,0,0,1,23,0,0,40.1,857.75,0,1,0,0,0,0,1,0,0,0,1,0,1,0,0,0,0,0,1,0,0,1,0.03122223390708714
0,0,1,0,10,1,0,20.1,184.4,0,0,0,0,1,1,0,1,0,1,0,1,0,1,0,1,0,1,0,0,0,1,0.07630009470099292
1,0,0,1,4,1,1,101.7,364.55,1,0,1,1,0,0,0,0,1,0,0,0,0,0,1,0,1,0,0,0,1,0,0.7391697393704553
1,0,1,1,72,1,1,83.55,6093.3,0,0,1,0,0,0,1,0,0,0,1,0,1,0,1,0,1,0,1,1,0,0,0.0124545131328455
0,0,1,0,35,1,0,56.85,1861.1,0,0,0,0,0,0,0,0,1,0,0,0,1,0,0,0,0,0,0,0,1,0,0.10032683049445769
0,0,0,0,1,1,0,20.4,20.4,1,0,0,0,1,1,0,1,0,1,0,1,0,1,0,1,0,0,0,0,0,1,0.21204830674608682
0,0,1,1,58,1,0,19.55,1079.65,0,0,0,0,1,1,0,1,0,1,0,1,0,1,0,1,0,0,1,1,0,0,0.002803635203091077
1,0,1,1,70,1,1,106.15,7475.1,0,0,0,1,0,0,0,0,1,0,1,0,1,0,1,0,1,1,0,0,1,0,0.11528547070505855
1,0,1,1,38,1,0,78.95,2862.55,0,0,1,0,0,0,0,0,1,0,1,0,0,0,1,0,1,1,0,1,0,0,0.08727000244934821
0,0,1,1,60,0,1,49.75,3069.45,0,1,0,0,0,0,0,0,1,0,0,0,0,0,1,0,1,0,0,0,1,0,0.15140144474495346
1,0,0,0,26,1,1,92.4,2349.8,0,0,1,1,0,0,1,0,1,0,0,0,0,0,1,0,0,0,0,1,0,0,0.38223695908397565
0,0,0,0,8,1,0,58.2,469.25,0,0,0,0,0,0,1,0,1,0,0,0,1,0,0,0,0,1,0,0,0,0,0.07511932317371306
1,0,1,1,41,1,1,102.6,4213.35,1,0,1,1,0,0,0,0,0,0,1,0,1,0,1,0,1,1,0,0,1,0,0.2789989328110382
0,1,1,0,36,1,1,91.95,3301.05,0,0,1,1,0,0,0,0,1,0,0,0,0,0,1,0,0,0,0,1,0,0,0.4917940322285111
1,1,0,0,54,1,0,65.25,3529.95,0,0,0,0,0,0,0,0,0,0,1,0,1,0,0,0,1,1,0,0,0,0,0.03597510369496926
1,0,1,1,71,1,1,106.0,7723.7,1,0,1,1,0,0,0,0,1,0,1,0,0,0,1,0,1,0,1,0,0,0,0.10118620331438415
0,0,0,0,55,1,1,73.1,4144.9,0,0,1,1,0,0,0,0,0,0,0,0,0,0,0,0,0,0,0,0,1,0,0.29459025891757984
0,0,0,0,72,1,0,59.75,4265.0,0,0,1,0,0,0,1,0,1,0,0,0,0,0,0,0,0,0,1,0,0,0,0.006459046529034203
0,0,0,1,3,1,1,55.1,154.65,1,0,0,0,0,0,1,0,0,0,0,0,1,0,0,0,0,0,0,0,0,1,0.18881195544687449
0,0,1,1,54,1,1,59.8,3246.45,0,0,1,0,0,0,0,0,1,0,1,0,0,0,0,0,0,0,1,0,0,0,0.022851132601683116
1,0,1,1,72,1,1,116.6,8337.45,0,0,1,1,0,0,1,0,1,0,1,0,1,0,1,0,1,0,1,0,0,0,0.050562626339922506
1,0,0,0,52,1,1,109.3,5731.4,0,0,1,1,0,0,1,0,0,0,1,0,1,0,1,0,1,0,1,0,1,0,0.12276699215038425
0,1,0,0,60,1,1,101.4,6176.6,0,0,1,1,0,0,1,0,0,0,0,0,0,0,1,0,1,1,0,0,0,0,0.21122702356033868
0,0,0,0,39,0,1,50.65,1905.4,0,1,0,0,0,0,0,0,0,0,1,0,0,0,1,0,1,0,0,1,0,0,0.2730564659164118
0,0,0,0,15,1,0,56.15,931.9,0,0,0,0,0,0,0,0,0,0,0,0,0,0,1,0,0,1,0,0,0,1,0.16155648823513724
1,0,0,0,69,1,1,106.5,7348.8,1,0,1,1,0,0,0,0,0,0,1,0,1,0,1,0,1,0,1,0,0,0,0.08970538909935974
1,0,1,1,43,1,1,19.2,776.25,0,0,0,0,1,1,0,1,0,1,0,1,0,1,0,1,0,1,0,0,0,1,0.014352766279378511
0,1,0,0,63,1,0,83.0,5243.05,0,0,1,0,0,0,1,0,1,0,1,0,1,0,1,0,0,1,0,0,0,0,0.02511839970885859
1,1,1,0,2,1,0,70.1,141.65,0,0,0,1,0,0,0,0,0,0,0,0,0,0,0,0,0,0,0,0,1,0,0.6887518753318047
0,0,1,1,72,1,1,108.3,7679.65,0,0,0,1,0,0,1,0,1,0,1,0,1,0,1,0,1,0,1,0,0,0,0.03599325425790097
0,0,1,1,32,1,1,91.05,2954.5,1,0,1,1,0,0,0,0,0,0,1,0,0,0,0,0,1,0,0,0,0,0,0.4684752228846129
1,0,1,1,40,1,0,25.25,1006.9,0,0,1,0,1,1,0,1,0,1,0,1,0,1,0,1,0,0,1,1,0,0,0.00942585917298242
0,0,1,0,58,0,1,45.35,2540.1,0,1,0,0,0,0,1,0,1,0,0,0,0,0,1,0,0,1,0,0,1,0,0.047410092304076515
1,0,0,0,67,0,0,43.9,3097.2,0,1,0,0,0,0,1,0,0,0,0,0,1,0,1,0,0,0,1,0,1,0,0.010569615652797347
0,1,1,0,51,1,1,77.5,3807.35,1,0,1,1,0,0,1,0,0,0,0,0,0,0,0,0,0,0,0,0,1,0,0.2944393267134887
1,0,1,0,31,1,1,79.3,2484.0,0,0,1,0,0,0,0,0,0,0,1,0,1,0,1,0,1,1,0,0,0,1,0.1429587156929886
1,1,1,0,69,1,1,84.9,5785.65,0,0,1,1,0,0,1,0,1,0,0,0,0,0,0,0,0,0,0,1,0,0,0.1292059968124416
1,0,1,0,32,1,1,79.25,2619.15,0,0,1,1,0,0,0,0,0,0,0,0,1,0,0,0,0,1,0,0,1,0,0.23994486809573892
0,0,0,0,21,1,0,71.05,1524.85,0,0,0,0,0,0,1,0,1,0,0,0,1,0,1,0,0,0,1,1,0,0,0.0316498963409539
1,0,0,0,52,1,0,53.75,2790.65,0,0,0,0,0,0,1,0,0,0,1,0,0,0,0,0,0,1,0,0,1,0,0.025536820846587666
0,0,1,1,72,1,0,24.25,1784.5,0,0,1,0,1,1,0,1,0,1,0,1,0,1,0,1,0,0,1,1,0,0,0.0019016707390339
0,0,1,0,72,0,1,54.2,3937.45,1,1,0,0,0,0,0,0,1,0,1,0,0,0,1,0,1,0,1,0,1,0,0.03718122642254666
1,0,1,1,52,0,0,44.25,2276.1,0,1,0,0,0,0,1,0,0,0,1,0,0,0,0,0,1,1,0,0,0,0,0.032506074962977693
0,0,0,0,41,1,0,50.05,2029.05,0,0,0,0,0,0,0,0,0,0,0,0,1,0,0,0,0,1,0,0,0,0,0.03144689092717727
1,0,0,0,41,1,0,20.15,802.35,0,0,0,0,1,1,0,1,0,1,0,1,0,1,0,1,0,0,1,0,0,1,0.008547875041140627
0,0,0,0,6,1,1,69.25,418.4,1,0,0,1,0,0,0,0,0,0,0,0,0,0,0,0,0,0,0,0,0,1,0.5795007508923147
1,0,1,1,67,1,1,69.35,4653.25,0,0,1,0,0,0,1,0,1,0,1,0,1,0,0,0,0,1,0,1,0,0,0.010107249482565422
0,0,1,1,16,1,0,19.35,275.9,0,0,0,0,1,1,0,1,0,1,0,1,0,1,0,1,0,0,0,0,0,1,0.09291635876580465
1,0,0,0,17,1,0,19.15,343.45,0,0,0,0,1,1,0,1,0,1,0,1,0,1,0,1,0,0,1,0,0,1,0.03024844367040393
1,0,1,0,35,1,0,61.0,2130.45,0,0,0,0,0,0,1,0,1,0,1,0,0,0,0,0,0,0,0,0,0,1,0.075106340189442
0,0,1,1,58,1,0,20.5,1191.4,0,0,0,0,1,1,0,1,0,1,0,1,0,1,0,1,0,0,1,1,0,0,0.002874319250258719
1,0,0,0,1,1,1,50.5,50.5,1,0,0,0,0,0,0,0,0,0,1,0,0,0,0,0,0,0,0,0,1,0,0.4965831603555479
1,0,1,1,52,0,0,50.2,2554.0,0,1,0,0,0,0,0,0,1,0,1,0,1,0,1,0,0,0,1,0,0,1,0.017535436533369808
0,0,0,0,70,1,0,79.6,5589.45,0,0,0,0,0,0,1,0,0,0,1,0,1,0,1,0,1,0,1,0,0,0,0.01014290942402873
0,0,1,1,19,1,1,24.9,467.7,0,0,1,0,1,1,0,1,0,1,0,1,0,1,0,1,0,0,1,0,0,0,0.04140489182766282
1,1,0,0,1,1,1,74.4,74.4,1,0,1,1,0,0,0,0,0,0,0,0,0,0,0,0,0,0,0,0,1,0,0.7827813951527877
0,0,1,1,35,1,1,106.9,3756.45,0,0,0,1,0,0,1,0,0,0,1,0,1,0,1,0,1,0,0,0,1,0,0.34092471494760457
0,0,0,0,32,1,1,101.35,3334.9,0,0,1,1,0,0,0,0,0,0,1,0,0,0,1,0,1,0,0,0,1,0,0.6577465677122414
0,0,1,1,17,1,1,55.35,920.5,0,0,0,0,0,0,1,0,0,0,0,0,1,0,0,0,0,0,0,1,0,0,0.11162768396372603
0,0,1,1,67,1,0,50.55,3431.75,0,0,0,0,0,0,0,0,1,0,0,0,0,0,0,0,0,1,0,1,0,0,0.010613817610523152
0,0,0,0,9,1,0,19.5,150.35,0,0,0,0,1,1,0,1,0,1,0,1,0,1,0,1,0,0,0,0,0,0,0.15724290506854788
1,0,0,1,31,1,1,79.45,2587.7,1,0,1,0,0,0,0,0,1,0,0,0,1,0,1,0,1,1,0,0,0,1,0.10637794320918796
1,0,0,0,4,1,0,90.65,367.95,0,0,1,1,0,0,1,0,0,0,0,0,0,0,1,0,0,0,0,0,1,0,0.6053927264679438
1,1,1,1,58,1,1,89.85,5125.75,0,0,1,1,0,0,1,0,1,0,0,0,1,0,0,0,0,1,0,0,0,0,0.061505553616567225
1,0,0,0,60,1,0,79.0,4801.1,0,0,0,0,0,0,1,0,0,0,1,0,1,0,1,0,1,1,0,0,0,1,0.02232230076918301
1,0,0,0,58,1,1,104.65,6219.6,1,0,1,1,0,0,0,0,0,0,1,0,1,0,1,0,1,1,0,0,1,0,0.23337902477522796
1,0,0,0,1,1,0,19.55,19.55,0,0,0,0,1,1,0,1,0,1,0,1,0,1,0,1,0,0,0,0,0,1,0.2079559126842799
0,0,1,1,27,1,0,19.9,550.1,0,0,0,0,1,1,0,1,0,1,0,1,0,1,0,1,0,0,1,0,0,1,0.015701394493458046
1,1,1,1,66,1,1,116.25,7862.25,0,0,1,1,0,0,1,0,1,0,1,0,1,0,1,0,1,1,0,0,1,0,0.16053736252685374
1,0,0,0,15,1,1,87.75,1242.2,0,0,1,1,0,0,1,0,0,0,0,0,0,0,1,0,0,0,0,0,0,0,0.5195396023427411
1,1,1,0,47,1,1,100.05,4871.05,1,0,1,1,0,0,0,0,0,0,1,0,0,0,1,0,1,0,0,0,1,0,0.6289390310921876
0,0,0,0,41,1,1,81.3,3190.65,0,0,1,1,0,0,1,0,0,0,0,0,0,0,0,0,0,0,0,1,0,0,0.22835088674392176
1,0,1,0,59,0,1,44.3,2666.75,0,1,0,0,0,0,0,0,0,0,0,0,0,0,1,0,1,0,0,0,1,0,0.18614065829140988
0,0,0,1,50,1,0,70.35,3533.6,0,0,0,1,0,0,0,0,0,0,0,0,0,0,0,0,0,0,1,1,0,0,0.03973360890014156
1,0,1,1,17,0,0,44.45,792.15,0,1,0,0,0,0,1,0,0,0,1,0,0,0,1,0,0,1,0,1,0,0,0.1267717765708388
1,0,1,1,6,1,1,49.15,295.65,0,0,0,0,0,0,1,0,0,0,0,0,0,0,0,0,0,0,0,0,1,0,0.30674415447880576
1,1,1,0,51,0,1,29.45,1459.35,0,1,0,0,0,0,0,0,1,0,0,0,0,0,0,0,0,0,0,1,0,0,0.1083921827591937
1,0,0,0,44,1,0,100.55,4398.15,1,0,0,1,0,0,0,0,1,0,0,0,1,0,1,0,1,0,0,0,1,0,0.31665824770586426
1,0,1,0,49,1,1,85.3,4297.95,0,0,0,1,0,0,0,0,1,0,0,0,0,0,1,0,0,0,0,1,0,0,0.2709481966928403
1,0,0,0,2,1,0,95.65,167.3,1,0,0,1,0,0,0,0,1,0,0,0,0,0,1,0,1,0,0,0,1,0,0.6976433328940547
1,0,1,0,59,1,1,69.1,4096.9,0,0,1,0,0,0,1,0,0,0,0,0,1,0,0,0,1,1,0,0,0,1,0.026579510126445095
1,1,0,0,50,1,1,70.35,3454.6,0,0,1,0,0,0,1,0,1,0,0,0,0,0,1,0,0,0,0,0,0,0,0.1218848350462613
0,0,1,1,59,1,0,20.6,1286.0,0,0,0,0,1,1,0,1,0,1,0,1,0,1,0,1,0,0,1,0,0,1,0.002992865352023082
1,0,0,0,18,1,0,74.15,1387.0,0,0,1,1,0,0,0,0,0,0,0,0,0,0,0,0,0,0,0,0,0,1,0.45576551636590334
1,0,0,0,10,1,0,75.05,786.3,0,0,1,1,0,0,0,0,0,0,0,0,0,0,0,0,0,0,0,0,1,0,0.6056944659152007
1,0,1,0,14,1,0,44.6,641.25,0,0,0,0,0,0,0,0,0,0,0,0,0,0,0,0,0,1,0,0,1,0,0.17582953547361124
1,0,0,0,35,1,0,21.45,705.45,0,0,0,0,1,1,0,1,0,1,0,1,0,1,0,1,0,0,1,0,0,0,0.012318182106294822
1,0,1,1,8,1,1,43.45,345.5,0,0,0,0,0,0,0,0,0,0,0,0,0,0,0,0,0,1,0,0,0,1,0.1761966781885535
1,0,1,1,18,1,0,20.05,345.9,0,0,0,0,1,1,0,1,0,1,0,1,0,1,0,1,0,1,0,0,0,0,0.04271319794546266
0,0,1,1,60,1,0,94.15,5811.8,0,0,1,1,0,0,1,0,1,0,0,0,0,0,1,0,0,1,0,0,0,0,0.07752755487834276
0,0,0,0,1,1,0,94.4,94.4,1,0,0,1,0,0,0,0,0,0,1,0,0,0,1,0,1,0,0,0,1,0,0.7345313402594164
0,0,0,0,6,1,0,19.55,124.45,0,0,0,0,1,1,0,1,0,1,0,1,0,1,0,1,0,0,1,0,0,1,0.05434334009692228
0,0,0,1,19,1,1,75.9,1375.6,0,0,1,0,0,0,1,0,1,0,0,0,1,0,1,0,0,0,0,0,0,1,0.15275927789529953
1,0,1,1,53,1,0,64.15,3491.55,0,0,1,0,0,0,1,0,1,0,0,0,1,0,0,0,0,1,0,0,0,0,0.014294260225237339
1,1,1,0,72,1,1,109.55,7920.7,0,0,1,1,0,0,1,0,1,0,1,0,0,0,1,0,1,0,1,0,0,0,0.10536736809734173
0,0,1,0,60,1,1,110.8,6640.7,0,0,1,1,0,0,0,0,1,0,1,0,1,0,1,0,1,0,1,1,0,0,0.10287096465820104
0,0,0,0,1,1,1,55.0,55.0,1,0,0,0,0,0,0,0,0,0,0,0,0,0,1,0,0,0,0,1,0,0,0.46911457032998005
0,0,0,1,13,1,0,53.45,718.1,0,0,0,0,0,0,0,0,0,0,1,0,1,0,0,0,0,0,0,0,0,1,0.15358888570159507
0,0,1,1,5,1,0,69.95,320.4,0,0,0,1,0,0,0,0,0,0,0,0,0,0,0,0,0,0,0,1,0,0,0.4573832952049672
1,0,0,0,1,1,1,101.45,101.45,1,0,1,1,0,0,0,0,0,0,1,0,0,0,1,0,1,0,0,0,1,0,0.8113681407161493
1,0,1,1,13,1,0,97.0,1334.45,0,0,0,1,0,0,0,0,0,0,1,0,0,0,1,0,1,0,0,0,1,0,0.6135464695590273
1,0,0,0,37,1,1,90.6,3358.65,0,0,1,0,0,0,1,0,1,0,1,0,1,0,1,0,1,1,0,0,0,0,0.0792173723025486
1,0,1,0,64,1,1,73.55,4764.0,0,0,0,1,0,0,1,0,0,0,0,0,0,0,0,0,0,0,0,0,0,1,0.10003854928194454
0,0,1,0,5,1,0,67.95,350.3,1,0,1,0,0,0,0,0,0,0,1,0,1,0,1,0,0,0,0,0,0,0,0.36084493429790304
0,0,1,0,61,1,1,94.35,5703.0,0,0,1,1,0,0,0,0,1,0,0,0,1,0,0,0,1,0,1,0,0,0,0.07087136961265195
0,0,0,0,1,1,1,69.5,69.5,1,0,0,1,0,0,0,0,0,0,0,0,0,0,0,0,0,0,0,0,1,0,0.6971508235557007
1,0,0,0,1,1,1,18.85,18.85,1,0,0,0,1,1,0,1,0,1,0,1,0,1,0,1,0,0,0,0,0,1,0.2578018202415927
1,0,0,0,26,1,0,19.4,525.55,0,0,0,0,1,1,0,1,0,1,0,1,0,1,0,1,0,1,0,0,0,1,0.03201928095131353
0,0,0,0,1,1,1,69.2,69.2,1,0,0,1,0,0,0,0,0,0,0,0,0,0,0,0,0,0,0,0,1,0,0.6977488931292819
1,0,1,0,24,1,0,19.75,483.15,0,0,0,0,1,1,0,1,0,1,0,1,0,1,0,1,0,0,1,0,0,1,0.021998403516542805
1,0,1,0,17,0,0,54.6,934.8,0,1,0,0,0,0,0,0,0,0,1,0,1,0,1,0,1,1,0,0,1,0,0.2687590784557038
0,0,0,1,26,0,1,29.8,786.5,0,1,0,0,0,0,0,0,0,0,1,0,0,0,0,0,0,0,0,0,0,1,0.2378859780031147
1,0,0,0,1,1,1,69.65,69.65,1,0,0,1,0,0,0,0,0,0,0,0,0,0,0,0,0,0,0,0,1,0,0.6898998234273853
1,1,1,0,40,1,0,101.85,4086.3,1,0,1,1,0,0,1,0,0,0,0,0,0,0,1,0,1,0,0,0,1,0,0.4959470516655926
1,0,0,0,52,1,1,103.05,5364.8,0,0,1,1,0,0,0,0,1,0,1,0,0,0,1,0,1,0,0,0,1,0,0.4928287669944204
0,0,0,0,1,1,1,82.3,82.3,1,0,0,1,0,0,0,0,1,0,1,0,0,0,0,0,0,0,0,0,1,0,0.6603774125825849
1,0,0,0,1,1,0,20.3,20.3,0,0,0,0,1,1,0,1,0,1,0,1,0,1,0,1,0,0,0,0,0,1,0.20679124367777266
0,0,0,0,21,0,0,35.1,770.4,0,1,0,0,0,0,1,0,0,0,0,0,1,0,0,0,0,0,1,0,0,1,0.044364554151319104
0,0,1,0,67,1,1,105.7,6816.95,0,0,1,1,0,0,0,0,1,0,1,0,0,0,1,0,1,1,0,0,0,0,0.1922860343094985
0,0,1,1,44,1,0,56.25,2419.55,0,0,0,0,0,0,1,0,0,0,0,0,1,0,0,0,0,0,0,0,0,0,0.03350852607962061
1,0,1,1,70,0,0,60.35,4138.7,0,1,0,0,0,0,0,0,1,0,1,0,1,0,1,0,1,1,0,0,1,0,0.029417319036531542
1,0,0,0,3,1,0,79.25,267.6,1,0,0,1,0,0,0,0,0,0,0,0,0,0,1,0,0,0,0,0,1,0,0.668187535277971
1,0,1,1,56,1,1,59.8,3457.45,0,0,0,0,0,0,1,0,1,0,1,0,0,0,0,0,0,0,1,0,0,0,0.010892089395267498
0,0,0,0,13,1,1,84.6,1115.2,1,0,1,1,0,0,0,0,0,0,0,0,0,0,0,0,1,0,0,0,1,0,0.7124762747958744
0,0,1,1,58,1,1,93.4,5435.6,1,0,1,1,0,0,1,0,1,0,0,0,0,0,0,0,1,0,0,0,0,0,0.1940855703731656
0,0,1,1,42,1,1,94.2,4186.3,1,0,1,1,0,0,0,0,0,0,0,0,0,0,1,0,1,0,0,0,1,0,0.5494566948153942
1,1,1,0,1,0,0,25.05,25.05,1,1,0,0,0,0,0,0,0,0,0,0,0,0,0,0,0,0,0,0,1,0,0.6563855364446518
0,0,1,1,46,1,0,99.65,4630.2,0,0,1,1,0,0,1,0,0,0,1,0,1,0,0,0,1,0,1,0,0,1,0.05132219570678556
0,0,1,1,63,1,1,50.65,3221.25,0,0,0,0,0,0,1,0,0,0,0,0,0,0,0,0,0,0,1,0,0,0,0.007966325250068839
1,0,0,0,11,1,1,60.9,688.5,0,0,0,0,0,0,0,0,1,0,1,0,1,0,0,0,0,0,0,0,1,0,0.27722118977826626
1,0,1,1,15,1,1,59.65,867.1,0,0,1,0,0,0,0,0,0,0,1,0,1,0,0,0,0,0,0,0,0,0,0.22703832737327312
1,0,1,0,72,0,1,64.7,4746.05,0,1,0,0,0,0,1,0,1,0,1,0,1,0,1,0,1,0,1,0,1,0,0.019539148440666343
0,0,0,0,29,0,1,25.1,712.85,1,1,0,0,0,0,0,0,0,0,0,0,0,0,0,0,0,0,0,1,0,0,0.23192501199559826
1,0,0,1,1,1,0,48.95,48.95,1,0,0,0,0,0,0,0,0,0,1,0,0,0,0,0,0,0,0,0,1,0,0.37975924171913694
0,0,1,1,6,1,0,54.85,355.1,0,0,0,0,0,0,0,0,0,0,0,0,0,0,1,0,0,0,0,0,1,0,0.4088074615065144
1,0,0,0,1,1,0,45.3,45.3,1,0,0,0,0,0,0,0,0,0,0,0,0,0,0,0,0,0,0,0,1,0,0.43440872998559477
1,0,1,1,63,1,1,91.35,5764.7,0,0,1,1,0,0,0,0,1,0,0,0,0,0,0,0,1,1,0,0,1,0,0.1527215152197575
1,0,0,0,2,1,1,85.85,167.3,1,0,0,1,0,0,0,0,0,0,1,0,0,0,0,0,1,0,0,0,1,0,0.7271746886255251
0,0,1,1,18,1,0,25.1,428.45,0,0,1,0,1,1,0,1,0,1,0,1,0,1,0,1,0,0,1,0,0,1,0.03144224776825369
0,0,1,0,43,0,0,34.0,1505.35,0,1,0,0,0,0,1,0,0,0,0,0,1,0,0,0,0,0,0,0,0,0,0.06082197571663946
0,0,0,0,15,0,0,45.9,693.45,0,1,0,0,0,0,1,0,1,0,1,0,1,0,0,0,0,1,0,0,0,1,0.08659892642892482
1,0,0,1,10,1,0,95.2,930.4,1,0,1,1,0,0,0,0,0,0,0,0,0,0,1,0,1,0,0,0,1,0,0.673692556932518
1,0,1,1,55,1,0,20.5,1177.95,0,0,0,0,1,1,0,1,0,1,0,1,0,1,0,1,0,0,1,0,0,1,0.00355007172935616
1,0,0,1,49,1,1,100.6,5069.65,1,0,1,1,0,0,0,0,0,0,0,0,1,0,1,0,1,1,0,0,0,0,0.18466242361928928
1,0,1,1,6,1,1,55.3,324.25,1,0,0,0,0,0,0,0,1,0,1,0,0,0,0,0,0,0,0,0,0,1,0.3011306922838627
1,0,1,1,70,1,0,20.35,1458.1,0,0,0,0,1,1,0,1,0,1,0,1,0,1,0,1,0,0,1,1,0,0,0.001490794818315491
1,1,0,0,2,1,1,74.85,156.4,1,0,1,1,0,0,0,0,0,0,0,0,0,0,0,0,0,0,0,0,0,1,0.7143145342201646
1,1,1,0,63,0,0,36.1,2298.9,0,1,0,0,0,0,1,0,0,0,0,0,1,0,0,0,0,1,0,0,0,0,0.014484277467881295
0,0,0,0,25,1,1,65.8,1679.65,0,0,0,0,0,0,0,0,1,0,0,0,1,0,0,0,1,0,0,0,0,0,0.1899458849691799
0,1,0,0,18,1,0,20.35,369.6,0,0,0,0,1,1,0,1,0,1,0,1,0,1,0,1,0,1,0,0,0,0,0.06638123705093764
1,1,1,0,28,1,1,105.8,2998.0,0,0,1,1,0,0,0,0,1,0,0,0,1,0,1,0,1,0,0,0,1,0,0.6329509503339301
0,1,0,0,53,1,1,96.75,5206.55,0,0,0,1,0,0,1,0,1,0,0,0,1,0,0,0,1,1,0,0,0,1,0.09502368457248567
1,0,0,0,35,1,1,102.35,3626.1,1,0,0,1,0,0,0,0,1,0,1,0,0,0,1,0,1,1,0,0,0,0,0.3014515722641579
1,0,0,0,1,0,0,24.4,24.4,0,1,0,0,0,0,0,0,0,0,0,0,0,0,0,0,0,0,0,0,0,1,0.5042238721936786
1,0,1,0,70,1,0,115.65,7968.85,1,0,1,1,0,0,1,0,1,0,1,0,1,0,1,0,1,1,0,1,0,0,0.07139099559235469
1,0,0,0,2,1,1,79.85,152.45,1,0,0,1,0,0,0,0,0,0,1,0,1,0,0,0,0,0,0,0,1,0,0.5788879044077049
0,0,1,0,26,1,1,73.05,1959.5,0,0,0,0,0,0,0,0,1,0,0,0,1,0,1,0,1,0,0,0,1,0,0.29931390739788327
0,0,0,0,34,1,0,64.35,2053.05,0,0,0,0,0,0,1,0,1,0,0,0,0,0,0,0,1,1,0,0,1,0,0.0669686452297294
0,0,0,1,19,1,0,20.5,398.55,0,0,0,0,1,1,0,1,0,1,0,1,0,1,0,1,0,0,1,0,0,1,0.022586922126532717
1,0,0,0,15,1,1,76.0,1130.85,1,0,1,1,0,0,0,0,0,0,0,0,0,0,0,0,0,0,0,0,0,1,0.5439914848352759
0,0,1,1,62,1,0,54.75,3425.35,0,0,0,0,0,0,1,0,0,0,1,0,0,0,0,0,0,1,0,1,0,0,0.01012644364257896
0,1,0,0,42,1,1,104.75,4323.45,1,0,1,1,0,0,0,0,1,0,1,0,0,0,1,0,1,0,0,0,0,0,0.5618823172369426
0,0,0,0,9,1,1,74.65,703.55,1,0,0,0,0,0,1,0,1,0,0,0,0,0,1,0,1,0,0,0,1,0,0.42015318368429144
1,0,0,0,24,1,1,51.15,1275.7,0,0,0,0,0,0,1,0,0,0,0,0,0,0,0,0,0,0,0,0,1,0,0.19337710969516372
1,1,1,0,68,0,1,41.95,2965.75,0,1,0,0,0,0,1,0,1,0,1,0,0,0,0,0,0,0,1,0,1,0,0.017377367354950005
1,0,1,1,31,1,0,54.35,1647.0,0,0,0,0,0,0,0,0,0,0,1,0,1,0,0,0,0,0,0,0,0,1,0.07749717745388546
0,0,0,0,1,1,1,56.25,56.25,1,0,0,0,0,0,0,0,0,0,0,0,0,0,0,0,1,0,0,0,1,0,0.5696278988547328
1,0,1,0,21,1,1,106.1,2249.95,1,0,1,1,0,0,0,0,0,0,1,0,1,0,1,0,1,0,0,0,1,0,0.6378679589692638
0,0,1,0,63,1,1,96.0,6109.75,0,0,0,1,0,0,0,0,1,0,0,0,0,0,1,0,1,1,0,0,1,0,0.20674611489754208
0,1,0,0,2,1,1,79.75,159.4,1,0,0,1,0,0,0,0,0,0,0,0,0,0,0,0,1,0,0,0,0,0,0.737714254578549
0,0,1,1,61,0,1,61.45,3751.15,0,1,0,0,0,0,0,0,1,0,1,0,1,0,1,0,1,0,1,0,0,0,0.02672611209458083
0,0,0,0,1,1,0,68.65,68.65,1,0,0,1,0,0,0,0,0,0,0,0,0,0,0,0,0,0,0,0,1,0,0.6384273246653452
1,0,0,0,18,1,0,19.65,411.25,0,0,0,0,1,1,0,1,0,1,0,1,0,1,0,1,0,1,0,0,0,1,0.048610373097624233
0,0,1,1,6,1,0,19.0,105.5,0,0,0,0,1,1,0,1,0,1,0,1,0,1,0,1,0,1,0,1,0,0,0.07169853257206821
0,0,0,0,33,1,1,100.0,3320.6,0,0,1,1,0,0,0,0,1,0,0,0,0,0,1,0,1,0,0,0,1,0,0.6231586906084035
1,0,0,0,16,1,0,20.25,327.45,1,0,0,0,1,1,0,1,0,1,0,1,0,1,0,1,0,0,0,0,0,0,0.11126772264535645
0,0,1,0,56,1,1,98.7,5669.5,0,0,0,1,0,0,0,0,0,0,1,0,1,0,1,0,1,0,0,0,1,0,0.35099285901060046
1,0,0,1,23,1,0,19.8,465.45,0,0,0,0,1,1,0,1,0,1,0,1,0,1,0,1,0,1,0,0,0,1,0.030108090557629606
1,0,0,0,9,1,1,73.8,704.3,0,0,0,1,0,0,0,0,0,0,1,0,0,0,0,0,0,0,0,0,1,0,0.6242098850263376
0,1,1,0,14,1,1,100.2,1369.8,1,0,1,1,0,0,0,0,1,0,0,0,0,0,1,0,1,0,0,0,1,0,0.7915350208612455
1,0,1,1,15,1,1,74.9,1107.25,1,0,1,1,0,0,0,0,0,0,0,0,0,0,0,0,0,0,0,0,0,0,0.5170771923631329
1,0,0,0,5,1,0,20.05,95.55,0,0,0,0,1,1,0,1,0,1,0,1,0,1,0,1,0,0,0,1,0,0,0.16430162227113612
1,0,1,0,61,1,1,106.2,6375.2,0,0,1,1,0,0,1,0,1,0,0,0,0,0,1,0,1,0,0,0,1,0,0.3412609511630215
1,0,1,1,70,1,1,116.55,8152.3,0,0,1,1,0,0,1,0,1,0,1,0,1,0,1,0,1,0,1,1,0,0,0.04743590794313635
1,0,0,0,15,1,1,99.7,1566.75,0,0,1,1,0,0,1,0,0,0,0,0,0,0,1,0,1,0,0,0,1,0,0.6620893180479609
1,0,1,1,8,1,0,19.7,130.25,0,0,0,0,1,1,0,1,0,1,0,1,0,1,0,1,0,0,1,0,0,1,0.04007981593105044
0,0,1,1,8,1,0,19.5,162.15,0,0,0,0,1,1,0,1,0,1,0,1,0,1,0,1,0,0,1,0,0,1,0.04182425518144593
0,0,0,0,4,0,1,29.15,110.05,0,1,0,0,0,0,1,0,0,0,0,0,0,0,0,0,0,0,0,0,0,1,0.4318992579900458
0,0,0,0,34,1,0,55.0,1885.15,0,0,0,0,0,0,1,0,1,0,0,0,0,0,0,0,0,1,0,0,0,1,0.036848652760009724
1,0,1,0,68,1,1,90.8,6302.85,0,0,1,0,0,0,1,0,1,0,1,0,1,0,1,0,1,0,1,1,0,0,0.018000413683530562
0,0,1,1,45,0,0,51.0,2264.5,0,1,0,0,0,0,0,0,1,0,1,0,1,0,0,0,1,1,0,0,0,0,0.044560329352679305
0,1,0,0,9,1,1,90.1,816.8,0,0,1,1,0,0,0,0,0,0,1,0,0,0,1,0,0,0,0,0,1,0,0.7803076051396297
0,0,0,0,22,1,1,59.05,1253.5,0,0,1,0,0,0,1,0,0,0,0,0,1,0,0,0,0,0,0,0,0,1,0.14237875845488826
0,0,0,0,2,1,0,20.3,41.2,0,0,0,0,1,1,0,1,0,1,0,1,0,1,0,1,0,0,0,0,0,1,0.20354146972068113
1,0,1,0,70,1,0,72.95,5265.55,0,0,1,0,0,0,0,0,1,0,1,0,1,0,1,0,0,0,1,0,0,0,0.012777700788809137
0,0,0,1,10,1,0,73.55,693.3,0,0,1,0,0,0,1,0,0,0,1,0,1,0,0,0,1,1,0,1,0,0,0.08722778821555104
1,0,0,0,72,1,0,84.3,5997.1,0,0,1,0,0,0,1,0,0,0,1,0,1,0,1,0,1,0,1,1,0,0,0.01083364972061955
0,0,1,1,49,1,0,78.0,3824.2,0,0,0,0,0,0,0,0,1,0,1,0,0,0,1,0,1,1,0,1,0,0,0.05081421873219296
0,1,0,0,54,1,0,72.1,3886.05,0,0,1,0,0,0,0,0,1,0,0,0,1,0,1,0,0,1,0,0,0,1,0.042266712014277216
0,0,0,0,71,1,1,106.75,7283.25,0,0,1,1,0,0,1,0,1,0,1,0,0,0,1,0,1,0,1,1,0,0,0.06577906044735361
0,0,0,0,22,1,1,19.25,412.55,0,0,0,0,1,1,0,1,0,1,0,1,0,1,0,1,0,1,0,0,0,1,0.05215568050945077
0,0,1,1,50,1,0,20.55,1070.25,0,0,0,0,1,1,0,1,0,1,0,1,0,1,0,1,0,0,1,1,0,0,0.004432180476849156
0,0,1,1,43,1,0,20.0,817.95,0,0,0,0,1,1,0,1,0,1,0,1,0,1,0,1,0,1,0,0,0,1,0.011374547067183431
0,0,1,1,45,1,1,24.65,1171.3,0,0,1,0,1,1,0,1,0,1,0,1,0,1,0,1,0,0,1,1,0,0,0.010072627767982718
1,1,0,0,64,1,1,103.5,6548.65,0,0,1,1,0,0,1,0,1,0,0,0,0,0,1,0,1,0,0,0,0,0,0.3069294414051928
0,0,1,1,23,1,0,23.85,625.65,0,0,1,0,1,1,0,1,0,1,0,1,0,1,0,1,0,0,1,0,0,1,0.0253277598191406
0,0,1,0,68,1,0,25.8,1911.5,0,0,1,0,1,1,0,1,0,1,0,1,0,1,0,1,0,0,1,1,0,0,0.0030641568273719316
0,0,0,0,1,1,1,70.85,70.85,1,0,0,1,0,0,0,0,0,0,0,0,0,0,0,0,0,0,0,0,1,0,0.6944512533347313
1,0,0,0,2,1,1,69.8,134.7,1,0,0,1,0,0,0,0,0,0,0,0,0,0,0,0,0,0,0,1,0,0,0.5891152329180984
1,0,0,0,26,1,0,59.45,1507.0,0,0,0,0,0,0,0,0,0,0,0,0,1,0,1,0,0,1,0,1,0,0,0.06719092873325336
1,0,1,0,55,0,1,54.55,2978.3,1,1,0,0,0,0,0,0,0,0,1,0,1,0,1,0,1,0,0,0,0,0,0.13449192811511362
1,0,0,0,14,1,1,20.05,299.3,0,0,0,0,1,1,0,1,0,1,0,1,0,1,0,1,0,0,0,0,1,0,0.1941313636044325
1,0,1,0,71,1,1,82.55,5832.65,0,0,0,0,0,0,1,0,0,0,1,0,1,0,1,0,1,0,1,0,1,0,0.017388960867175028
1,0,0,0,64,1,0,81.25,5567.55,0,0,1,0,0,0,1,0,1,0,1,0,1,0,1,0,0,1,0,0,1,0,0.025981064102034174
0,0,0,0,7,1,1,70.75,450.8,1,0,0,0,0,0,0,0,0,0,0,0,1,0,1,0,1,0,0,1,0,0,0.36751106099297937
0,0,0,0,57,1,1,74.3,4166.35,0,0,0,0,0,0,1,0,1,0,1,0,1,0,1,0,0,0,1,1,0,0,0.011328417744685395
0,0,1,0,13,1,0,94.1,1215.6,1,0,1,1,0,0,0,0,1,0,1,0,0,0,1,0,0,0,0,0,1,0,0.6356838399444146
0,0,1,1,3,0,0,29.7,91.7,1,1,0,0,0,0,1,0,0,0,0,0,0,0,0,0,0,0,0,1,0,0,0.3230375690239752
1,1,1,0,72,1,0,109.7,7898.45,0,0,1,1,0,0,0,0,1,0,1,0,1,0,1,0,1,0,1,1,0,0,0.07418942062557084
0,0,1,1,40,1,1,96.35,3915.4,0,0,1,1,0,0,0,0,1,0,1,0,0,0,1,0,0,0,0,1,0,0,0.35990284284329344
1,0,1,0,14,1,1,66.6,979.5,0,0,1,0,0,0,0,0,0,0,0,0,1,0,1,0,0,0,0,1,0,0,0.3075654109699062
1,0,1,1,2,1,1,44.5,90.05,0,0,0,0,0,0,0,0,0,0,0,0,0,0,0,0,0,0,0,0,1,0,0.4508777422505514
1,1,0,0,66,1,0,110.9,7432.05,1,0,1,1,0,0,0,0,1,0,1,0,1,0,1,0,1,1,0,1,0,0,0.1373906087230727
0,0,1,0,38,1,1,105.0,4026.4,1,0,1,1,0,0,0,0,0,0,1,0,1,0,1,0,1,0,0,0,1,0,0.5374978479370058
1,0,0,1,1,0,1,25.3,25.3,1,1,0,0,0,0,0,0,0,0,0,0,0,0,0,0,0,0,0,0,1,0,0.5964201780680382
1,0,0,0,22,1,1,55.15,1193.05,1,0,0,0,0,0,0,0,1,0,0,0,1,0,0,0,0,1,0,1,0,0,0.07082151608607479
1,0,0,0,1,1,1,20.1,20.1,1,0,0,0,1,1,0,1,0,1,0,1,0,1,0,1,0,0,0,0,0,1,0.25554866744372434
1,0,0,0,5,1,1,80.1,398.55,0,0,0,1,0,0,0,0,0,0,0,0,0,0,1,0,0,0,0,0,0,1,0.6364059654576314
1,0,1,1,29,1,0,69.05,1958.45,0,0,1,0,0,0,1,0,0,0,0,0,1,0,1,0,0,1,0,0,0,0,0.05041950695811246
1,0,1,1,1,1,1,69.9,69.9,1,0,0,1,0,0,0,0,0,0,0,0,0,0,0,0,0,0,0,0,0,1,0.5747103129637355
0,0,0,0,3,1,0,20.4,63.15,0,0,0,0,1,1,0,1,0,1,0,1,0,1,0,1,0,0,0,0,0,1,0.19504024071180076
1,0,1,1,71,1,0,19.7,1301.1,0,0,0,0,1,1,0,1,0,1,0,1,0,1,0,1,0,0,1,1,0,0,0.001348055198303801
1,0,0,1,9,1,1,50.1,484.05,0,0,0,0,0,0,0,0,1,0,0,0,0,0,0,0,0,0,0,0,1,0,0.3390508952141262
1,0,0,0,43,1,1,101.4,4528.0,1,0,1,1,0,0,0,0,1,0,0,0,0,0,1,0,1,0,0,0,1,0,0.5587825038674121
0,0,0,0,48,1,1,83.45,3887.85,0,0,1,0,0,0,1,0,1,0,1,0,0,0,1,0,1,1,0,1,0,0,0.06963166515560147
1,0,0,0,26,1,1,86.65,2208.75,0,0,1,1,0,0,1,0,1,0,0,0,0,0,0,0,0,0,0,1,0,0,0.3117724385049581
0,0,0,0,9,1,0,20.15,238.15,0,0,0,0,1,1,0,1,0,1,0,1,0,1,0,1,0,0,0,0,0,0,0.15998652556432724
1,0,0,0,1,1,1,80.8,80.8,1,0,0,1,0,0,0,0,0,0,0,0,0,0,0,0,1,0,0,0,1,0,0.7380831170333153
0,0,1,1,46,1,0,19.4,958.15,0,0,0,0,1,1,0,1,0,1,0,1,0,1,0,1,0,0,1,1,0,0,0.005478521692982517
1,0,0,0,2,1,0,62.05,118.3,1,0,1,0,0,0,0,0,0,0,0,0,0,0,0,0,1,0,0,0,0,0,0.4688398535094686
1,1,0,0,1,1,1,76.45,76.45,1,0,1,1,0,0,0,0,0,0,0,0,0,0,0,0,0,0,0,0,1,0,0.7794702135070083
1,0,1,1,64,0,1,60.05,3845.45,0,1,0,0,0,0,1,0,0,0,1,0,1,0,1,0,1,0,1,0,0,0,0.016494674918178735
0,1,0,0,12,1,1,91.3,1094.5,1,0,1,1,0,0,0,0,1,0,0,0,0,0,1,0,0,0,0,0,1,0,0.7433957520813625
1,1,1,0,6,1,1,95.75,573.75,1,0,0,1,0,0,0,0,0,0,1,0,0,0,1,0,1,0,0,0,1,0,0.8031467569471537
0,0,1,0,59,1,0,20.35,1267.0,0,0,0,0,1,1,0,1,0,1,0,1,0,1,0,1,0,1,0,0,0,1,0.006324555575388224
0,0,0,0,7,1,1,94.05,633.45,0,0,0,1,0,0,0,0,1,0,0,0,0,0,1,0,1,1,0,0,0,1,0.4814564227264468
0,1,1,0,72,1,1,84.1,6129.65,0,0,1,0,0,0,1,0,1,0,1,0,0,0,1,0,1,0,1,1,0,0,0.02775976726494948
1,1,0,0,16,1,1,78.75,1218.25,0,0,0,1,0,0,0,0,0,0,0,0,0,0,0,0,1,0,0,0,1,0,0.6854594216939486
1,0,1,0,25,1,0,55.55,1405.3,0,0,1,0,0,0,0,0,0,0,1,0,0,0,0,0,0,0,0,1,0,0,0.19465177325713418
0,0,1,0,34,1,0,62.65,2274.9,1,0,1,0,0,0,1,0,1,0,0,0,1,0,0,0,0,0,0,0,1,0,0.10002934895969182
0,0,0,0,1,1,1,74.5,74.5,1,0,1,1,0,0,0,0,0,0,0,0,0,0,0,0,0,0,0,0,1,0,0.7414980558431314
0,0,1,1,10,1,1,102.1,1068.85,1,0,1,1,0,0,0,0,1,0,1,0,0,0,1,0,1,0,0,1,0,0,0.647639598364668
1,0,1,0,24,1,0,20.1,533.9,0,0,0,0,1,1,0,1,0,1,0,1,0,1,0,1,0,1,0,0,0,1,0.037479436524091234
0,0,1,1,10,1,0,70.3,676.15,0,0,1,0,0,0,1,0,1,0,0,0,0,0,1,0,0,1,0,0,1,0,0.1657363454617802
1,0,1,0,69,1,1,53.65,3804.4,0,0,0,0,0,0,1,0,1,0,0,0,0,0,0,0,0,1,0,1,0,0,0.010878991234782637
1,0,0,0,57,1,0,20.75,1118.8,0,0,0,0,1,1,0,1,0,1,0,1,0,1,0,1,0,0,1,0,0,1,0.0036590805029241536
1,0,1,1,50,1,1,103.4,5236.4,0,0,0,1,0,0,0,0,1,0,1,0,1,0,1,0,1,1,0,0,0,0,0.14355030753836798
1,0,1,1,28,0,0,50.8,1386.8,0,1,0,0,0,0,1,0,0,0,1,0,1,0,1,0,0,1,0,0,0,1,0.05942794330416152
0,0,0,0,16,1,1,50.15,762.25,1,0,0,0,0,0,1,0,0,0,0,0,0,0,0,0,0,0,0,0,1,0,0.2552470356836868
1,0,0,0,25,1,1,79.0,1902.0,0,0,0,0,0,0,1,0,1,0,0,0,1,0,1,0,1,0,0,0,0,1,0.15759961094064312
0,1,1,0,3,1,1,74.6,239.05,0,0,0,1,0,0,0,0,1,0,0,0,0,0,0,0,0,0,0,0,0,0,0.6644910750493448
1,0,1,0,61,1,1,96.5,5673.7,0,0,1,1,0,0,0,0,0,0,0,0,0,0,1,0,1,1,0,0,0,0,0.20975664165643135
0,0,0,0,2,1,0,20.1,39.8,0,0,0,0,1,1,0,1,0,1,0,1,0,1,0,1,0,0,0,0,0,1,0.20378829626190434
1,0,1,1,51,1,0,19.4,997.75,0,0,0,0,1,1,0,1,0,1,0,1,0,1,0,1,0,1,0,0,0,1,0.007326218419308257
0,0,1,1,71,1,0,77.55,5574.35,0,0,0,0,0,0,1,0,0,0,1,0,0,0,1,0,1,0,1,1,0,0,0.010477563402960504
0,0,1,1,20,1,0,20.05,406.05,0,0,0,0,1,1,0,1,0,1,0,1,0,1,0,1,0,0,0,0,0,1,0.0771574146025244
1,0,1,1,6,1,0,19.85,138.85,0,0,0,0,1,1,0,1,0,1,0,1,0,1,0,1,0,0,0,1,0,0,0.1371279448912161
0,0,0,0,6,1,0,20.2,123.65,0,0,0,0,1,1,0,1,0,1,0,1,0,1,0,1,0,0,0,0,0,1,0.17161964701256754
0,0,0,0,29,1,0,67.45,1801.1,0,0,1,0,0,0,1,0,1,0,0,0,1,0,0,0,0,0,0,0,0,1,0.07796955753379173
1,0,0,0,36,1,1,18.55,689.0,0,0,0,0,1,1,0,1,0,1,0,1,0,1,0,1,0,0,1,1,0,0,0.013710856377013901
0,0,0,0,28,0,1,29.75,790.7,0,1,0,0,0,0,0,0,0,0,1,0,0,0,0,0,0,0,0,0,0,1,0.25687071350396407
0,0,1,0,7,1,1,86.5,582.5,1,0,1,1,0,0,0,0,0,0,0,0,0,0,1,0,0,0,0,0,1,0,0.7525290865807216
0,0,0,0,63,1,0,24.2,1618.2,0,0,1,0,1,1,0,1,0,1,0,1,0,1,0,1,0,0,1,0,0,1,0.003904264524395774
1,0,1,1,48,1,0,23.55,1173.35,0,0,1,0,1,1,0,1,0,1,0,1,0,1,0,1,0,0,1,0,0,1,0.006773526245075476
0,0,1,0,49,1,0,20.45,900.9,0,0,0,0,1,1,0,1,0,1,0,1,0,1,0,1,0,1,0,0,0,0,0.010746037859501052
1,1,0,0,27,1,1,81.45,2122.05,1,0,1,1,0,0,0,0,1,0,0,0,0,0,0,0,0,0,0,0,1,0,0.5576832686254198
1,0,1,0,72,1,0,92.3,6719.9,0,0,1,0,0,0,1,0,1,0,1,0,1,0,1,0,1,0,1,1,0,0,0.012183285988866237
1,0,1,0,1,1,1,69.15,69.15,1,0,0,1,0,0,0,0,0,0,0,0,0,0,0,0,0,0,0,0,1,0,0.7013415878300879
0,0,1,1,72,0,0,53.65,3784.0,0,1,0,0,0,0,0,0,1,0,0,0,1,0,1,0,1,0,1,1,0,0,0.010085640478795331
0,0,0,0,47,0,0,39.65,1798.65,0,1,0,0,0,0,1,0,1,0,0,0,1,0,0,0,0,1,0,1,0,0,0.019021963029186927
0,0,0,0,1,1,1,54.65,54.65,0,0,0,0,0,0,0,0,0,0,0,0,0,0,1,0,0,0,0,0,1,0,0.5691502227010095
0,0,0,0,36,1,1,104.8,3886.45,0,0,1,1,0,0,0,0,1,0,1,0,0,0,1,0,1,1,0,0,0,0,0.3673454488912259
1,0,1,1,43,0,0,29.3,1224.05,0,1,0,0,0,0,0,0,1,0,0,0,0,0,0,0,0,0,0,1,0,0,0.07891856881378934
0,1,1,0,27,1,0,83.85,2310.2,0,0,1,0,0,0,0,0,1,0,1,0,1,0,1,0,1,0,0,0,1,0,0.3480813618284195
0,0,0,0,9,1,1,79.55,723.4,1,0,0,1,0,0,0,0,0,0,0,0,0,0,0,0,1,0,0,0,1,0,0.6911596923214859
0,0,0,0,38,1,1,103.65,3988.5,0,0,1,1,0,0,0,0,0,0,1,0,1,0,1,0,1,0,0,0,1,0,0.5256051830490238
0,1,0,0,35,1,1,99.05,3554.6,0,0,1,1,0,0,1,0,0,0,0,0,0,0,1,0,1,0,0,0,1,0,0.5986849498172498
0,0,1,0,59,1,1,100.05,6034.85,0,0,0,1,0,0,0,0,1,0,0,0,1,0,1,0,1,0,1,0,0,1,0.08247195767081765
1,0,0,0,27,1,0,20.35,531.6,0,0,0,0,1,1,0,1,0,1,0,1,0,1,0,1,0,0,1,1,0,0,0.016568911567886195
0,1,0,0,2,1,0,43.95,85.1,0,0,0,0,0,0,0,0,0,0,0,0,0,0,0,0,0,0,0,0,1,0,0.49876937049676934
1,0,0,0,7,1,0,23.5,173.0,0,0,1,0,1,1,0,1,0,1,0,1,0,1,0,1,0,0,0,0,0,1,0.19532879912212758
0,0,0,0,36,1,1,70.7,2511.95,0,0,1,0,0,0,0,0,1,0,0,0,1,0,0,0,1,1,0,0,0,1,0.08054549712037114
0,0,1,1,41,1,1,94.3,3893.6,0,0,1,1,0,0,1,0,1,0,0,0,0,0,1,0,0,0,0,0,0,0,0.2852804550595134
0,0,0,0,13,0,0,29.15,357.15,0,1,0,0,0,0,0,0,1,0,0,0,0,0,0,0,0,0,0,0,1,0,0.41340819553903935
1,0,0,1,19,1,0,20.85,467.5,0,0,0,0,1,1,0,1,0,1,0,1,0,1,0,1,0,0,1,1,0,0,0.020753160945168794
0,0,1,0,60,0,0,37.7,2288.7,0,1,0,0,0,0,1,0,1,0,0,0,1,0,0,0,0,0,1,0,0,0,0.007394657317140424
0,0,0,1,48,1,1,95.5,4627.85,1,0,0,1,0,0,0,0,1,0,1,0,1,0,1,0,0,0,1,0,0,1,0.061237488247595236
1,1,0,0,3,1,0,91.05,289.1,1,0,1,1,0,0,0,0,0,0,1,0,0,0,1,0,0,0,0,0,1,0,0.7585518856002803
1,0,1,0,69,1,1,92.45,6460.55,0,0,1,1,0,0,0,0,1,0,0,0,1,0,1,0,0,0,1,0,0,1,0.05204704933184876
1,0,0,0,43,0,0,44.15,1931.3,0,1,0,0,0,0,0,0,0,0,1,0,1,0,0,0,1,1,0,0,1,0,0.0756850914093122
0,0,0,1,11,0,1,36.05,402.6,0,1,0,0,0,0,1,0,0,0,0,0,1,0,0,0,0,1,0,0,0,1,0.11815950887415369
0,0,1,0,45,1,1,50.25,2221.55,0,0,0,0,0,0,0,0,0,0,1,0,0,0,0,0,0,0,0,1,0,0,0.09447376088199425
1,0,1,0,72,1,1,109.75,7758.9,0,0,1,1,0,0,0,0,1,0,1,0,1,0,1,0,1,0,1,1,0,0,0.07216021779923835
0,1,1,0,2,1,0,79.2,172.85,1,0,1,1,0,0,0,0,0,0,1,0,0,0,0,0,0,0,0,0,1,0,0.7390661564771959
0,0,1,1,12,1,0,20.3,224.5,0,0,0,0,1,1,0,1,0,1,0,1,0,1,0,1,0,0,1,0,0,0,0.03560587332493634
0,0,1,1,67,1,1,112.35,7388.45,0,0,1,1,0,0,0,0,1,0,1,0,1,0,1,0,1,1,0,1,0,0,0.1143941815468598
1,0,1,0,37,1,0,94.3,3460.95,0,0,1,1,0,0,0,0,0,0,1,0,1,0,1,0,0,0,1,0,0,1,0.10684294835937769
0,0,0,0,39,0,0,41.15,1700.9,0,1,0,0,0,0,1,0,1,0,0,0,1,0,0,0,0,1,0,0,0,0,0.03272497030500162
0,0,0,0,41,1,1,74.65,3090.65,0,0,1,0,0,0,1,0,0,0,1,0,1,0,0,0,1,0,0,0,0,0,0.11092033954095705
0,0,0,0,25,0,1,48.25,1293.8,0,1,0,0,0,0,0,0,0,0,1,0,0,0,1,0,1,0,0,0,1,0,0.5205060107741714
1,0,1,1,8,1,1,76.15,645.8,0,0,1,0,0,0,1,0,1,0,0,0,1,0,0,0,1,0,1,1,0,0,0.06807555650052555
0,0,1,1,71,1,0,71.1,5224.95,0,0,1,0,0,0,1,0,1,0,1,0,1,0,0,0,0,0,1,0,0,1,0.004641679143674331
1,0,0,0,5,1,0,96.55,500.1,0,0,1,1,0,0,0,0,1,0,1,0,0,0,0,0,1,0,0,0,1,0,0.6727981019902128
0,0,0,0,30,1,1,79.3,2427.1,0,0,1,0,0,0,1,0,0,0,1,0,0,0,1,0,1,1,0,1,0,0,0.134365210101842
1,0,0,0,40,1,1,89.6,3488.15,0,0,0,1,0,0,0,0,1,0,0,0,1,0,0,0,1,1,0,1,0,0,0.12925954791134145
0,0,0,0,54,1,1,20.5,1035.7,0,0,0,0,1,1,0,1,0,1,0,1,0,1,0,1,0,0,1,0,0,1,0.005784019771407469
1,0,1,0,72,1,1,106.3,7565.35,0,0,1,1,0,0,0,0,1,0,1,0,0,0,1,0,1,0,1,0,0,0,0.11142287498105997
1,0,1,1,28,1,0,100.35,2799.0,0,0,0,1,0,0,0,0,1,0,1,0,0,0,1,0,1,1,0,0,0,0,0.24912310701424178
1,0,1,1,18,1,1,85.6,1601.5,0,0,0,1,0,0,0,0,0,0,0,0,1,0,0,0,1,0,0,0,1,0,0.47707262465120026
0,0,0,0,2,0,1,45.25,85.5,1,1,0,0,0,0,0,0,0,0,0,0,0,0,1,0,1,0,0,0,1,0,0.7451211318106922
0,0,1,1,59,1,1,106.15,6256.2,0,0,1,1,0,0,0,0,1,0,1,0,0,0,1,0,1,1,0,0,1,0,0.2520655341718649
1,0,1,1,22,1,1,51.1,1232.9,0,0,0,0,0,0,0,0,0,0,0,0,1,0,0,0,0,0,0,0,1,0,0.1874962728300009
0,0,0,0,1,1,0,19.9,19.9,0,0,0,0,1,1,0,1,0,1,0,1,0,1,0,1,0,0,0,0,0,1,0.21283864853609083
0,1,1,0,72,1,1,25.7,1937.4,0,0,1,0,1,1,0,1,0,1,0,1,0,1,0,1,0,0,1,1,0,0,0.004156408248430001
0,1,0,0,14,1,1,74.3,1096.25,1,0,1,1,0,0,0,0,0,0,0,0,0,0,0,0,0,0,0,0,1,0,0.7029292700167726
1,0,1,0,50,1,0,99.4,5059.75,0,0,1,1,0,0,0,0,0,0,0,0,1,0,1,0,1,1,0,0,1,0,0.21904521554415723
0,0,1,1,48,1,0,69.7,3023.65,0,0,0,0,0,0,1,0,0,0,1,0,1,0,1,0,0,1,0,0,0,0,0.018971392383143937
0,0,1,1,49,1,1,98.35,4889.2,0,0,1,1,0,0,0,0,1,0,0,0,0,0,1,0,1,0,0,0,1,0,0.47157386547456004
1,0,1,1,28,1,0,85.45,2289.9,0,0,0,1,0,0,0,0,0,0,1,0,0,0,1,0,0,0,0,0,1,0,0.41106682412213214
1,1,0,0,68,1,1,95.9,6503.2,0,0,1,1,0,0,0,0,1,0,1,0,0,0,0,0,1,0,0,0,1,0,0.34992054286236235
1,0,0,0,13,1,0,100.75,1313.25,0,0,1,1,0,0,0,0,0,0,0,0,1,0,1,0,1,0,0,0,1,0,0.6118066722791121
0,0,0,0,11,1,1,89.2,990.3,0,0,1,1,0,0,0,0,0,0,1,0,0,0,1,0,0,0,0,0,1,0,0.7213962086618653
0,0,1,0,3,1,1,74.1,228.0,1,0,1,1,0,0,0,0,0,0,0,0,0,0,0,0,0,0,0,1,0,0,0.6541155451677175
1,1,1,0,57,1,0,100.6,5746.15,1,0,1,1,0,0,0,0,0,0,1,0,0,0,1,0,1,0,0,0,1,0,0.4817195818112886
1,0,0,0,3,1,0,75.0,209.1,1,0,1,1,0,0,0,0,0,0,0,0,0,0,0,0,0,0,0,0,0,1,0.5839226803466928
1,0,1,0,72,1,0,25.75,1864.2,0,0,1,0,1,1,0,1,0,1,0,1,0,1,0,1,0,0,1,1,0,0,0.002311054787787982
1,0,1,1,70,1,1,84.1,5979.7,0,0,1,0,0,0,0,0,1,0,1,0,1,0,1,0,1,0,1,0,1,0,0.027367447989931924
0,0,1,1,49,1,0,79.3,3902.45,0,0,1,0,0,0,0,0,1,0,0,0,1,0,1,0,1,0,1,0,0,0,0.030558802018795926
0,1,1,0,67,1,1,107.05,7142.5,0,0,1,1,0,0,1,0,0,0,1,0,0,0,1,0,1,1,0,1,0,0,0.17602933599429382
1,0,0,0,46,1,0,20.05,902.0,0,0,0,0,1,1,0,1,0,1,0,1,0,1,0,1,0,0,1,0,0,0,0.006965838372124039
0,1,0,0,64,1,1,70.2,4481.0,1,0,0,0,0,0,1,0,1,0,0,0,1,0,1,0,0,0,1,1,0,0,0.010856974494765491
0,0,1,0,37,1,0,19.5,805.2,0,0,0,0,1,1,0,1,0,1,0,1,0,1,0,1,0,0,0,0,0,0,0.04386444447780749
0,1,0,0,2,1,0,70.75,154.85,1,0,0,1,0,0,0,0,0,0,0,0,0,0,0,0,0,0,0,0,1,0,0.684682151596156
0,1,1,0,13,0,0,45.3,528.45,0,1,0,0,0,0,0,0,0,0,0,0,0,0,1,0,1,0,0,0,1,0,0.6444293884106308
0,0,1,0,72,1,0,115.15,8349.7,0,0,1,1,0,0,1,0,1,0,1,0,1,0,1,0,1,0,1,0,1,0,0.06493742184638718
1,0,1,1,68,1,1,72.95,4953.25,0,0,0,0,0,0,0,0,0,0,1,0,1,0,1,0,1,0,1,0,0,0,0.015962546081155958
1,0,1,1,15,1,0,19.65,332.65,0,0,0,0,1,1,0,1,0,1,0,1,0,1,0,1,0,1,0,0,0,1,0.04787741508042524
0,0,0,0,24,1,1,19.55,470.2,0,0,0,0,1,1,0,1,0,1,0,1,0,1,0,1,0,0,1,0,0,0,0.029813171385223162
0,0,0,0,24,1,1,89.55,2259.35,0,0,1,1,0,0,0,0,0,0,0,0,1,0,0,0,1,0,0,0,1,0,0.5463590290860735
1,0,0,0,27,1,0,50.35,1411.35,0,0,0,0,0,0,1,0,0,0,0,0,0,0,0,0,0,0,0,0,0,1,0.10373321492997369
1,0,0,0,12,1,0,50.25,593.75,1,0,0,0,0,0,0,0,0,0,0,0,1,0,0,0,0,0,0,0,0,0,0.1919035091335038
0,0,1,1,71,1,0,87.25,6328.7,0,0,0,0,0,0,1,0,1,0,1,0,1,0,1,0,1,0,1,1,0,0,0.007692178544782429
1,0,1,1,67,1,1,20.8,1411.9,0,0,0,0,1,1,0,1,0,1,0,1,0,1,0,1,0,0,1,0,0,1,0.0024637705940123494
0,0,1,0,63,1,1,109.25,6841.4,0,0,1,1,0,0,0,0,1,0,1,0,1,0,1,0,1,0,1,0,0,0,0.10552742447708126
1,0,0,0,1,1,0,20.35,20.35,0,0,0,0,1,1,0,1,0,1,0,1,0,1,0,1,0,0,0,0,0,1,0.20671377079745681
1,0,0,0,4,1,1,55.9,238.5,0,0,0,0,0,0,0,0,0,0,0,0,0,0,0,0,1,0,0,0,1,0,0.5324025087245629
0,1,0,0,40,1,1,79.2,3233.85,1,0,0,1,0,0,1,0,1,0,0,0,0,0,0,0,0,0,0,1,0,0,0.23038139106422806
0,0,0,0,12,1,1,96.0,1062.1,1,0,0,1,0,0,0,0,0,0,1,0,0,0,1,0,1,0,0,0,1,0,0.7155544671577982
1,0,1,1,52,1,0,79.2,4016.3,0,0,0,0,0,0,1,0,1,0,1,0,0,0,1,0,1,0,1,0,1,0,0.025888962960497454
1,0,0,0,10,1,1,24.0,226.55,0,0,1,0,1,1,0,1,0,1,0,1,0,1,0,1,0,0,0,0,1,0,0.2727251715540974
1,0,0,0,68,1,0,101.35,7110.75,0,0,1,1,0,0,1,0,1,0,1,0,0,0,1,0,0,1,0,0,0,0,0.07881365992708514
0,0,0,0,54,1,1,100.1,5440.9,1,0,1,1,0,0,0,0,0,0,0,0,1,0,1,0,1,0,0,0,1,0,0.404083296934912
0,0,1,1,4,1,0,56.5,235.1,1,0,0,0,0,0,0,0,1,0,0,0,1,0,0,0,0,0,0,0,0,1,0.1971974530177918
0,0,1,0,52,0,0,35.45,1958.95,0,1,0,0,0,0,1,0,0,0,1,0,0,0,0,0,0,1,0,0,0,1,0.027848705485380564
0,1,0,0,1,1,1,85.0,85.0,1,0,0,1,0,0,0,0,0,0,1,0,0,0,0,0,1,0,0,0,1,0,0.78836116715762
1,0,1,0,70,1,0,79.4,5528.9,0,0,1,0,0,0,1,0,1,0,1,0,1,0,1,0,0,1,0,0,0,0,0.014882826058135377
1,0,0,0,43,0,1,35.2,1463.7,0,1,0,0,0,0,1,0,0,0,1,0,0,0,0,0,0,1,0,1,0,0,0.0451715745507561
1,0,0,0,52,1,0,19.65,1025.05,0,0,0,0,1,1,0,1,0,1,0,1,0,1,0,1,0,0,1,0,0,1,0.004822071356632602
0,0,0,0,12,0,0,49.85,552.1,0,1,0,0,0,0,1,0,0,0,1,0,1,0,0,0,1,0,1,0,0,1,0.08458657371147559
0,0,1,1,56,1,0,68.75,3815.4,0,0,1,0,0,0,1,0,1,0,0,0,0,0,0,0,1,1,0,0,0,0,0.026404919916808565
1,0,0,0,42,1,0,79.9,3313.4,0,0,1,1,0,0,0,0,0,0,1,0,0,0,0,0,0,0,0,0,1,0,0.33032297559569074
1,1,1,0,22,1,1,89.75,1938.9,0,0,0,1,0,0,0,0,0,0,0,0,0,0,1,0,1,0,0,0,0,0,0.6553012940229176
1,0,1,1,51,0,0,59.3,3014.65,1,1,0,0,0,0,1,0,1,0,1,0,0,0,1,0,1,1,0,0,1,0,0.060982184746202636
1,0,0,0,27,1,1,19.4,460.25,0,0,0,0,1,1,0,1,0,1,0,1,0,1,0,1,0,0,0,1,0,0,0.07351497144636324
1,1,1,0,51,1,1,93.65,4839.15,0,0,1,1,0,0,1,0,0,0,1,0,0,0,0,0,1,1,0,0,0,0,0.19744113494705834
1,0,0,1,4,1,1,49.4,184.4,1,0,0,0,0,0,1,0,0,0,0,0,0,0,0,0,0,0,0,0,1,0,0.31363804170346316
1,0,0,0,1,1,1,19.9,19.9,0,0,0,0,1,1,0,1,0,1,0,1,0,1,0,1,0,0,0,0,0,1,0.25590830136854387
1,0,0,0,35,1,0,55.0,2010.55,1,0,0,0,0,0,0,0,0,0,0,0,0,0,1,0,0,0,0,0,0,1,0.1460384783259578
1,1,1,1,71,1,1,72.9,5139.65,0,0,1,0,0,0,0,0,1,0,1,0,1,0,0,0,1,1,0,0,0,0,0.02723323063568453
0,0,0,0,1,1,1,69.2,69.2,1,0,0,1,0,0,0,0,0,0,0,0,0,0,0,0,0,0,0,0,1,0,0.6977488931292819
0,0,1,1,69,1,1,25.6,1673.4,0,0,1,0,1,1,0,1,0,1,0,1,0,1,0,1,0,0,1,0,0,0,0.0032332342456922007
1,0,1,1,14,1,0,19.75,309.35,0,0,0,0,1,1,0,1,0,1,0,1,0,1,0,1,0,1,0,0,0,1,0.05025262771059356
1,0,1,0,57,1,0,55.7,3171.6,0,0,0,0,0,0,1,0,0,0,0,0,1,0,0,0,0,0,0,0,1,0,0.031126464089706374
0,0,1,1,72,1,0,117.5,8670.1,0,0,1,1,0,0,1,0,1,0,1,0,1,0,1,0,1,0,1,1,0,0,0.038827555636985374
1,0,0,0,48,1,0,19.85,916.0,0,0,0,0,1,1,0,1,0,1,0,1,0,1,0,1,0,0,1,1,0,0,0.005483493822334916
0,0,1,1,4,1,1,78.9,299.75,0,0,0,1,0,0,0,0,0,0,0,0,0,0,1,0,0,0,0,0,0,1,0.6139602141622351
1,0,1,1,31,1,1,20.65,702.05,0,0,0,0,1,1,0,1,0,1,0,1,0,1,0,1,0,0,0,0,1,0,0.07739059732716765
1,0,0,0,38,1,1,62.3,2354.8,1,0,0,0,0,0,0,0,0,0,1,0,1,0,0,0,1,1,0,0,0,1,0.061854365694300556
1,1,1,0,37,1,1,92.5,3473.4,1,0,1,1,0,0,0,0,0,0,0,0,0,0,1,0,1,0,0,0,1,0,0.6764121222150883
0,0,0,0,1,1,0,19.65,19.65,0,0,0,0,1,1,0,1,0,1,0,1,0,1,0,1,0,0,0,0,0,1,0.21323462459525672
1,1,0,0,57,1,1,79.75,4438.2,0,0,1,0,0,0,0,0,1,0,1,0,0,0,1,0,1,0,1,0,0,0,0.06299522200022858
0,1,1,0,62,1,1,79.95,4819.75,0,0,0,0,0,0,1,0,0,0,1,0,1,0,1,0,1,0,1,1,0,0,0.01995331941391779
1,0,1,0,3,0,1,29.9,92.25,0,1,0,0,0,0,0,0,0,0,0,0,1,0,0,0,0,0,0,0,1,0,0.5352878057993823
0,0,0,1,72,1,1,19.75,1567.0,0,0,0,0,1,1,0,1,0,1,0,1,0,1,0,1,0,0,1,0,0,1,0.0019121560682619412
1,0,0,1,29,0,1,45.0,1242.45,0,1,0,0,0,0,1,0,1,0,1,0,1,0,0,0,0,0,0,0,0,1,0.09702078029462065
1,0,1,1,13,1,0,44.8,559.2,0,0,0,0,0,0,0,0,0,0,0,0,0,0,0,0,0,0,0,0,0,0,0.2229185873036058
1,0,0,1,3,1,0,69.65,220.1,1,0,0,1,0,0,0,0,0,0,0,0,0,0,0,0,0,0,0,0,1,0,0.5587612672624684
0,0,0,0,11,1,0,51.1,531.15,0,0,0,0,0,0,0,0,1,0,0,0,0,0,0,0,0,0,0,0,1,0,0.3093475193212519
0,0,0,1,21,0,0,53.15,1183.2,0,1,0,0,0,0,1,0,1,0,1,0,1,0,1,0,0,0,1,0,0,1,0.044743729427962564
0,0,0,0,19,1,0,24.7,465.85,0,0,1,0,1,1,0,1,0,1,0,1,0,1,0,1,0,0,0,0,0,0,0.12389915698491646
1,0,0,0,61,1,1,111.6,6876.05,1,0,1,1,0,0,1,0,0,0,1,0,1,0,1,0,1,0,1,1,0,0,0.07120729102867152
0,0,0,0,11,1,0,48.55,501.0,1,0,0,0,0,0,1,0,0,0,0,0,0,0,0,0,0,0,0,1,0,0,0.1806233392908471
1,0,1,1,35,1,1,109.95,3782.4,0,0,1,1,0,0,0,0,1,0,1,0,1,0,1,0,1,0,0,0,1,0,0.4698822235578906
1,0,0,1,25,1,0,20.8,460.2,0,0,0,0,1,1,0,1,0,1,0,1,0,1,0,1,0,0,0,0,0,1,0.054706794217774045
0,0,0,0,1,1,1,20.2,20.2,1,0,0,0,1,1,0,1,0,1,0,1,0,1,0,1,0,0,0,0,0,1,0.2616363969871816
0,0,0,0,67,1,1,25.6,1790.35,0,0,1,0,1,1,0,1,0,1,0,1,0,1,0,1,0,0,1,0,0,0,0.004459852486964223
1,0,0,0,19,0,1,39.65,733.35,1,1,0,0,0,0,0,0,0,0,1,0,0,0,1,0,0,0,0,0,1,0,0.49350470844338445
1,0,0,0,56,1,0,24.9,1334.0,1,0,1,0,1,1,0,1,0,1,0,1,0,1,0,1,0,1,0,0,1,0,0.012233206580337129
1,0,1,1,72,1,1,108.4,7767.25,0,0,1,1,0,0,1,0,1,0,1,0,0,0,1,0,1,0,1,1,0,0,0.05830856486453225
1,0,0,0,43,1,0,19.55,876.15,0,0,0,0,1,1,0,1,0,1,0,1,0,1,0,1,0,0,1,0,0,1,0.007821034176052096
0,0,1,1,55,1,1,85.1,4600.95,0,0,1,1,0,0,1,0,1,0,0,0,0,0,0,0,0,0,0,0,1,0,0.1834384078562048
1,0,1,1,2,1,0,56.7,113.55,1,0,1,0,0,0,1,0,0,0,0,0,0,0,0,0,0,0,0,0,0,1,0.26077849992292174
1,0,0,0,27,1,1,69.05,1793.25,0,0,0,1,0,0,0,0,0,0,0,0,0,0,0,0,0,0,0,0,0,1,0.3708766817710958
0,0,0,0,13,1,1,70.15,886.7,0,0,0,1,0,0,0,0,0,0,0,0,0,0,0,0,0,0,0,0,0,1,0.5105492160573523
0,0,0,0,70,1,1,111.15,7737.55,0,0,1,1,0,0,1,0,1,0,1,0,0,0,1,0,1,0,1,0,0,1,0.0811697065590287
0,0,1,0,14,1,0,105.95,1348.9,1,0,0,1,0,0,1,0,1,0,0,0,1,0,1,0,1,1,0,0,0,1,0.20062547852074694
0,0,1,1,19,1,1,89.35,1686.85,0,0,1,1,0,0,0,0,0,0,0,0,1,0,0,0,1,1,0,0,0,0,0.2924670655652866
0,0,0,0,20,1,1,89.1,1879.25,0,0,1,1,0,0,1,0,0,0,0,0,0,0,1,0,0,0,0,0,0,0,0.49943653678145256
1,0,1,1,43,1,1,91.25,4013.8,0,0,1,1,0,0,1,0,0,0,1,0,1,0,0,0,0,1,0,1,0,0,0.0770697524923929
1,0,1,1,5,1,1,90.35,434.5,0,0,0,1,0,0,1,0,0,0,1,0,0,0,0,0,1,0,0,0,0,1,0.4863151016732912
0,1,1,0,70,1,1,105.55,7195.35,0,0,1,1,0,0,0,0,1,0,0,0,1,0,1,0,1,1,0,0,0,0,0.16308322425913782
0,0,1,0,40,1,0,19.1,780.1,0,0,0,0,1,1,0,1,0,1,0,1,0,1,0,1,0,0,1,0,0,1,0.0098633799675896
1,0,1,1,6,1,1,20.4,107.6,0,0,0,0,1,1,0,1,0,1,0,1,0,1,0,1,0,0,1,1,0,0,0.05365721315231366
1,0,0,0,39,1,1,100.45,3801.7,0,0,0,1,0,0,1,0,0,0,1,0,0,0,1,0,1,0,1,0,1,0,0.16842701308369892
1,1,1,0,4,1,0,74.95,308.7,1,0,1,1,0,0,0,0,0,0,0,0,0,0,0,0,0,0,0,0,1,0,0.7205802522540681
1,0,0,0,15,0,1,29.7,438.25,1,1,0,0,0,0,0,0,0,0,0,0,1,0,0,0,0,0,0,0,1,0,0.3755814703421261
1,0,1,0,1,0,1,50.35,50.35,1,1,0,0,0,0,0,0,0,0,1,0,0,0,1,0,1,0,0,0,1,0,0.7528720699947855
0,1,0,0,45,1,1,85.7,3778.1,0,0,0,1,0,0,1,0,1,0,0,0,1,0,0,0,0,0,0,0,0,0,0.1620019413389226
0,0,1,0,64,0,0,47.85,3147.5,1,1,0,0,0,0,1,0,0,0,1,0,1,0,0,0,1,0,1,0,1,0,0.013925683466630295
0,1,1,0,57,1,0,94.0,5438.95,0,0,1,1,0,0,0,0,1,0,1,0,0,0,0,0,1,0,0,1,0,0,0.29575794430697244
1,0,1,1,72,1,0,69.85,5102.35,0,0,1,0,0,0,1,0,1,0,1,0,1,0,0,0,0,0,1,0,0,0,0.004373819362292369
1,0,0,0,1,1,1,70.3,70.3,1,0,0,1,0,0,0,0,0,0,0,0,0,0,0,0,0,0,0,0,1,0,0.6885845168271848
1,0,1,0,72,1,0,25.85,1872.2,0,0,1,0,1,1,0,1,0,1,0,1,0,1,0,1,0,0,1,1,0,0,0.002314459402151771
0,0,0,0,3,1,0,71.1,213.35,0,0,0,0,0,0,1,0,1,0,0,0,1,0,0,0,1,0,1,0,0,1,0.06464755495771372
1,1,0,0,55,1,1,98.8,5617.75,1,0,1,1,0,0,1,0,0,0,0,0,0,0,1,0,1,0,0,0,1,0,0.455417435805698
0,0,1,0,59,1,0,93.35,5386.5,0,0,1,1,0,0,0,0,0,0,1,0,1,0,1,0,0,0,0,0,1,0,0.23612963501995682
0,0,0,0,18,1,1,99.85,1776.95,1,0,1,1,0,0,0,0,0,0,0,0,1,0,1,0,1,0,0,0,0,0,0.5858220331865326
1,1,1,0,32,1,1,80.3,2483.05,1,0,0,1,0,0,0,0,0,0,0,0,0,0,0,0,1,0,0,1,0,0,0.46441090203534113
0,0,0,0,4,1,1,50.55,235.65,0,0,0,0,0,0,1,0,0,0,0,0,0,0,0,0,0,0,0,0,0,0,0.31055625711891954
0,1,0,0,66,1,1,80.45,5224.35,1,0,1,1,0,0,0,0,1,0,0,0,0,0,0,0,0,0,0,1,0,0,0.18598496983717042
1,0,0,0,27,1,1,81.3,2272.8,0,0,1,1,0,0,0,0,0,0,1,0,0,0,0,0,0,0,0,0,1,0,0.5298460029060755
1,0,0,0,4,1,1,20.7,83.75,0,0,0,0,1,1,0,1,0,1,0,1,0,1,0,1,0,0,0,1,0,0,0.2134529488875685
1,0,1,1,60,1,1,79.05,4663.4,0,0,0,0,0,0,1,0,1,0,0,0,1,0,1,0,1,0,0,1,0,0,0.04159507825998233
0,0,1,1,8,1,0,19.05,201.7,0,0,0,0,1,1,0,1,0,1,0,1,0,1,0,1,0,0,1,0,0,1,0.04249075623876676
1,0,1,1,8,1,0,19.6,125.0,0,0,0,0,1,1,0,1,0,1,0,1,0,1,0,1,0,0,1,1,0,0,0.03739276121333537
1,0,0,0,35,1,1,20.2,684.4,0,0,0,0,1,1,0,1,0,1,0,1,0,1,0,1,0,0,1,0,0,1,0.015327259358021332
1,0,0,0,7,1,1,86.8,620.35,1,0,1,1,0,0,0,0,0,0,0,0,0,0,0,0,1,0,0,0,1,0,0.741898997848202
0,0,1,1,53,1,0,20.9,1146.05,0,0,0,0,1,1,0,1,0,1,0,1,0,1,0,1,0,0,1,0,0,1,0.004069545210496168
0,1,0,0,18,1,1,103.6,1806.35,0,0,1,1,0,0,0,0,1,0,0,0,1,0,1,0,1,0,0,1,0,0,0.5929522129917639
0,0,0,0,15,0,1,38.8,603.0,0,1,0,0,0,0,0,0,1,0,0,0,0,0,0,0,1,0,1,0,0,1,0.1842281705936826
1,0,1,0,67,1,1,88.4,5798.3,0,0,1,1,0,0,0,0,1,0,0,0,0,0,1,0,0,1,0,0,0,0,0.12141816293757758
1,1,1,0,6,1,1,84.2,519.15,1,0,0,1,0,0,0,0,1,0,0,0,0,0,0,0,1,0,0,0,1,0,0.7459841251848871
1,1,0,0,6,1,1,79.7,497.6,0,0,0,1,0,0,0,0,0,0,0,0,0,0,1,0,0,0,0,0,1,0,0.754390732607202
1,0,0,0,13,1,1,99.0,1301.7,1,0,1,1,0,0,0,0,0,0,0,0,1,0,1,0,1,0,0,0,0,1,0.6021608490581005
0,0,0,0,11,1,1,100.75,1129.75,1,0,1,1,0,0,0,0,0,0,1,0,0,0,1,0,1,0,0,0,1,0,0.7726228501091169
1,0,0,1,1,1,1,19.3,19.3,0,0,0,0,1,1,0,1,0,1,0,1,0,1,0,1,0,0,0,0,0,1,0.2175552535383633
1,0,0,0,5,1,1,55.75,266.95,0,0,0,0,0,0,1,0,0,0,0,0,1,0,0,0,0,0,0,0,0,1,0.20389120229988758
1,0,0,0,13,1,1,19.95,257.0,0,0,0,0,1,1,0,1,0,1,0,1,0,1,0,1,0,1,0,0,0,1,0.07901070287847174
0,0,1,0,9,1,0,91.75,865.8,1,0,1,1,0,0,1,0,1,0,1,0,0,0,0,0,0,0,0,0,0,0,0.42905685268451377
1,0,0,0,29,1,0,89.65,2623.65,0,0,0,1,0,0,0,0,1,0,0,0,1,0,1,0,0,0,0,0,0,1,0.27091629989878147
1,1,0,0,1,1,1,45.85,45.85,0,0,0,0,0,0,0,0,0,0,0,0,0,0,0,0,0,0,0,0,0,1,0.48422647618893105
0,0,0,0,1,1,1,79.55,79.55,1,0,1,1,0,0,0,0,0,0,1,0,0,0,0,0,0,0,0,0,0,1,0.6692805192788884
0,0,1,1,18,1,0,55.95,1082.8,0,0,0,0,0,0,0,0,0,0,0,0,0,0,1,0,0,0,0,0,0,1,0.2328531936820512
0,0,1,0,2,1,0,69.0,147.8,0,0,0,0,0,0,0,0,0,0,1,0,0,0,1,0,1,0,0,1,0,0,0.4633222190440661
1,0,1,1,30,1,1,83.55,2570.2,0,0,1,1,0,0,0,0,1,0,0,0,1,0,0,0,0,0,0,0,0,0,0.28871513135554233
1,0,0,1,66,1,0,65.7,4378.9,0,0,1,0,0,0,1,0,1,0,0,0,1,0,0,0,0,0,1,0,0,0,0.004820114964478802
1,0,1,1,38,1,1,94.9,3616.25,0,0,1,1,0,0,0,0,0,0,1,0,1,0,1,0,0,0,1,0,0,0,0.11625730130354157
1,0,1,1,44,1,1,61.9,2924.05,0,0,0,0,0,0,0,0,1,0,1,0,1,0,0,0,0,0,0,0,0,1,0.0613788588332065
0,0,0,0,54,1,0,111.1,6014.85,1,0,1,1,0,0,0,0,1,0,1,0,1,0,1,0,1,0,0,0,1,0,0.34500929079181225
1,0,0,0,2,1,0,20.0,32.7,0,0,0,0,1,1,0,1,0,1,0,1,0,1,0,1,0,0,0,0,0,1,0.19834316781808567
0,0,0,0,42,1,1,67.7,2882.25,0,0,0,0,0,0,1,0,1,0,0,0,1,0,0,0,1,1,0,0,0,1,0.03511285128874854
0,0,1,1,58,1,0,25.15,1509.9,0,0,1,0,1,1,0,1,0,1,0,1,0,1,0,1,0,0,1,1,0,0,0.0039518977408575994
1,0,1,1,58,1,1,92.85,5305.05,0,0,0,1,0,0,0,0,1,0,0,0,0,0,1,0,1,0,0,0,1,0,0.31778023248589565
0,0,1,1,25,1,1,89.1,2368.4,1,0,1,1,0,0,0,0,0,0,1,0,0,0,0,0,1,0,0,0,1,0,0.5977834084264642
0,0,0,0,71,1,0,111.3,7985.9,0,0,1,1,0,0,1,0,1,0,1,0,1,0,1,0,1,0,1,0,0,1,0.0448476088759909
0,0,0,0,37,1,1,101.9,3545.35,1,0,1,1,0,0,0,0,1,0,1,0,0,0,1,0,1,0,0,0,0,0,0.5183517875460047
0,0,1,1,14,1,1,91.65,1301.0,1,0,1,1,0,0,0,0,0,0,0,0,1,0,1,0,0,0,0,0,1,0,0.5686017978073427
0,1,0,0,4,1,1,88.85,372.45,1,0,1,1,0,0,0,0,0,0,1,0,0,0,0,0,1,0,0,0,1,0,0.8108796181247224
0,0,1,0,48,1,1,60.6,2985.25,0,0,1,0,0,0,1,0,0,0,0,0,1,0,0,0,0,1,0,0,0,0,0.030453318045080134
0,1,0,0,3,0,0,25.3,77.75,1,1,0,0,0,0,0,0,0,0,0,0,0,0,0,0,0,0,0,0,1,0,0.6286087850496248
0,0,1,0,8,1,0,65.5,564.35,0,0,0,0,0,0,1,0,0,0,0,0,1,0,0,0,1,0,1,0,0,1,0.06406216682492925
1,0,0,0,1,1,1,95.45,95.45,1,0,1,1,0,0,0,0,0,0,0,0,0,0,1,0,1,0,0,0,1,0,0.8160057554201509
1,0,0,0,67,1,0,19.95,1311.75,0,0,0,0,1,1,0,1,0,1,0,1,0,1,0,1,0,0,1,0,0,0,0.002299234470208814
1,0,0,0,13,1,1,91.1,1135.7,1,0,0,1,0,0,0,0,0,0,0,0,0,0,1,0,1,0,0,0,1,0,0.7057925806669911
0,0,1,1,45,1,1,54.15,2319.8,1,0,0,0,0,0,0,0,1,0,0,0,1,0,0,0,0,1,0,1,0,0,0.023819032944282437
1,0,0,0,49,1,1,74.6,3720.35,0,0,1,1,0,0,0,0,0,0,0,0,0,0,0,0,0,0,0,0,0,0,0.27563086159986294
0,0,1,0,52,1,0,94.6,5025.8,0,0,1,1,0,0,0,0,1,0,1,0,0,0,1,0,0,0,0,0,0,0,0.2988233463316577
0,0,1,0,63,1,1,81.15,5224.5,0,0,0,1,0,0,1,0,0,0,1,0,0,0,0,0,0,1,0,1,0,0,0.055415372821464574
0,0,1,1,68,1,1,89.05,6185.8,0,0,1,0,0,0,1,0,1,0,1,0,1,0,1,0,1,0,1,0,0,0,0.016714292613941317
0,0,1,0,31,1,1,49.2,1498.55,0,0,0,0,0,0,0,0,0,0,0,0,1,0,0,0,0,0,0,0,0,1,0.12196591472485914
0,0,1,0,64,1,0,19.45,1208.6,0,0,0,0,1,1,0,1,0,1,0,1,0,1,0,1,0,0,1,1,0,0,0.0025491618633654203
0,0,1,0,62,1,1,104.3,6613.65,0,0,0,1,0,0,1,0,0,0,1,0,1,0,1,0,1,1,0,0,1,0,0.13166613841471056
0,0,0,0,1,1,0,69.7,69.7,1,0,0,1,0,0,0,0,0,0,0,0,0,0,0,0,0,0,0,0,0,0,0.5717007643483892
0,0,0,0,6,1,1,89.5,573.3,1,0,0,1,0,0,0,0,0,0,0,0,0,0,1,0,1,0,0,0,1,0,0.7621050423163159
0,0,1,0,21,1,1,86.05,1818.9,0,0,0,1,0,0,0,0,0,0,0,0,1,0,1,0,0,0,0,0,1,0,0.5068189386861516
0,0,1,1,72,1,0,25.2,1787.35,0,0,1,0,1,1,0,1,0,1,0,1,0,1,0,1,0,0,1,0,0,0,0.0021447915836472257
0,0,1,1,32,0,1,35.15,1051.05,0,1,0,0,0,0,1,0,1,0,0,0,0,0,0,0,0,0,0,0,1,0,0.16618614237883597
0,1,0,0,71,1,1,99.65,7181.25,0,0,1,1,0,0,1,0,1,0,0,0,1,0,1,0,0,1,0,1,0,0,0.0716895119968567
0,0,0,1,34,1,1,105.35,3688.6,0,0,0,1,0,0,1,0,1,0,1,0,0,0,1,0,1,0,0,0,0,0,0.3487499036656345
1,0,1,0,3,0,1,35.15,99.75,1,1,0,0,0,0,0,0,0,0,0,0,0,0,0,0,1,0,0,0,1,0,0.6918058032738438
1,0,0,1,12,1,1,73.75,871.4,1,0,1,1,0,0,0,0,0,0,0,0,0,0,0,0,0,0,0,1,0,0,0.5015304020902535
0,1,0,0,8,1,0,101.35,780.5,1,0,1,1,0,0,0,0,0,0,1,0,0,0,1,0,1,0,0,0,1,0,0.7814444053306653
0,0,1,1,35,1,0,24.3,821.6,0,0,1,0,1,1,0,1,0,1,0,1,0,1,0,1,0,0,1,0,0,0,0.014125688109339217
0,0,1,1,3,1,1,80.7,239.45,0,0,0,1,0,0,0,0,0,0,0,0,0,0,1,0,0,0,0,0,1,0,0.6930056265150031
1,0,0,0,3,1,1,89.85,244.45,0,0,0,1,0,0,0,0,0,0,1,0,1,0,1,0,0,0,0,0,0,1,0.5466787710356438
1,0,0,0,53,1,1,61.1,3357.9,0,0,0,0,0,0,0,0,0,0,1,0,0,0,0,0,1,1,0,0,1,0,0.07017788535168155
0,0,1,0,4,0,1,29.05,129.6,0,1,0,0,0,0,1,0,0,0,0,0,0,0,0,0,0,0,0,0,1,0,0.5273221579966638
0,0,1,1,48,1,1,99.7,4977.2,0,0,0,1,0,0,1,0,0,0,1,0,0,0,1,0,1,1,0,0,0,0,0.16381577747139828
0,0,1,1,6,1,0,55.9,365.35,1,0,0,0,0,0,1,0,1,0,0,0,0,0,0,0,0,0,0,1,0,0,0.17176688793493358
1,1,1,0,3,1,1,105.9,334.65,1,0,1,1,0,0,0,0,1,0,1,0,0,0,1,0,1,0,0,0,1,0,0.8326048464776385
1,0,1,1,54,0,0,46.0,2424.05,0,1,0,0,0,0,0,0,0,0,1,0,1,0,0,0,1,0,1,1,0,0,0.015933245875718954
0,0,0,0,1,1,0,43.95,43.95,1,0,0,0,0,0,0,0,0,0,0,0,0,0,0,0,0,0,0,0,0,1,0.3668736938676955
1,0,0,0,62,1,1,80.4,4981.15,0,0,0,0,0,0,0,0,1,0,1,0,1,0,1,0,1,0,0,0,0,0,0.07962996488138219
1,0,1,1,22,1,1,100.05,2090.25,0,0,0,1,0,0,0,0,1,0,1,0,0,0,1,0,1,1,0,0,0,1,0.3213756710193428
1,0,0,0,1,1,1,45.1,45.1,1,0,0,0,0,0,0,0,0,0,0,0,0,0,0,0,0,0,0,0,0,0,0.4357140345337849
1,1,0,0,51,1,1,94.0,4905.75,0,0,0,1,0,0,0,0,0,0,1,0,0,0,1,0,1,1,0,0,0,0,0.2733862658765561
0,0,0,0,30,1,1,68.95,2038.7,0,0,1,0,0,0,0,0,1,0,1,0,0,0,1,0,0,1,0,1,0,0,0.13046633342906352
0,1,1,0,56,1,1,68.45,4014.0,0,0,1,0,0,0,1,0,1,0,1,0,1,0,0,0,0,1,0,1,0,0,0.026309910234567725
1,0,1,0,35,1,1,69.0,2441.7,0,0,1,0,0,0,0,0,1,0,0,0,1,0,1,0,0,1,0,0,1,0,0.11363954199055017
0,1,0,0,64,0,1,43.85,2751.0,0,1,0,0,0,0,0,0,1,0,0,0,1,0,1,0,0,0,0,0,1,0,0.09220723963624969
1,0,0,1,30,0,1,44.5,1307.8,0,1,0,0,0,0,0,0,0,0,0,0,0,0,1,0,1,0,0,0,1,0,0.38952692831853664
0,0,1,1,25,1,1,18.7,383.65,0,0,0,0,1,1,0,1,0,1,0,1,0,1,0,1,0,0,1,0,0,1,0.022179536262823565
0,0,0,0,41,1,0,70.25,2868.05,1,0,0,1,0,0,0,0,0,0,0,0,0,0,0,0,0,0,0,0,0,0,0.2278530933958251
1,0,0,1,9,1,0,55.35,449.75,1,0,0,0,0,0,0,0,0,0,0,0,0,0,1,0,0,0,0,0,1,0,0.35345497264960907
0,0,1,0,1,1,1,53.55,53.55,0,0,0,0,0,0,1,0,1,0,0,0,0,0,0,0,0,0,0,0,0,1,0.31270519301930527
1,0,0,1,70,1,1,114.6,7882.5,0,0,1,1,0,0,1,0,1,0,1,0,1,0,1,0,1,0,1,0,1,0,0.06215479756038294
0,0,1,1,57,1,1,20.1,1087.7,0,0,0,0,1,1,0,1,0,1,0,1,0,1,0,1,0,0,1,0,0,0,0.004426542394480737
1,0,0,0,9,1,1,85.5,791.7,0,0,1,1,0,0,0,0,0,0,0,0,0,0,1,0,0,0,0,0,1,0,0.7282798159868153
0,0,1,1,69,1,1,108.75,7493.05,0,0,1,1,0,0,0,0,1,0,1,0,1,0,1,0,1,1,0,0,0,0,0.12254187437911829
1,1,1,0,43,1,1,103.0,4414.3,1,0,1,1,0,0,0,0,1,0,1,0,0,0,1,0,1,0,0,0,1,0,0.6274117932771394
0,0,1,0,72,1,1,97.85,6841.3,0,0,1,1,0,0,0,0,0,0,1,0,0,0,1,0,1,0,1,0,1,0,0.1371452099197116
1,0,0,1,44,1,0,19.55,819.95,0,0,0,0,1,1,0,1,0,1,0,1,0,1,0,1,0,0,1,0,0,0,0.006179984223432518
0,0,1,0,72,1,1,84.05,6052.25,0,0,1,1,0,0,1,0,1,0,0,0,0,0,0,0,0,0,1,0,0,0,0.032851298409812706
0,0,1,0,33,1,1,103.75,3361.05,1,0,0,1,0,0,1,0,0,0,1,0,1,0,1,0,1,1,0,0,1,0,0.23766223130796052
1,0,0,0,54,1,0,89.4,4869.5,0,0,1,1,0,0,0,0,0,0,1,0,0,0,0,0,1,0,0,1,0,0,0.25198035755485004
1,0,0,1,27,1,0,19.7,509.3,0,0,0,0,1,1,0,1,0,1,0,1,0,1,0,1,0,0,1,1,0,0,0.013356505906648851
1,0,0,0,54,1,1,79.85,4308.25,0,0,1,1,0,0,0,0,1,0,0,0,0,0,0,0,0,0,0,0,0,0,0.23033119726084686
1,0,0,0,3,1,0,74.45,221.1,0,0,0,1,0,0,0,0,1,0,0,0,0,0,0,0,0,0,0,1,0,0,0.48380207538730263
0,0,1,0,53,1,0,74.1,3833.95,0,0,1,0,0,0,1,0,1,0,1,0,0,0,0,0,1,1,0,0,0,0,0.03796202854968524
1,0,0,0,1,1,1,69.35,69.35,1,0,0,1,0,0,0,0,0,0,0,0,0,0,0,0,0,0,0,0,1,0,0.6905058553965548
1,0,1,0,15,1,0,18.8,294.95,0,0,0,0,1,1,0,1,0,1,0,1,0,1,0,1,0,1,0,0,0,1,0.05868934287430133
0,0,0,0,56,1,1,73.85,4092.85,1,0,0,1,0,0,0,0,1,0,0,0,0,0,0,0,0,0,0,0,1,0,0.21472425310782128
1,0,1,1,5,1,0,64.4,316.9,0,0,1,0,0,0,1,0,1,0,0,0,1,0,0,0,0,0,0,1,0,0,0.14783078030265304
1,0,1,1,48,1,1,55.8,2651.2,0,0,0,0,0,0,0,0,1,0,1,0,0,0,0,0,0,1,0,1,0,0,0.03115758715128322
0,0,0,1,25,1,0,20.05,471.7,0,0,0,0,1,1,0,1,0,1,0,1,0,1,0,1,0,0,0,1,0,0,0.05327568305326072
0,0,1,0,3,1,1,75.15,216.75,1,0,1,1,0,0,0,0,0,0,0,0,0,0,0,0,0,0,0,1,0,0,0.6510121083730638
1,0,0,0,58,1,0,99.15,5720.95,0,0,0,1,0,0,1,0,1,0,0,0,0,0,1,0,1,1,0,0,0,0,0.09759718023525009
1,0,0,0,10,1,1,56.75,503.25,0,0,0,0,0,0,0,0,0,0,0,0,0,0,0,0,1,0,0,0,0,0,0.3961811571338157
1,0,0,0,1,1,1,69.6,69.6,1,0,0,1,0,0,0,0,0,0,0,0,0,0,0,0,0,0,0,0,1,0,0.6900008741204664
1,0,1,0,71,1,1,104.15,7365.3,0,0,1,1,0,0,0,0,1,0,0,0,1,0,1,0,1,0,1,1,0,0,0.0699800683164482
0,0,1,1,65,1,1,110.8,7245.9,0,0,1,1,0,0,0,0,1,0,1,0,1,0,1,0,1,0,1,1,0,0,0.0762968682560446
1,0,1,1,5,1,1,80.15,385.0,1,0,1,1,0,0,0,0,1,0,0,0,0,0,0,0,0,0,0,0,1,0,0.6415358963385712
0,0,0,0,28,0,1,35.75,961.4,0,1,0,0,0,0,0,0,0,0,1,0,1,0,0,0,0,0,0,0,0,1,0.19109586616104207
0,0,1,1,67,1,1,69.9,4615.9,0,0,1,0,0,0,0,0,0,0,1,0,1,0,0,0,1,0,1,0,0,0,0.015357026681917883
1,0,0,0,35,1,1,89.2,3251.3,0,0,0,1,0,0,1,0,0,0,0,0,1,0,0,0,1,1,0,0,1,0,0.16685680325641827
0,0,1,1,72,0,0,55.65,3880.05,0,1,0,0,0,0,1,0,1,0,1,0,1,0,0,0,1,0,1,1,0,0,0.0050923026658055565
0,0,1,1,61,0,1,50.7,3088.75,0,1,0,0,0,0,1,0,1,0,0,0,1,0,0,0,1,1,0,0,0,0,0.019705037865967362
1,1,0,0,68,1,1,20.0,1396.0,0,0,0,0,1,1,0,1,0,1,0,1,0,1,0,1,0,0,1,1,0,0,0.0033270256364926606
0,0,1,1,1,0,0,30.5,30.5,1,1,0,0,0,0,1,0,0,0,0,0,0,0,0,0,0,0,0,0,0,0,0.3729942454188128
1,0,0,0,3,1,1,19.1,53.05,0,0,0,0,1,1,0,1,0,1,0,1,0,1,0,1,0,0,0,0,0,1,0.23731680612738382
1,0,1,1,70,1,0,98.3,6859.5,1,0,1,1,0,0,0,0,1,0,0,0,0,0,1,0,1,0,1,0,0,0,0.06823755747914091
0,0,0,1,48,0,0,45.55,2108.35,0,1,0,0,0,0,0,0,1,0,1,0,0,0,0,0,1,0,0,1,0,0,0.09206505673155904
1,0,1,1,68,1,1,101.05,6770.5,0,0,1,1,0,0,0,0,1,0,0,0,0,0,1,0,1,1,0,1,0,0,0.1336388179371419
0,0,0,0,47,1,1,103.7,4730.6,0,0,0,1,0,0,1,0,0,0,1,0,1,0,1,0,1,1,0,0,1,0,0.16503717821470765
1,0,1,1,32,0,1,36.25,1151.05,0,1,0,0,0,0,0,0,0,0,1,0,1,0,0,0,0,1,0,0,0,1,0.07045105614104148
0,0,1,1,5,1,1,49.4,232.55,0,0,0,0,0,0,1,0,0,0,0,0,0,0,0,0,0,0,0,0,0,1,0.25490031824328674
1,0,0,0,49,1,1,19.9,1022.6,0,0,0,0,1,1,0,1,0,1,0,1,0,1,0,1,0,0,1,1,0,0,0.0070048608898218715
0,0,0,0,48,1,1,107.4,5121.3,1,0,1,1,0,0,0,0,1,0,1,0,0,0,1,0,1,0,0,0,0,0,0.4633839097828272
0,1,0,0,13,1,1,82.0,1127.2,1,0,1,1,0,0,0,0,0,0,0,0,0,0,0,0,1,0,0,0,1,0,0.7678858284270436
1,0,0,0,15,1,1,19.8,309.4,0,0,0,0,1,1,0,1,0,1,0,1,0,1,0,1,0,0,0,0,0,1,0.14135237438507284
0,0,0,0,12,1,1,45.05,523.1,0,0,0,0,0,0,0,0,0,0,0,0,0,0,0,0,0,0,0,0,1,0,0.38735365017893025
1,1,0,0,67,1,1,64.55,4250.1,0,0,1,0,0,0,1,0,1,0,0,0,1,0,0,0,0,0,1,0,0,0,0.009322867458922994
1,0,0,0,9,1,0,86.25,770.5,0,0,0,1,0,0,0,0,0,0,0,0,1,0,1,0,0,0,0,0,1,0,0.5143032579979553
0,0,1,1,13,1,1,19.75,246.7,0,0,0,0,1,1,0,1,0,1,0,1,0,1,0,1,0,0,1,0,0,0,0.04425167562278333
0,0,0,0,38,1,1,89.1,3342.0,0,0,0,1,0,0,0,0,0,0,0,0,0,0,1,0,1,1,0,0,0,1,0.27846016106396854
0,1,1,0,42,1,1,95.55,3930.6,0,0,1,1,0,0,0,0,1,0,1,0,0,0,1,0,0,0,0,0,1,0,0.5487492702439536
0,0,1,0,24,1,1,75.4,1747.85,1,0,1,1,0,0,0,0,0,0,0,0,0,0,0,0,0,0,0,1,0,0,0.4626914290340447
0,1,1,0,27,1,1,101.25,2754.45,1,0,0,1,0,0,1,0,0,0,1,0,0,0,1,0,1,0,0,0,1,0,0.6020008174227176
1,0,1,1,9,1,1,102.6,897.75,0,0,1,1,0,0,0,0,1,0,1,0,0,0,1,0,1,0,0,1,0,0,0.6405416277766827
0,0,1,0,49,0,1,56.3,2780.6,0,1,0,0,0,0,0,0,1,0,0,0,1,0,1,0,1,1,0,1,0,0,0.07351765341620045
0,1,1,0,61,1,1,94.2,5895.45,0,0,1,1,0,0,1,0,1,0,1,0,1,0,0,0,0,0,0,1,0,0,0.14082965444394577
1,0,0,1,50,0,1,43.05,2208.05,0,1,0,0,0,0,1,0,1,0,0,0,0,0,1,0,0,1,0,0,0,0,0.04001958491328487
1,1,0,0,25,1,1,89.5,2196.15,1,0,1,1,0,0,0,0,1,0,0,0,0,0,1,0,0,0,0,0,1,0,0.6499142690746612
0,1,0,0,22,1,1,74.4,1692.6,1,0,1,1,0,0,0,0,0,0,0,0,0,0,0,0,0,0,0,0,0,0,0.5746713822149747
1,0,0,0,1,1,0,20.5,20.5,1,0,0,0,1,1,0,1,0,1,0,1,0,1,0,1,0,0,0,0,0,1,0.20648148093664012
1,0,0,0,4,1,1,74.35,265.35,1,0,1,1,0,0,0,0,0,0,0,0,0,0,0,0,0,0,0,0,1,0,0.711752765299204
0,1,1,0,18,1,0,99.75,1836.25,1,0,1,1,0,0,0,0,0,0,0,0,1,0,1,0,1,0,0,0,0,0,0.5991354645767047
0,1,0,0,56,1,1,111.95,6418.9,1,0,1,1,0,0,0,0,1,0,1,0,1,0,1,0,1,1,0,0,1,0,0.2967681785651237
0,1,1,0,53,1,1,94.0,4871.45,0,0,0,1,0,0,0,0,1,0,1,0,1,0,1,0,0,1,0,0,1,0,0.17591358868544804
0,0,1,0,51,1,1,98.85,4947.55,0,0,1,1,0,0,0,0,0,0,1,0,0,0,1,0,1,1,0,0,1,0,0.3423467396576796
0,0,1,1,24,1,0,64.35,1558.65,0,0,1,0,0,0,1,0,1,0,1,0,0,0,0,0,0,0,1,0,1,0,0.04976580734397174
0,0,1,0,62,1,1,72.0,4284.2,0,0,0,0,0,0,1,0,1,0,1,0,0,0,1,0,0,0,1,1,0,0,0.013627285595613745
1,0,0,0,24,1,1,49.7,1218.25,0,0,0,0,0,0,0,0,1,0,0,0,0,0,0,0,0,0,0,0,0,1,0.19262015235585161
0,0,1,1,70,1,0,80.7,5617.95,0,0,1,0,0,0,1,0,1,0,1,0,1,0,1,0,0,0,1,0,1,0,0.009657085201739054
1,0,0,1,1,0,0,24.2,24.2,0,1,0,0,0,0,0,0,0,0,0,0,0,0,0,0,0,0,0,0,0,1,0.45028766169876944
1,1,0,0,16,0,1,39.0,679.85,1,1,0,0,0,0,0,0,1,0,0,0,0,0,1,0,0,0,0,0,0,1,0.49343161133262803
0,0,0,0,8,1,1,65.45,554.45,0,0,0,0,0,0,0,0,1,0,0,0,1,0,1,0,0,0,0,0,1,0,0.3692618188135889
0,0,1,1,72,1,1,74.35,5237.4,0,0,0,0,0,0,1,0,1,0,1,0,1,0,0,0,1,0,1,0,1,0,0.008326152739904124
0,0,0,0,23,1,0,83.2,2032.3,0,0,0,1,0,0,0,0,1,0,1,0,1,0,0,0,0,0,0,0,0,0,0.27637276760421875
1,0,0,1,31,0,0,25.0,789.2,0,1,0,0,0,0,0,0,0,0,0,0,0,0,0,0,0,0,0,1,0,0,0.13998519852448527
1,0,1,1,37,0,1,40.2,1525.35,0,1,0,0,0,0,1,0,0,0,1,0,1,0,0,0,0,1,0,0,1,0,0.05358859522849281
0,0,1,0,30,1,1,94.1,2804.45,1,0,1,1,0,0,0,0,1,0,0,0,1,0,1,0,0,0,0,1,0,0,0.38081976169545134
0,1,0,0,35,1,1,108.35,3726.15,0,0,1,1,0,0,1,0,1,0,1,0,0,0,1,0,1,1,0,0,1,0,0.39213797268888645
0,0,1,1,23,1,1,69.5,1652.1,0,0,1,0,0,0,0,0,1,0,0,0,1,0,1,0,0,0,0,1,0,0,0.19394531210685464
0,0,1,1,20,1,0,76.0,1588.75,0,0,1,0,0,0,1,0,0,0,0,0,0,0,1,0,1,1,0,0,0,0,0.13745115659243878
1,0,1,0,36,1,1,93.6,3366.05,0,0,0,1,0,0,1,0,0,0,0,0,0,0,1,0,1,0,0,0,1,0,0.45655962637048847
0,0,0,0,8,1,0,95.65,778.1,1,0,1,1,0,0,0,0,0,0,0,0,0,0,1,0,1,0,0,0,0,0,0.6841927373534756
1,0,1,1,71,1,0,100.55,7113.75,0,0,1,1,0,0,0,0,1,0,0,0,0,0,1,0,1,1,0,0,0,0,0.11100441980814318
0,1,1,0,50,1,1,88.05,4367.35,1,0,1,1,0,0,0,0,1,0,0,0,0,0,1,0,0,0,0,0,1,0,0.4760785705337146
0,0,1,1,43,1,1,24.45,993.15,0,0,1,0,1,1,0,1,0,1,0,1,0,1,0,1,0,1,0,0,0,0,0.020698334860915296
1,0,0,1,57,1,0,89.55,5012.35,0,0,1,0,0,0,1,0,1,0,1,0,1,0,1,0,1,0,1,0,0,1,0.014740011902909423
0,0,1,1,41,1,1,66.5,2728.6,1,0,0,0,0,0,0,0,1,0,0,0,1,0,0,0,1,1,0,0,0,0,0.04735381038642209
0,0,1,0,27,1,1,76.1,2093.4,0,0,0,1,0,0,0,0,1,0,0,0,0,0,0,0,0,0,0,0,1,0,0.45760591090431546
0,0,0,0,13,1,1,80.5,1011.8,0,0,0,1,0,0,0,0,0,0,0,0,0,0,0,0,1,0,0,0,1,0,0.6566755308200384
1,0,0,0,3,0,1,35.45,106.85,1,1,0,0,0,0,1,0,1,0,0,0,0,0,0,0,0,0,0,0,0,1,0.40512409218535167
0,0,0,0,67,1,0,20.55,1343.4,0,0,0,0,1,1,0,1,0,1,0,1,0,1,0,1,0,1,0,0,1,0,0.0053257653937876
1,0,0,0,3,1,1,49.9,130.1,1,0,0,0,0,0,0,0,1,0,0,0,0,0,0,0,0,0,0,0,0,1,0.3708069684462441
0,0,1,0,64,1,1,105.4,6794.75,0,0,1,1,0,0,0,0,1,0,0,0,1,0,1,0,1,0,1,0,0,0,0.09982899601601233
1,0,0,0,26,0,0,35.75,1022.5,0,1,0,0,0,0,0,0,0,0,1,0,1,0,0,0,0,0,0,0,1,0,0.2167245176367857
1,0,0,0,38,1,1,95.1,3691.2,0,0,1,1,0,0,0,0,1,0,1,0,0,0,0,0,1,0,0,1,0,0,0.41074664558844565
1,0,1,0,23,1,0,19.3,486.2,0,0,0,0,1,1,0,1,0,1,0,1,0,1,0,1,0,1,0,1,0,0,0.03678802672054702
1,0,0,0,40,1,1,104.5,4036.85,1,0,1,1,0,0,0,0,1,0,1,0,0,0,1,0,1,0,0,1,0,0,0.46503751908113516
1,1,1,0,72,0,1,63.1,4685.55,0,1,0,0,0,0,1,0,1,0,1,0,1,0,1,0,1,0,1,0,0,0,0.019294943183793888
0,1,0,0,3,1,1,75.05,256.25,1,0,1,1,0,0,0,0,0,0,0,0,0,0,0,0,0,0,0,1,0,0,0.6999756386104055
1,0,0,0,23,1,1,81.0,1917.1,1,0,1,1,0,0,0,0,0,0,1,0,0,0,0,0,0,0,0,0,1,0,0.5620781157254836
0,1,1,0,1,1,1,74.45,74.45,1,0,1,1,0,0,0,0,0,0,0,0,0,0,0,0,0,0,0,0,1,0,0.7963271949906984
0,0,0,0,4,1,1,60.4,272.15,1,0,0,0,0,0,1,0,1,0,0,0,1,0,0,0,0,0,0,0,0,1,0.1997052698971374
0,0,1,0,62,1,1,84.95,5150.55,0,0,1,0,0,0,1,0,1,0,0,0,1,0,1,0,1,0,1,0,1,0,0.02831629339426362
0,0,0,0,40,1,1,93.4,3756.4,0,0,1,1,0,0,0,0,1,0,1,0,0,0,1,0,0,0,0,0,0,0,0.42609460557834544
1,0,0,0,41,1,1,89.2,3645.75,0,0,1,1,0,0,0,0,1,0,0,0,0,0,1,0,0,0,0,0,1,0,0.46537382884452183
1,1,1,0,34,1,1,85.2,2874.45,0,0,0,1,0,0,0,0,0,0,1,0,0,0,1,0,0,0,0,1,0,0,0.45524185003683193
0,0,0,0,1,1,0,49.95,49.95,0,0,0,0,0,0,0,0,1,0,0,0,0,0,0,0,0,0,0,0,1,0,0.4136072808449889
0,0,0,0,51,1,0,20.65,1020.75,0,0,0,0,1,1,0,1,0,1,0,1,0,1,0,1,0,0,1,0,0,0,0.0055319260137642896
1,0,1,1,1,1,1,70.65,70.65,1,0,0,1,0,0,0,0,0,0,0,0,0,0,0,0,0,0,0,0,0,1,0.5729775328241484
0,0,0,0,39,1,0,20.15,826.0,0,0,0,0,1,1,0,1,0,1,0,1,0,1,0,1,0,0,1,0,0,1,0.009996405745137492
1,0,1,1,12,1,1,19.2,239.0,0,0,0,0,1,1,0,1,0,1,0,1,0,1,0,1,0,0,0,0,1,0,0.18475140441976207
1,0,0,0,12,1,1,59.8,727.8,1,0,0,0,0,0,0,0,0,0,0,0,1,0,1,0,0,1,0,0,1,0,0.2019196624899788
1,0,0,0,72,1,1,104.95,7544.3,0,0,1,1,0,0,0,0,1,0,1,0,0,0,1,0,1,1,0,0,1,0,0.21208314931328992
0,1,1,0,63,1,1,103.5,6479.4,0,0,1,1,0,0,0,0,1,0,1,0,0,0,1,0,1,0,0,0,1,0,0.5002537094578483
1,0,1,0,44,1,1,84.8,3626.35,0,0,1,1,0,0,1,0,0,0,1,0,0,0,0,0,0,0,0,1,0,0,0.2222366219742907
0,0,0,0,18,1,1,95.05,1679.4,0,0,1,1,0,0,0,0,0,0,1,0,1,0,0,0,1,0,0,0,0,0,0.516267311075341
0,0,0,0,9,1,1,44.2,403.35,1,0,0,0,0,0,0,0,0,0,0,0,0,0,0,0,0,0,0,0,0,0,0.359027853739212
1,0,0,0,13,1,0,73.35,931.55,0,0,0,0,0,0,0,0,1,0,0,0,1,0,1,0,1,0,0,0,0,1,0.25284136995210815
0,0,1,0,68,1,0,64.1,4326.25,0,0,0,0,0,0,0,0,1,0,0,0,1,0,1,0,0,0,1,0,0,0,0.009092127700724909
0,1,0,0,6,0,1,44.4,263.05,0,1,0,0,0,0,0,0,0,0,0,0,0,0,1,0,1,0,0,0,1,0,0.7611975794700625
0,0,0,0,2,1,1,20.05,39.25,0,0,0,0,1,1,0,1,0,1,0,1,0,1,0,1,0,0,0,0,0,1,0.2517667476335632
1,1,1,0,55,1,0,60.0,3316.1,0,0,1,0,0,0,1,0,1,0,0,0,0,0,0,0,0,1,0,1,0,0,0.02555161546408691
1,1,0,0,1,1,1,75.75,75.75,1,0,1,1,0,0,0,0,0,0,0,0,0,0,0,0,0,0,0,0,1,0,0.7806049147203793
1,0,0,0,38,1,1,69.5,2625.25,0,0,0,1,0,0,0,0,0,0,0,0,0,0,0,0,0,0,0,1,0,0,0.26916863039284905
0,0,0,0,67,1,1,102.95,6886.25,1,0,1,1,0,0,1,0,1,0,1,0,0,0,1,0,0,0,0,1,0,0,0.1744201405343522
1,0,0,0,19,1,1,78.7,1495.1,0,0,0,1,0,0,0,0,0,0,0,0,0,0,1,0,0,0,0,0,0,0,0.535032527875978
0,0,0,0,12,0,0,60.65,743.3,0,1,0,0,0,0,0,0,1,0,1,0,1,0,1,0,1,1,0,0,1,0,0.2861756331028595
0,0,0,0,72,1,1,21.15,1419.4,0,0,0,0,1,1,0,1,0,1,0,1,0,1,0,1,0,0,1,0,0,0,0.00237399916553781
1,0,1,1,24,1,1,84.8,1990.5,0,0,1,0,0,0,1,0,0,0,1,0,1,0,1,0,1,1,0,0,0,1,0.09969484925254399
0,0,1,1,72,1,1,103.2,7362.9,0,0,1,1,0,0,0,0,1,0,1,0,0,0,1,0,1,1,0,1,0,0,0.13170442162458598
0,0,1,1,11,0,1,29.6,346.45,0,1,0,0,0,0,1,0,0,0,0,0,0,0,0,0,0,0,0,0,1,0,0.3867394525131052
1,1,1,0,4,1,1,74.4,306.6,1,0,1,1,0,0,0,0,0,0,0,0,0,0,0,0,0,0,0,0,0,1,0.7105580829102796
1,0,0,0,66,1,1,105.65,6844.5,0,0,0,1,0,0,1,0,0,0,1,0,1,0,1,0,1,0,1,0,0,0,0.049577658191213445
